20142147182018724239017152227
20143149464014428175012475122
20143624375011471095010362903
20148242004009664040008671325
20160062739025012541022382739
20160975793013976660012052477
20161722279016685740014588342
20161912124011123842009725576
20162803701007666632007051501
20163090660013977264012053081
20163462894008735333007826037
20164674054008342870007294171
20164680496012506271011191370
20164721087015985225014588342
20165248857011123828009725562
20165266219006186760005603795
20166147507022278517019823524
20166157936012373119011207189
20166200157015832281014320240
20166200432013854526012281663
20166202222025012541022382739
20166383022024312026022382739
20166623295025012541022382739
20166625093025012541022382739
20167156720034870751031338939
20167327835008337514007460913
20167336796015782714013743054
20167537848016675028014921826
20168023171011375300010273169
20168206667022278517019823524
20168429402025012541022382739
20168580984025012541022382739
20168605138014879688012897766
20168848448025012541022382739
20168851678014879688012897766
20169728853025012541022382739
20169996467039999947036037061
20170427859013276145012052477
20170588321002212691002008746
20170729146025012541022382739
20170805152020136314018099206
20170805977025012541022382739
20171239134025012541022382739
20171243611016675028014921826
20171396086020136314018099206
20171396760029381132025784985
20171398518020911504018543916
20171612714014852345013215683
20171649715015782735013743075
20171705968014879688012897766
20171839646022143811019697431
20171876878032359599029540951
20172153020010311265009339656
20172155082028061896024862367
20172960708013977663012053480
20172965866025012541022382739
20173225319016634711014588342
20173302003015782714013743054
20173453532011719095009939257
20173705221025012541022382739
20173933593025012541022382739
20173965649016685740014588342
20174248045022999893021154502
20174295795021438307019692761
20174563129014879688012897766
20174679631015782714013743054
20174679852015985225014588342
20174682136010816069009093969
20174837296009913042008248681
20174893382025012541022382739
20174982342015985225014588342
20174984086023645528021103131
20175024183032186093028817085
20175118374025012541022382739
20175141511016685740014588342
20175142364028061040024861511
20175242865015985225014588342
20175262114025012541022382739
20175484656025012541022382739
20175538551013074231011207786
20175622242026529226023802449
20175622838025012541022382739
20175638106014879688012897766
20175747517036590352033501196
20175747894024312026022382739
20175841769025012541022382739
20176191865016685740014588342
20176581612015361588014004579
20176707829015985225014588342
20176753529032373661028242664
20176753588016685740014588342
20176754126039999947036037061
20176772728012374122011208192
20176774836014879705012897783
20176784807016685740014588342
20176801469025012541022382739
20177314774025012541022382739
20177355004014179769012898362
20177390381025012541022382739
20177390799015985225014588342
20177442195024932294022382739
20177574156025828711023802449
20177649172014879688012897766
20177649245025012541022382739
20177649261012373145011207215
20177791629010567067009516613
20177791742025012541022382739
20177792501022118887019674102
20177792838022905100021065770
20177792919009461529007826037
20178065085025012541022382739
20178404831010567067009516613
20178405900013074231011207786
20178909380022118866019674081
20179089425013904784012156952
20179089565030099539027425396
20179089697039299432036037061
20179109582030100542027426399
20179118328025012541022382739
20179120411013935136012052477
20179121191023749422021481361
20179234816016685740014588342
20179319587013976660012052477
20179319943025012541022382739
20179611482026529226023802449
20179667879025012541022382739
20179668085016685740014588342
20179668298025012541022382739
20179669790011244336010150579
20179672503016685740014588342
20179914647025012541022382739
20180117165013525147011629833
20180370626025012541022382739
20180374079011398119010232189
20180405012012373119011207189
20180410156020911504018543916
20180410369022278517019823524
20180410539023131190020449922
20180577646026529226023802449
20180907751016686742014589344
20180981137016685740014588342
20181012693025012541022382739
20181013134023605615021065770
20181023059013073652011207207
20181023539014179173012897766
20181024128021578002019823524
20181176106002008746002008746
20181548682009461529007826037
20181838931025012541022382739
20181845148025012541022382739
20181905639015985225014588342
20181976595016234227014165698
20182005569007992613007294171
20182119084015985225014588342
20182119858025012541022382739
20182286436016685740014588342
20182540855025012541022382739
20182602486001954418001839845
20182805212010567067009516613
20183126114021438307019692761
20183721446025012541022382739
20183768086012170608010361901
20183768167024388904021798976
20183768248013904784012156952
20183768310025013543022383741
20183891139024651445022325646
20184060699025012541022382739
20184405424025012541022382739
20184410584011268584009517615
20184490693002062354001868032
20184687845016675028014921826
20184715822015985225014588342
20184782368025012541022382739
20184785170016685740014588342
20184795419024312026022382739
20185150144025012541022382739
20185393160010567067009516613
20185426700021348257019674081
20185427146039299432036037061
20185592856025012541022382739
20185893252016685740014588342
20185917895025012541022382739
20185942717013384856012897921
20186038984016685740014588342
20186170661025012541022382739
20186204973023749422021481361
20186464282023605615021065770
20186671040012373320011207390
20186681542025828711023802449
20186921438039999947036037061
20187442096025012541022382739
20187574278026529226023802449
20187774382010115554009093969
20200047800012373975011208045
20200596987013276543012052875
20200606982024312026022382739
20200661495011267582009516613
20200726775025012541022382739
20201280835016685740014588342
20201511675003940922003517189
20201519277025281952022634924
20201519935016685740014588342
20201523967011267582009516613
20201525323024312026022382739
20201525714016685740014588342
20201534497025012541022382739
20201534594025012541022382739
20201536228024312026022382739
20201536724030972631028242664
20201542392012373975011208045
20201543763021443296019697431
20201553580026529226023802449
20201557063025012541022382739
20201557209021418351019674081
20201561877025012541022382739
20201566399016685740014588342
20201570019015985225014588342
20201574146023645528021103131
20201588716025012541022382739
20201628130026529226023802449
20201706379021443451019697586
20201707316022278517019823524
20201905916018955778016713237
20202673210008309501007403393
20203071427013976660012052477
20203071753013977663012053480
20203072075002062330001868008
20203271108024312026022382739
20203271388022946015021104133
20203337222023645528021103131
20203337419025012541022382739
20203349719024329035021742935
20203536411025012541022382739
20203791616012373119011207189
20203972408016685740014588342
20204204048015985225014588342
20204220264025012541022382739
20204792950020137316018100208
20204793671014879688012897766
20204866423022279213019824220
20205060236025012541022382739
20205060783012374122011208192
20205134450025012541022382739
20205380893024312026022382739
20205504045025012541022382739
20205577735025012541022382739
20205640100023605615021065770
20205640631014879951012898029
20205781421025012541022382739
20205782762025012541022382739
20205794426025012541022382739
20205898140026529226023802449
20205911112025012541022382739
20205912771036387841032655908
20205947494023605615021065770
20205947931015782714013743054
20206026759024312026022382739
20206048515020781788018422494
20206054221014879688012897766
20206129221012374122011208192
20206271745025012541022382739
20206349566016685740014588342
20206382482015985225014588342
20206583232024312026022382739
20206603934024407983022097815
20206728672026529226023802449
20206809699026457498024016223
20206809893023314207021448719
20206821354025012541022382739
20207190528021443296019697431
20207289222025012541022382739
20207324664025012541022382739
20207324923011922608010785547
20207326500021418351019674081
20207578224014879688012897766
20207600637024312026022382739
20207602877016685740014588342
20207773264025012541022382739
20207985997016685740014588342
20208577051023605615021065770
20208875591011267582009516613
20208980158016685740014588342
20208981049014879688012897766
20208981588016685740014588342
20209000416013881868011963746
20209166497009664040008671325
20209596459010568069009517615
20209597854022434161020187792
20209599059028061040024861511
20209599830025012541022382739
20209826683014879688012897766
20210182102025012541022382739
20210530275013073634011207189
20210695290024312026022382739
20211005123016685740014588342
20211124513012374122011208192
20211126834009664040008671325
20211204037002212834002008889
20211394316012373975011208045
20211598019013073634011207189
20211706954025012541022382739
20213308700013073634011207189
20213333047016685740014588342
20213393511023748419021480358
20213397681008761014007826037
20213400046012373119011207189
20213407660020911504018543916
20213415574023646530021104133
20213417712013977602012053419
20213418328015518215014588342
20213422716012373119011207189
20213422961022278517019823524
20213424956012374121011208191
20213426169022278539019823546
20213432991016685740014588342
20213434641026529226023802449
20213435257023605615021065770
20213439236020911504018543916
20213439589011921606010784545
20213442032016685740014588342
20213450884028761555024861511
20213452429022642882019789782
20213454839024312026022382739
20213455959023645528021103131
20213911466016710685014611692
20215393950025012541022382739
20215478786025012541022382739
20215576222013976924012052741
20215628621022278539019823546
20216090862023749422021481361
20216313217037904526034075618
20216317247010567085009516631
20216321546024388904021798976
20216326491022143811019697431
20216328796013976660012052477
20216429436025012541022382739
20216786379015985225014588342
20216788975022278539019823546
20216869436024312026022382739
20216931239025012541022382739
20217011451021578002019823524
20217012083025012541022382739
20217090815025012541022382739
20217258813012170630010361923
20217455368010568069009517615
20217679967025012541022382739
20217836728025828711023802449
20217863555025012541022382739
20217966451013935400012052741
20218220658025012541022382739
20218248862011267582009516613
20218299351014428174012475121
20218305556016685740014588342
20218710523015782735013743075
20218970533025012541022382739
20218972560025012541022382739
20219063157022999893021154502
20219100052025012541022382739
20219100125011173791009428883
20219100966025012541022382739
20219135794022278517019823524
20219274255013728662012476124
20219426489016685740014588342
20219427566014784895012809034
20219481587025012541022382739
20219482001028061040024861511
20219681985002062187001867865
20219685115011471095010362903
20219685158008666221007737305
20219696834025012541022382739
20219756276023748501021480440
20219872861014179574012898167
20219915730025012541022382739
20220089151016685740014588342
20220259219014879688012897766
20220277993016685740014588342
20220418058023749422021481361
20220493866010816069009093969
20220701310025012541022382739
20221047010025012541022382739
20221185995024312026022382739
20221423799020911504018543916
20221428251022278517019823524
20221691262012824632011629833
20221691319010115554009093969
20221780842024312026022382739
20221953305022278517019823524
20222117683016685740014588342
20222149313012373119011207189
20222185719022118866019674081
20222273138020836851018099228
20222300003013276551012052883
20222399921025618251022777965
20222399956011675202011208192
20222420246016062103014004579
20222420467013277148012053480
20222429774009664040008671325
20222430233010115554009093969
20222435227018724239017152227
20222436118020137316018100208
20222489297023688389021798976
20222489718013074490011208045
20222713987012170608010361901
20222742138015985225014588342
20222742235022945013021103131
20222796432016685740014588342
20223082565010567085009516631
20223473459012374122011208192
20223522085021595010019183720
20223991018012374122011208192
20224055774025012541022382739
20224151013025012541022382739
20224185260014428175012475122
20224221941013073634011207189
20224323868015985225014588342
20224539666016686011014588613
20225283495026529226023802449
20225771880008337514007460913
20225995320013977257012053074
20225996025012374122011208192
20225996998025555475023171938
20226178709010567067009516613
20226245619016685740014588342
20226245740016685740014588342
20226620134024329035021742935
20226773755025012541022382739
20226773895023646530021104133
20226877623015985225014588342
20227220261025012541022382739
20227633426013728662012476124
20227633434025012541022382739
20227633469022278517019823524
20227633752015782714013743054
20227671026015985225014588342
20227709066025012541022382739
20227709473011267582009516613
20227830159020911504018543916
20227830205012374122011208192
20228064638010142174008634918
20228388700015782714013743054
20228389057010008977008671325
20228445305025012541022382739
20228867676013073634011207189
20228970620014428175012475122
20228970736016685740014588342
20229078551010138799008460003
20229098331022278517019823524
20229099036012373119011207189
20229560132013976660012052477
20229693272014879688012897766
20229951360024329035021742935
20230209600016685740014588342
20230390895015985225014588342
20230401722024312026022382739
20230412740025012654022382852
20230421235013276145012052477
20230428388008761014007826037
20230483303013276451012052783
20230485195014179173012897766
20230822361000845158000845158
20231352571005561914004862781
20231376098022278517019823524
20231376365025012541022382739
20231393820014428175012475122
20231546775012171610010362903
20231613243024329035021742935
20231614959010115554009093969
20231626248023645528021103131
20231722085022845393020635070
20232127873013276145012052477
20232821729025012541022382739
20232906031013526149011630835
20232946890011470093010361901
20232983095001783541001679894
20232983354011921606010784545
20232983591010115554009093969
20233207137019544492017264309
20233216225024543727021569090
20233216454021595010019183720
20233351106012170608010361901
20233386775012527328010695813
20233578372002103687001797424
20234101588011471095010362903
20234102673016063105014005581
20234181220010115554009093969
20234320441025012541022382739
20234961501016685740014588342
20234989767009664040008671325
20235554020024329035021742935
20235556635010115554009093969
20236001394025012541022382739
20236217613015782714013743054
20236217788025012541022382739
20236258573013976660012052477
20236359698015985225014588342
20236546358010816069009093969
20236554415010567085009516631
20236843530025012541022382739
20236876307016685740014588342
20236906796022278517019823524
20237190484014180175012898768
20237191693011267582009516613
20237206267013525147011629833
20237274378025012541022382739
20237400500024312026022382739
20237403569025012541022382739
20237406797011719095009939257
20237407173012374121011208191
20237407874025012541022382739
20237789092009212527008248681
20237856520013073634011207189
20237856709012374122011208192
20237860447002329443002008746
20238007179013276145012052477
20238007594012374121011208191
20238008809022278517019823524
20238047901007210119006871536
20238093105012622121010784545
20238110204025012541022382739
20238286760025012541022382739
20238899185011471095010362903
20238995664009664040008671325
20239200266014180175012898768
20239211314010923787009850525
20239272984011267582009516613
20239347976011944851010150579
20239353364016685740014588342
20239353518016234227014165698
20239629920013073634011207189
20239732551013976660012052477
20239761535020136332018099224
20239766030022846395020636072
20239945571012170608010361901
20240033713013073634011207189
20240051347010567067009516613
20240055660010567067009516613
20240061466025012541022382739
20240121000011018580009939257
20240139503010567085009516631
20240630061026255009023170956
20240631785013977663012053480
20240682940014179173012897766
20240745020015985225014588342
20241476090025012541022382739
20241682448014179173012897766
20241898645015782714013743054
20241899692002068335001946478
20242019068012170608010361901
20242019297013976660012052477
20242213840011267582009516613
20242335121009664040008671325
20242404409023693918020773670
20242404875022278517019823524
20242405057011268584009517615
20242607342014428174012475121
20242612931011267582009516613
20242799942014879709012897787
20243116520025012541022382739
20243116970024448934021480358
20243462224010568069009517615
20243691924015782714013743054
20243763186010568069009517615
20243763682019951103017644922
20243796629023748419021480358
20243831254014879688012897766
20244234756015985225014588342
20244293698025012541022382739
20244320970015783111013743451
20244445803014880383012898461
20244512144008535258007614715
20244843132015782714013743054
20245129042016685740014588342
20245129131015782748013743088
20245197153001840502001733213
20245206349014879688012897766
20245783494011470093010361901
20245785098011470111010361919
20245786531014879688012897766
20246593303007632231006769427
20246678066025012541022382739
20246855944010567067009516613
20247026860031384779027972799
20247126466010567067009516613
20247128000013976660012052477
20247260014025012541022382739
20247328476025012541022382739
20247328530011267582009516613
20247328999012171610010362903
20247329979012623123010785547
20247469266009212527008248681
20247473689033519375029970864
20247570137012373119011207189
20247750690014179570012898163
20247940635016685740014588342
20248074931005735548005181452
20248131161024312026022382739
20248404141013976660012052477
20248992795014879951012898029
20249016994022642882019789782
20249489477012622121010784545
20249507300022845393020635070
20249508854014429177012476124
20249566889014428174012475121
20249569764009664040008671325
20249672700013977257012053074
20249676595012622121010784545
20249896668024329035021742935
20249896862022279519019824526
20249896951011921606010784545
20250040564020211992018544919
20250086076021595010019183720
20250200316013904784012156952
20250279710010361901010361901
20250360844016685740014588342
20250637056022279519019824526
20250637218013074637011208192
20250750375016685740014588342
20250959037013976660012052477
20250990031014879688012897766
20251081272011267582009516613
20251140694011268584009517615
20251248991016234227014165698
20251599506025012541022382739
20251631795013073634011207189
20251689483012171610010362903
20251723525022279519019824526
20251723568013074637011208192
20251723606009919793008598511
20251723703014879713012897791
20251723975015782714013743054
20251743321013976660012052477
20251820474014879688012897766
20251866326011123828009725562
20251866709022279519019824526
20251866946025067421022434110
20251909408020911504018543916
20252009192020289067017789521
20252080512025012541022382739
20252080709013976660012052477
20252176390012374122011208192
20252177206018068722015882962
20252177362010268662009096830
20252177427009461529007826037
20252177648025012541022382739
20252177915012623123010785547
20252255096025013543022383741
20252346954009212527008248681
20252708961021942366019789782
20252760475025012541022382739
20252816462011470093010361901
20252816470002329611002008914
20252816756012170608010361901
20252909428014179570012898163
20252909533015985225014588342
20252909746024312423022383136
20253018322001911850001727151
20253113627033654214030097090
20253333473023749422021481361
20253337711013276145012052477
20253488035011018580009939257
20253577410021595010019183720
20253577836014428192012475139
20253680734023645528021103131
20253828847020911504018543916
20254080986012622121010784545
20254081222014879688012897766
20254241009011921606010784545
20254383776012171610010362903
20254460703012373119011207189
20254465489026529226023802449
20254465632013976660012052477
20254705544010816069009093969
20255013816012374122011208192
20255016475010568069009517615
20255170180012373119011207189
20255174046010568069009517615
20255291239020911504018543916
20255357175011922608010785547
20255948904003823699003454301
20255961129010115554009093969
20256442281022278517019823524
20256444381010521810009162036
20256659221018068722015882962
20256680158013073652011207207
20256680530012374121011208191
20256680735022278517019823524
20256799546015534568014166554
20256933803035688328032656910
20257000819012374122011208192
20257095240010567101009516647
20257096654010568069009517615
20257099777011471095010362903
20257300898013977663012053480
20257301746032518797029034245
20257417760014179173012897766
20258186959012622121010784545
20258285361013073801011207356
20258364016013074636011208191
20258596367019544492017264309
20258609086020911504018543916
20258807082014879688012897766
20258808070013074330011207885
20259122393013976660012052477
20259260044023645528021103131
20259260087009212527008248681
20259261075013525147011629833
20259646058009212527008248681
20259646198022962023020463328
20259646368011018580009939257
20259723907015782714013743054
20259867216013277148012053480
20260138872011719095009939257
20260401352010115554009093969
20260402421015985225014588342
20260599683013073634011207189
20260785673011267582009516613
20260786076013073634011207189
20260786416014879688012897766
20260786637021537366018099228
20260814312012170608010361901
20260814401012622121010784545
20260976355024329035021742935
20260976991013976660012052477
20260990048009664040008671325
20260991958011922608010785547
20261089190012374121011208191
20261253764021595010019183720
20261376394015782714013743054
20261435080013073634011207189
20261547636010472274009427881
20261589681026955501023170934
20261619971008761014007826037
20261895715022278517019823524
20261896916014879709012897787
20262094783016685740014588342
20262105157010364555008671325
20262105645011470093010361901
20262525490011470093010361901
20262527957012374122011208192
20262622739016685740014588342
20262622992014879688012897766
20262765041025012541022382739
20262793177014428175012475122
20262917917013976660012052477
20263290187010364555008671325
20263468628013976660012052477
20263469306014179173012897766
20263819986020911504018543916
20263857241012171610010362903
20263948514023645528021103131
20263948565015083201013744056
20263967152011267582009516613
20263968884020227998017904113
20264109796014879705012897783
20264109842013976660012052477
20264280541014179173012897766
20264386390023645528021103131
20264386420011470093010361901
20264392595014428175012475122
20264489459012622121010784545
20264489572013727660012475122
20264489742016685740014588342
20264497230014987406013654322
20265029117014879688012897766
20265029230020911504018543916
20265029311013073634011207189
20265300147021595010019183720
20265311289001186305001120844
20265648933019544492017264309
20265976892013976660012052477
20266361034012170608010361901
20266467959011172789009427881
20266472561025012541022382739
20266553952013976660012052477
20266558520025554471023170934
20266912758024312026022382739
20266951192014879688012897766
20267242624016234227014165698
20267293393016685740014588342
20267636347037088356032655908
20267702099011267582009516613
20267702226016234227014165698
20267810207010115554009093969
20267954055012170626010361919
20267991821023628520021742935
20267991937027159016024017225
20268376209009664040008671325
20268522639013234621012052477
20268559044023605615021065770
20268559559014428175012475122
20268559575013528523011804749
20268905473010567067009516613
20269553651009664040008671325
20269641100022278517019823524
20269931230022278517019823524
20270101055010115554009093969
20270214100034553309031594462
20270375295010364555008671325
20270475699013073634011207189
20270479228021595010019183720
20271691107022278517019823524
20271691832016685740014588342
20272159735025150146021481055
20272216755012373119011207189
20272932388025012541022382739
20273010220012171610010362903
20273359835020682621018610582
20273909703021739855018944494
20273911007008761014007826037
20273924389010816069009093969
20273924680008309501007403393
20273931431008761014007826037
20273967266012374121011208191
20274154145010567067009516613
20274484889014880690012898768
20274855801002068335001946478
20274956594014879688012897766
20275066754011471095010362903
20275220850012170630010361923
20275422003012170608010361901
20275819302010364555008671325
20276080599009664040008671325
20276086856014879688012897766
20276100468011267582009516613
20276103114014879688012897766
20276155084008309501007403393
20276512375010816069009093969
20276626974021739873018944512
20276737776022278517019823524
20276791134010364555008671325
20277491878010816069009093969
20277530474013525147011629833
20277584132013977663012053480
20278404383010567067009516613
20278529348022278517019823524
20278682014014879709012897787
20278720943011267582009516613
20279039190014879688012897766
20279039263013074636011208191
20279058241013073634011207189
20279069545010364555008671325
20279078811013525147011629833
20279087810012170608010361901
20279174306014880690012898768
20279363850014879688012897766
20279646291013976660012052477
20279804962025012541022382739
20280387186012170608010361901
20280489949009212527008248681
20281251946012170608010361901
20281252101013073634011207189
20281392841010115554009093969
20281436326009479417008560974
20281437551020136314018099206
20281437853008309501007403393
20281763483010567067009516613
20282118050025554471023170934
20282457866002680075002347348
20282463491020136314018099206
20283548784012170608010361901
20283671861027008359024407053
20283766579012170608010361901
20283914640010816069009093969
20284006543023645528021103131
20284051263013976660012052477
20284587570021942367019789782
20284686420014428949012475896
20284758626012622121010784545
20284803672013276145012052477
20285306451013525147011629833
20285357439025012541022382739
20285357870025012541022382739
20285357986012170608010361901
20285771537013976660012052477
20285874875013073634011207189
20285949662014879688012897766
20285950334021595010019183720
20285951772014428175012475122
20286378383019544492017264309
20286444424011719095009939257
20286748148011018580009939257
20287156031008106990006558105
20287241810010581645009467791
20287247606013074636011208191
20287369981012170608010361901
20287543531010115554009093969
20287544120014428175012475122
20287985461023748419021480358
20288709662009461529007826037
20288780790010567067009516613
20289008900009212527008248681
20289177885010568069009517615
20289189387011719095009939257
20289189506010115554009093969
20289189743010115554009093969
20290061912010472274009427881
20290125759014428175012475122
20290512973013976660012052477
20290525757010115554009093969
20290688184020911504018543916
20291448411019544514017264331
20291499725010567067009516613
20291499849012622121010784545
20291675817009461529007826037
20291779353012622121010784545
20292312971014879688012897766
20292374497014879688012897766
20292389818012622121010784545
20292851813013976660012052477
20292899042012170608010361901
20293422886010816069009093969
20293842877011267582009516613
20293844373012170608010361901
20293968536010816069009093969
20294094831021595010019183720
20294485474012824632011629833
20294516094021595010019183720
20295341190010923787009850525
20296036227014879688012897766
20297168437010567067009516613
20297293398019731291016408630
20297788710010116556009094971
20297821882011018580009939257
20297873203010115554009093969
20298109590010816069009093969
20298142156011267600009516631
20298143004011921606010784545
20298149428013525147011629833
20298447712014428175012475122
20298801710015985225014588342
20299179754014879709012897787
20299308384013276145012052477
20299308570011268584009517615
20300883665011719095009939257
20301070358010364555008671325
20301070641013073634011207189
20301478691013276145012052477
20301772689013525147011629833
20302080780009992963009093969
20303181416010816069009093969
20303182404011921606010784545
20303198106011267582009516613
20303423762013073634011207189
20303553879009664040008671325
20303726269010364555008671325
20303728105012170608010361901
20303973819011267582009516613
20304406616010567067009516613
20305777111011018580009939257
20305777553010816069009093969
20305778312011018580009939257
20305778584013976660012052477
20305901459013976660012052477
20306063678020911504018543916
20306846532009664040008671325
20307702100010567067009516613
20307729076011267582009516613
20308329330013525147011629833
20308726925010246517009216559
20308811507020912507018544919
20309737874003522357003172205
20311206940009913042008248681
20311578112014428175012475122
20311689054013073634011207189
20312138302015782714013743054
20312486262013976660012052477
20312500273013073634011207189
20312967902018330261016408630
20313367127013276145012052477
20313588980014428175012475122
20314745184020911504018543916
20314907796018860985016624505
20315067171013976660012052477
20315098468009212527008248681
20315798109012170608010361901
20315989559010364555008671325
20316212922009664040008671325
20318376639009212527008248681
20319065181011018580009939257
20319065378009913042008248681
20319726838014759949012785683
20319769146012622121010784545
20319769766011267582009516613
20319909282011267582009516613
20319911341020911504018543916
20320608903009664040008671325
20321320369011719095009939257
20322072156019931309017251583
20322772778014428175012475122
20323648337011267582009516613
20324160214011267582009516613
20325061481010816069009093969
20325066483013976660012052477
20325068087009913042008248681
20325068346014428175012475122
20325089815013976660012052477
20325240319009461529007826037
20325399806013525147011629833
20326057232010364555008671325
20326639215014880690012898768
20326639401013525147011629833
20326639703013073634011207189
20326640396020911504018543916
20326641007014179173012897766
20326827704009212527008248681
20327130774013073634011207189
20327997123013976660012052477
20330621118019544492017264309
20330621363016685740014588342
20330622890017135212015664800
20330633507010364555008671325
20330886995019176717016408630
20330997282017493973015344898
20331370070018330261016408630
20331421791009461529007826037
20331804763013525147011629833
20332077016009913042008248681
20332077261012622121010784545
20332077601020227998017904113
20332077644011267582009516613
20332079930013525147011629833
20332103394013073634011207189
20333518342013976660012052477
20333850487012824632011629833
20333857252008761014007826037
20334516130013525147011629833
20334516688009461529007826037
20334516807008309501007403393
20334535054010364555008671325
20335498209010364555008671325
20336219141013073634011207189
20336221146009212527008248681
20336258333009461529007826037
20336258619011719095009939257
20336350698009913042008248681
20336381941008463710006892017
20336383596012622121010784545
20336394059013976660012052477
20336477019013976660012052477
20336477396013525147011629833
20337754350011018580009939257
20338872020022279213019824220
20338873701013525147011629833
20338888016013073634011207189
20338888318019544492017264309
20338888946010115554009093969
20339586048013525147011629833
20339586455013073634011207189
20339586463013525147011629833
20339950661010364555008671325
20340097514010567067009516613
20341033749010816069009093969
20341054304011267582009516613
20341689164010364555008671325
20341721262012824632011629833
20342417443013073634011207189
20343145773009664040008671325
20344098507008761014007826037
20346939282011719095009939257
20347888061010816069009093969
20348788486008761014007826037
20349190282010816069009093969
20349197155012527328010695813
20349252237008761014007826037
20349256127008761014007826037
20349256909008012197006469373
20349266890008915223007314661
20350525565020634318017253918
20350538055010816069009093969
20350539671013073634011207189
20351777851010115554009093969
20352148939009913042008248681
20352518701010364555008671325
20352865169009461529007826037
20353763378009461529007826037
20354766362001612665001519943
20357382549008761014007826037
20357387311008761014007826037
20357392560010364555008671325
20357395063019731291016408630
20357395640019030776016408630
20357395810013073634011207189
20357397961019544492017264309
20357402418009461529007826037
20357407819013073634011207189
20357453721020227998017904113
20357465053018860985016624505
20357466777021595010019183720
20358427082009461529007826037
20358429263009010016007403393
20358453393013073634011207189
20358456597011267582009516613
20358457550008761014007826037
20358457984013073634011207189
20359137088010567067009516613
20359137142009461529007826037
20359174005009212527008248681
20361366310015782714013743054
20361751486008761014007826037
20362283796011267582009516613
20365168904011267582009516613
20365173142011267582009516613
20365178764009461529007826037
20365190098010816069009093969
20365908142008309501007403393
20366382268009461529007826037
20366398180009461529007826037
20366398687009010016007403393
20366404482007300846006521698
20366404563010364555008671325
20366404709010364555008671325
20366416332008309501007403393
20366418092019544492017264309
20366418289009461529007826037
20366422170011944851010150579
20367135493012622121010784545
20371288903000979361000927132
20371313088009010016007403393
20374419103013276145012052477
20374441419009461529007826037
20375290465000877397000831687
20375422213013073634011207189
20376533485013525147011629833
20377022921012622121010784545
20379554785009010016007403393
20380529670011719095009939257
20381128777008106990006558105
20381130984013073634011207189
20381141811017224724014718054
20381142311009913042008248681
20383679878012622121010784545
20383689423011890485010443200
20385591528009461529007826037
20386419605009461529007826037
20386419893010269762008582593
20394492362007632231006769427
23120750704000944909000944909
23123871499008805890007930511
23125020844011471095010362903
23140789704015678939014068754
23144126459014879688012897766
23146370209012373119011207189
23148287694014879688012897766
23160077689016477002014589344
23164277259014879688012897766
23164477274022642882019789782
23164675904001761181001586105
23165913264013977663012053480
23166579104013321021012156952
23166597994012399758010748156
23167337414021595010019183720
23168580584011470093010361901
23168847769025012541022382739
23169346569016675028014921826
23170665864013976660012052477
23175638369016685740014588342
23176557974010269762008582593
23176872489032945365029433539
23177279854009212527008248681
23177698679015782714013743054
23178351524004357879003735730
23178898299025012541022382739
23179108569025012541022382739
23179109344011719095009939257
23179109689016686742014589344
23180384189015985225014588342
23180404074010567085009516631
23180625909002212834002008889
23181600829021418351019674081
23181905549013276145012052477
23182145564015800273014103002
23182501204026553293024105957
23182621064008337514007460913
23182905364012373716011207786
23183003844007381271006565811
23183721224010568069009517615
23184513994018664601017153229
23184687984027763999023927755
23184952904002068335001946478
23185150089025012541022382739
23185162974016685740014588342
23185184854016188015014294242
23185754774013074231011207786
23186118774002055794001867865
23187343194026611707023504847
23201525489025012541022382739
23201528879018177497015984719
23201530024014428175012475122
23201555809025012541022382739
23201577934010816069009093969
23202606954013276301012052633
23202674704011470093010361901
23202675794009117734008159949
23203074484012373119011207189
23203270984023749422021481361
23203536364012373383011207453
23203938934010816069009093969
23204035164022278517019823524
23204226474016234227014165698
23204602549025012541022382739
23205008144009913042008248681
23205194134012374122011208192
23205194754030099539027425396
23205357254013976927012052744
23205639764035320175031656507
23205642544028062043024862514
23206501294018725241017153229
23206642394010567067009516613
23206728264025012804022383002
23206728884011267582009516613
23207327654011471095010362903
23207395234016685740014588342
23208058444011268584009517615
23208981374020537322018193659
23209000024017427235015563342
23209003244020676139018604579
23209006324010568069009517615
23209167344013073634011207189
23209598124001452615001374780
23209603624026255990023171937
23211210354021507465019823641
23211804319014879688012897766
23211814179024312026022382739
23213394924009182150008282714
23213395394011376303010274172
23213396714012374122011208192
23213399659012374122011208192
23213406604013277148012053480
23213407864011471095010362903
23213409344020210989018543916
23213411594021443694019697829
23213422324010567067009516613
23213453114025150452021481361
23215972194025012541022382739
23216310454023749422021481361
23216311574012374122011208192
23216311809024312026022382739
23216312244012374122011208192
23216319214010568069009517615
23216426444036387841032655908
23216427033012373119011207189
23217257719013073656011207211
23217488974012374122011208192
23217500044021419353019675083
23217917034024449937021481361
23217919894010816069009093969
23217996724016685740014588342
23218401414011100815009298169
23219101414009914044008249683
23219101449015236408013231678
23219319584025012541022382739
23219684304021419214019674944
23219756364024312026022382739
23220258424011268584009517615
23220320804011470093010361901
23220893154014879705012897783
23221192974025012541022382739
23221770714010364555008671325
23221870484022278517019823524
23221910184023748419021480358
23222421764022278517019823524
23222433304014879688012897766
23222435099025012541022382739
23222997844013977663012053480
23223314864025012541022382739
23223364284023605615021065770
23223523099003058610002883826
23223576494024652448022326649
23223932614016685740014588342
23224050054012374121011208191
23224055994023749422021481361
23224151314013976682012052499
23224151454013074637011208192
23224287364010115372009516613
23224400934021418351019674081
23224401094012374122011208192
23224450214021419353019675083
23224851804010923787009850525
23225283214017925239014718054
23225561419022278517019823524
23225721394012068784010922313
23226113924013073634011207189
23226171789025012541022382739
23226183264010567067009516613
23226426124012374122011208192
23226681779025012541022382739
23226698671016685740014588342
23226811044032988322028818088
23226813144009212527008248681
23226917764012623123010785547
23227053119025012541022382739
23227221534023749422021481361
23227224169011267582009516613
23227225874028761556024861512
23227470194023749422021481361
23227671114012170608010361901
23227671424036387841032655908
23228200824012622121010784545
23228323144010567390009516936
23228566284009913042008248681
23228641014018725241017153229
23229099914009913042008248681
23229159674011470093010361901
23229761439025012541022382739
23230034214014879688012897766
23230350264012374122011208192
23230414874021943369019790784
23230429219011267582009516613
23230485674002062354001868032
23230511799024312026022382739
23231180834013276543012052875
23231580794009212527008248681
23231640304025012541022382739
23232139404014879688012897766
23232742534012373119011207189
23232984864013073634011207189
23233207209021418351019674081
23233739154012374122011208192
23234111469011470093010361901
23234868454013181353011963746
23234984659012373119011207189
23235297949019233288017253918
23235773384023645528021103131
23235773414014879709012897787
23235840774009664040008671325
23236151964020911504018543916
23236305244011470093010361901
23237406389025012541022382739
23238081734023749422021481361
23238082854016810467014705094
23238269504027158014024016223
23238523214009212527008248681
23238866804013437505012141052
23238869064012373119011207189
23239767869024312026022382739
23239818633020836829018099206
23240102129026529226023802449
23240139944010567067009516613
23240639459040700462036037061
23240646994011268584009517615
23240683334012373119011207189
23240879719013976660012052477
23240901684023546910020636072
23241058514010115554009093969
23241331644025012541022382739
23241584194013073634011207189
23241682145011267582009516613
23241898059026529226023802449
23241898229012170608010361901
23241980944014646265013272589
23242776534011471095010362903
23243404924004425383004017493
23243467349020911504018543916
23243774179013976660012052477
23243987849013976660012052477
23244503659013277148012053480
23244660274031673146028242664
23244660444013074636011208191
23245786964010567067009516613
23246963584012374122011208192
23247333754038894409034346485
23247669094012373119011207189
23247669779014879688012897766
23248390484015985225014588342
23248402644010568069009517615
23248404604022846395020636072
23248599014012374121011208191
23248834854025554869023171332
23249444294007406475006558105
23249557064011018580009939257
23250086814018262375015876764
23250279469026529226023802449
23250750544014879688012897766
23251168814011470093010361901
23251597669010568069009517615
23251683794010816069009093969
23251688664034280672031339211
23251847843009913042008248681
23251848009013277148012053480
23252079459013074637011208192
23252141154011922010010784949
23252176144012623123010785547
23252437754024312026022382739
23252437789025012541022382739
23252708944022541890020351026
23252817344001159161001022577
23252817689010364555008671325
23252817794012374122011208192
23252817824024247425020636072
23253338024010567067009516613
23254704504012171610010362903
23255200704020137316018100208
23255206184012978841011118457
23255842994025351961022325647
23257366804021943369019790784
23257619109010455752009271958
23257685934031673146028242664
23257801934006186748005603783
23258109384022278517019823524
23258878639015782714013743054
23259467314008761014007826037
23260038974013976924012052741
23260230484010567067009516613
23260286234011471095010362903
23260340964008012197006469373
23260402994009212527008248681
23260785834022846395020636072
23261255804013526149011630835
23261558254010816069009093969
23261635054009664040008671325
23261896354013276145012052477
23262308944015782714013743054
23262413594009664040008671325
23262525244013976660012052477
23263418824010364555008671325
23263545494027158014024016223
23263690109016685740014588342
23263857984013277148012053480
23263968654010567085009516631
23264035384021040342018945496
23264109124010567668009517214
23264109744011921606010784545
23264243084012171610010362903
23264386764012622121010784545
23264489334014428175012475122
23264594189012374122011208192
23264599784017758395015592413
23265540694010567085009516631
23265862314001664104001586269
23266294204010568069009517615
23266361254010816069009093969
23266609299014179173012897766
23266951744018255263016713237
23266959079014879688012897766
23267071004021595010019183720
23267074534010567067009516613
23267293414012824632011629833
23267296324023749422021481361
23267744904009212527008248681
23267991839012803912012053480
23268135944013525147011629833
23268413634020836829018099206
23268762469011530428010362903
23269533404015782714013743054
23269553804011470093010361901
23269640774016187296014293523
23270224474015783716013744056
23270377424011470111010361919
23270378234012374121011208191
23270604374011471095010362903
23270642144012373119011207189
23270754554008761014007826037
23271189109010364555008671325
23272342814011719095009939257
23272972079015782731013743071
23273540644010567067009516613
23273901124004357879003735730
23273912444019233288017253918
23273913114010567067009516613
23273931619010115554009093969
23274150084011470093010361901
23274359609016810467014705094
23274855304011018580009939257
23275028614013073634011207189
23277491559009212527008248681
23277708884013074023011207578
23277938944012170608010361901
23278524094012170608010361901
23278528774011470093010361901
23279057554012373119011207189
23279060334008310503007404395
23279078209014428175012475122
23279091124021943369019790784
23280559814013073634011207189
23281252224010567067009516613
23282456184010816069009093969
23282457334013074636011208191
23282460734011719095009939257
23282464764011470093010361901
23282477874020210989018543916
23282479214010567067009516613
23283064379020836830018099206
23283191664012622121010784545
23284758544013976660012052477
23284972554009010016007403393
23285048834010816069009093969
23285307074013525147011629833
23285307554014428175012475122
23285464684019527483017904113
23285952654013976660012052477
23287547579012170608010361901
23288708134009569247008582593
23289189874013525147011629833
23290376254010100057009516613
23290689503009212527008248681
23291034179010364555008671325
23292363974012170608010361901
23292694814013976660012052477
23293263914014879705012897783
23293844844010567067009516613
23294439544014428175012475122
23294517529012170608010361901
23295072504012622121010784545
23295566264011018580009939257
23296036234022845393020635070
23296131814009212527008248681
23296654744013525147011629833
23298109484022278517019823524
23299182339013276145012052477
23300210694013976660012052477
23300881564009664040008671325
23301750374011921606010784545
23301900899013976660012052477
23302063559010364555008671325
23302083509009664040008671325
23302413444009664040008671325
23302799334001669624001573260
23303032584021740857018945496
23303180834011267582009516613
23303181113013976660012052477
23303181334011719095009939257
23303424504010364555008671325
23304430184009212527008248681
23305385034012170608010361901
23305778559013073634011207189
23305778834014179173012897766
23305829544009212527008248681
23305900559014428175012475122
23305901504010567067009516613
23305906034014879688012897766
23306411624010816069009093969
23306950304011719095009939257
23307169789009461529007826037
23307730634011267582009516613
23307747774012075815010273169
23308726789013073634011207189
23310815284010364555008671325
23310883514018330261016408630
23311905104009461529007826037
23312500434013525147011629833
23312787164010364555008671325
23312914514009664040008671325
23313053164010567067009516613
23313878074019233288017253918
23313919579011267582009516613
23314145194013976660012052477
23314176634009664040008671325
23314672844009212527008248681
23314813324009212527008248681
23314889134013525147011629833
23315261384019544492017264309
23316211399009664040008671325
23319023984009913042008248681
23319065474010816069009093969
23319071954013073634011207189
23319768904010816069009093969
23319769404009212527008248681
23319769544011719095009939257
23320540534009913042008248681
23320549884012622121010784545
23320607604009212527008248681
23320774934003755862003172205
23320824184011470093010361901
23320934184020227998017904113
23322210604010816069009093969
23322831714010115554009093969
23323079234012824632011629833
23324161414010816069009093969
23324162844011267582009516613
23324373284008761014007826037
23325241314013525147011629833
23325241799010721276009005237
23325241934007508347006169494
23326121304011267582009516613
23326610984010364555008671325
23326639974013525147011629833
23326640964013277002012053334
23326887404008761014007826037
23327743414007109171005624085
23329804844009212527008248681
23330617314020911504018543916
23330620854013976660012052477
23330656204011921606010784545
23330885254000659539000627759
23330994444010683519009079181
23331366064007632231006769427
23331368024012622121010784545
23331372404025012541022382739
23331373753010115554009093969
23331420484012824632011629833
23331420654013976660012052477
23331420794013525147011629833
23331804924024138756020352140
23332351524012170608010361901
23332889869019544492017264309
23333327694018127750015563342
23334136914013525147011629833
23335990854013073634011207189
23336348579009461529007826037
23336477654013276145012052477
23336622204013976660012052477
23336711819010054881008974707
23336712904009010016007403393
23336933234008761014007826037
23338885199010816069009093969
23339273804011921606010784545
23339566054016524209014718054
23339584133020227998017904113
23339586144011267582009516613
23341054044012622121010784545
23341691974009212527008248681
23341834864009461529007826037
23341995914013073634011207189
23342416764010364555008671325
23342418104008214708007314661
23346386304011624302009850525
23348639714013073634011207189
23349184974009010016007403393
23349190214011719095009939257
23349814544008761014007826037
23349815494008761014007826037
23350525394008309501007403393
23351994894013976660012052477
23354765284009212527008248681
23357375614019544492017264309
23357445124010364555008671325
23358427774012622121010784545
23358459994013073634011207189
23361336054011921606010784545
23364536534018860985016624505
23365173834012622121010784545
23365223319009913042008248681
23365601119013073634011207189
23366411313009913042008248681
23371035664012622121010784545
23371392114013073634011207189
23371650164009664040008671325
23373131539010721276009005237
23376515974009461529007826037
23381132994013073634011207189
23381137414009461529007826037
23386434654009010016007403393
23387366024012622121010784545
23402861894008309501007403393
23402861924010364555008671325
23426988054008309501007403393
24184513893020776912018652283
24213429635012373119011207189
24213450766013277002012053334
24219135838012373119011207189
24219687962022846395020636072
24221428842010568069009517615
24221694127025012541022382739
24222742494026529226023802449
24240108867016234261014165732
24241476606021943369019790784
24251597053028761555024861511
24255168890010568069009517615
24255169706011470093010361901
24255174033010567085009516631
24256657534010568069009517615
24259131657020136314018099206
24259930630012374122011208192
24260786403011267582009516613
24260992224010816069009093969
24263259501024448934021480358
24265589584012825634011630835
24267411766010568069009517615
24267748965011470093010361901
24273967067014180175012898768
24277491962011719095009939257
24288128991010567067009516613
24295466347013073652011207207
24298370871013525147011629833
24303181888010364555008671325
24310815094010364555008671325
24311621064001710250001515662
24315964713010115554009093969
24326640057013976660012052477
24329730375008761014007826037
24357400771016109952014705094
24357453085009913042008248681
24358452104008761014007826037
24362286804017427235015563342
24384852404012622121010784545
27116548475011375300010273169
27118338729012374122011208192
27120176884022846395020636072
27121940413012156014011191370
27125316145013976660012052477
27127690109012373119011207189
27128664888006085305005180951
27128998069012374121011208191
27130018381010567085009516631
27135110855012374121011208191
27135113722010567067009516613
27135119011010567085009516631
27135119232019836807018193659
27136032505017367204015881959
27136033145008806725007931346
27136672822016675028014921826
27137027963012170608010361901
27137716122002068335001946478
27137753133023749422021481361
27137847294012171610010362903
27139129291020067028018284266
27139594237011376303010274172
27139691747001148780001085725
27140472714016299959014320908
27142116885010567067009516613
27142721207009664040008671325
27142728376012374122011208192
27142728805010567067009516613
27142729194011719095009939257
27143982748011816813010748974
27144124540013904688011922766
27144231916009765913008282714
27145149695010143009008635753
27145149717013074636011208191
27145149733012623123010785547
27145463632010567067009516613
27145465279025352963022326649
27145992244006442694005780884
27145993291014879688012897766
27146481227009664040008671325
27146980630013073634011207189
27147403769025352964022326649
27147489205016685740014588342
27147591115013074636011208191
27147627306016235229014166700
27149866928020634318017253918
27160027679025012541022382739
27160173861016685740014588342
27160174531011922608010785547
27160987133014879688012897766
27161074735008249415007472128
27161185650013277148012053480
27161943857013277148012053480
27161944632011267582009516613
27163095845011922608010785547
27163104151010816069009093969
27163106502009935507008987956
27163106987008806725007931346
27163107428010568069009517615
27163302670007044712006344409
27163302824013525147011629833
27163399801013424879012066806
27163941290010568069009517615
27164170220014852360013215698
27164178701010567067009516613
27164395419012171610010362903
27164570059001958990001844125
27165385131014428174012475121
27165385794010816069009093969
27165389692001374435001296945
27165659002022278517019823524
27166410938013073634011207189
27166627430013074637011208192
27166676024012170608010361901
27167258803002063869001952698
27167355353011398119010232189
27167712482013277148012053480
27167714671012374122011208192
27167716070022846395020636072
27167720868016685740014588342
27167823675012462969011228826
27168021920012373119011207189
27168026841010115554009093969
27168050408013276145012052477
27168050939001987101001797591
27168052095010115554009093969
27168053393009212527008248681
27168848388025012541022382739
27170197076008051212006849448
27170284785022279519019824526
27170338192010789001009911762
27170585262010115554009093969
27170729442000979962000979962
27171228439023645528021103131
27171242008015782714013743054
27171397761008429629007578308
27171649809024406981022096812
27171693174023748641021480580
27171694855009212527008248681
27171839322009664040008671325
27172151286010567067009516613
27172366711016685740014588342
27172599074020843785018652283
27173225488016234227014165698
27173616460013276145012052477
27173676455012170608010361901
27174140176010567067009516613
27174984323010567067009516613
27174991818020911504018543916
27175140048017503994015447959
27175639077010567067009516613
27175749735023545908020635070
27176121748011470093010361901
27176581773012170608010361901
27176633862013528541011804767
27176753531014180175012898768
27176753949029867300026552294
27176754260008806725007931346
27176769594010567535009517081
27177158971010709176009837041
27177180713014179173012897766
27177184441010115554009093969
27177204183010311769009340160
27177247001030906964027213257
27177441568008104009007460913
27177441851002194726002064788
27177658540001148678001085623
27177659164014428175012475122
27177792190014835997012898768
27177792425012170608010361901
27177829779006638073006026239
27177829906025013543022383741
27177829930001602686001510602
27178167990007221851006447754
27178402485018330261016408630
27178406855003142230003012292
27178854335004425383004017493
27178890544009317774008034985
27178906955009353681008287171
27178908990002063844001952673
27178909709010568069009517615
27179104763012506271011191370
27179109668012374122011208192
27179109803010364555008671325
27179121420009919793008598511
27179444297001840500001733211
27179526323011064291010044567
27179614907016675028014921826
27179668306015985225014588342
27179669817010311769009340160
27179698175003202362002935150
27179698205021419353019675083
27179716688010115554009093969
27179736476007139451006558027
27179736824010816069009093969
27179736972021419221019674951
27179770267010115554009093969
27179770321001073594001015350
27180117526002063769001952598
27180149711011719095009939257
27180372844012373975011208045
27180405467012170626010361919
27180625777013073652011207207
27180899699031915588029125330
27180900190004124708003736064
27180904439017036984015447959
27180905702022394882020213428
27180907225017686152015868300
27180908299005961305005392774
27181013678010567067009516613
27181013740012373520011207590
27181023452020843785018652283
27181024327026255988023171936
27181024351013977663012053480
27181024378024448952021480376
27181024904010568069009517615
27181024971021418351019674081
27181176402023645528021103131
27181176488018860985016624505
27181194494015296676014068754
27181194796012622121010784545
27181213146012374122011208192
27181318134013276145012052477
27181320759011470093010361901
27181548423011267582009516613
27181548717023749422021481361
27181555764018520688016961755
27181556132010567067009516613
27181570895019837809018194661
27181572405011647235010043749
27181574009001987101001797591
27181574874021418351019674081
27181600182001952687001844125
27181816029010115554009093969
27181830498012373119011207189
27181838383023553675021423047
27181849555010568069009517615
27182119666014179173012897766
27182171374015050272013713200
27182222467008114294006908489
27182528914014879688012897766
27182540892009376861008598511
27182546467019671347017554809
27182597150021418752019674482
27182597185014879688012897766
27182598130011499947010577251
27182599331011018580009939257
27182599528022845411020635088
27182600011021419207019674937
27182621728015697941013757382
27182905203009318243008035454
27183004501010567144009516690
27183016372012373119011207189
27183079196012373119011207189
27183079234010568069009517615
27183186782009664040008671325
27183187940008249415007472128
27183397554010567067009516613
27183655383012374122011208192
27183725489025012541022382739
27183768188011944851010150579
27183796068016685740014588342
27183870349001073594001015350
27184003851027361528024862514
27184051589013277148012053480
27184060669017849592016083630
27184073493023749422021481361
27184091556012373119011207189
27184099549014762648013131728
27184151451024388904021798976
27184161147025012541022382739
27184262318011064291010044567
27184297936024312026022382739
27184318526014852345013215683
27184328335008931418008251744
27184339701011063790010044066
27184352295025013543022383741
27184513817015832949014320908
27184513884012373975011208045
27184517251030100542027426399
27184519394016675028014921826
27184528466007426173006607842
27184528474012374122011208192
27184528482012374122011208192
27184716548013277002012053334
27184733353010115554009093969
27184736751017368318014883765
27184783202021418351019674081
27184785140010165524009339656
27184795294035459870031787270
27184809201010567085009516631
27184947337016271990014731877
27184947493008249415007472128
27184947752038563087034692072
27184947876025554473023170935
27184951644011471095010362903
27185005483011719095009939257
27185056525013277148012053480
27185062096024312026022382739
27185062118010115554009093969
27185062584030323202027213257
27185147024016634711014588342
27185147032010310933009339324
27185147059022278517019823524
27185162740012373975011208045
27185162945014403408012608045
27185198346012374122011208192
27185209488017318158015352079
27185209496019161937017437019
27185326271020843785018652283
27185334843012373119011207189
27185373342022002796020221204
27185373474024258562021770606
27185420758012374122011208192
27185426209011471095010362903
27185437375012374122011208192
27185443308021943369019790784
27185509279025012541022382739
27185509619021524537019211391
27185511087014852345013215683
27185534974012506271011191370
27185607084012374122011208192
27185642246025012541022382739
27185701854012373517011207587
27185753412014429177012476124
27185787651017843675016327965
27185792736011268584009517615
27185830298009919793008598511
27185844884013613956012493642
27185847220011470111010361919
27185910038010568069009517615
27185934948010311769009340160
27185935359020843785018652283
27186015687016675028014921826
27186036994023748419021480358
27186069566010567085009516631
27186113778021348257019674081
27186118842021419207019674937
27186125059005561920004862787
27186140023013976682012052499
27186143731023748419021480358
27186163295010115554009093969
27186178098021419353019675083
27186194689015832949014320908
27186286362009317774008034985
27186422673015604246014294236
27186422886011470093010361901
27186485667031003421028271540
27186504610019836807018193659
27186640581005260905004581018
27186681504025012541022382739
27186681539015985225014588342
27186686239036251643032528482
27186735000008761014007826037
27186899119022999893021154502
27186901199010568069009517615
27187114875013276145012052477
27187237373013277002012053334
27187883518011921606010784545
27187913336022278517019823524
27189084736013073634011207189
27200568139014880085012898163
27200620890009212527008248681
27201288016025012541022382739
27201291416002322523002008746
27201423371012373975011208045
27201511068023749275021481214
27201512250012373517011207587
27201513400010567067009516613
27201514504021418351019674081
27201515055022999893021154502
27201515179012374122011208192
27201516337012373517011207587
27201517325011063455010043731
27201517600025012541022382739
27201518674012334764011207189
27201518690012374122011208192
27201521543006638073006026239
27201521586023605615021065770
27201522310021280697018889504
27201523031012171610010362903
27201523201020634318017253918
27201523627030099539027425396
27201523678013073898011207453
27201523848030801056027426398
27201524135028965069025707802
27201524577011341321010274044
27201524682023344399019790784
27201526537027131189024861533
27201526960024407035022096867
27201530127012373745011207815
27201530224030099621027425478
27201533290012373119011207189
27201536540025012541022382739
27201536699025012541022382739
27201537946009664040008671325
27201539280026529226023802449
27201539299012170608010361901
27201539477024406980022096812
27201543709023749422021481361
27201543741025012541022382739
27201546244025012541022382739
27201546945022924648021154900
27201548352013525147011629833
27201548891020210989018543916
27201551256010115554009093969
27201551450025276586022326649
27201552481012374122011208192
27201552856001875426001797591
27201552988013976660012052477
27201555138037088356032655908
27201555170022607695019789782
27201556347013276145012052477
27201559729021348257019674081
27201560425023748441021480380
27201561952016685740014588342
27201564382015687921013654322
27201565206015782714013743054
27201567314025012541022382739
27201572237011921606010784545
27201572474010567067009516613
27201572547025012541022382739
27201573063020210989018543916
27201573691011470925010362733
27201574329036387841032655908
27201575775015985225014588342
27201577115025012541022382739
27201579002009913042008248681
27201583468014880690012898768
27201585177012373716011207786
27201585185016685740014588342
27201587153016685740014588342
27201588370016685740014588342
27201601571012374122011208192
27201627856025012541022382739
27201706586002068335001946478
27202204126019981491018329092
27202262819020082275018423496
27202464551031673146028242664
27202464578023700408021154502
27202464926012622121010784545
27202465302015985225014588342
27202494957004124374003735730
27202605082014879688012897766
27202606380013976660012052477
27202606577022846395020636072
27202606755015985225014588342
27202671700021418351019674081
27202673223013277002012053334
27202675188024581437022634924
27202675943013976682012052499
27203008460022845415020635092
27203010007010536050009517615
27203070387012374122011208192
27203070867012373119011207189
27203072665011470093010361901
27203074188020136314018099206
27203074404025012541022382739
27203074609023114301021481361
27203077152022143811019697431
27203077314011268584009517615
27203077322021418748019674478
27203077357020136332018099224
27203078248016685740014588342
27203089576023749422021481361
27203141039021443296019697431
27203270289025012541022382739
27203270300024312026022382739
27203271072024449937021481361
27203271781012374122011208192
27203271870013904688011922766
27203337529016685740014588342
27203337766024448934021480358
27203337847012373119011207189
27203337944035687326032655908
27203344495025012541022382739
27203347257025012541022382739
27203429946013277148012053480
27203536041022278517019823524
27203536521025012541022382739
27203536750012374122011208192
27203564363023748419021480358
27203930831012373119011207189
27204324110013074636011208191
27204324900020081273018422494
27204344162010364555008671325
27204480317020136314018099206
27204480368025012541022382739
27204602978010567067009516613
27204652428006634412005835407
27204792211022846395020636072
27204792238012374122011208192
27204793250010567073009516619
27204793374021418351019674081
27204793714014879705012897783
27204793919012373119011207189
27204858573012374122011208192
27204866010025012541022382739
27204866746018177480015984702
27204915976001945717001867882
27204951093020634318017253918
27204951190024449937021481361
27204967240013073634011207189
27205008344012373990011208060
27205020395001946478001946478
27205025249026913549023787389
27205039266025012541022382739
27205060532025012942022383140
27205060710023749422021481361
27205060761019424754017152227
27205119715012373517011207587
27205187060011470093010361901
27205192153037904526034075618
27205192994010115554009093969
27205194636014879688012897766
27205196027012373119011207189
27205196132010567067009516613
27205196337009664040008671325
27205196361030099539027425396
27205196574021578002019823524
27205207924021418946019674676
27205240123024932294022382739
27205240786025012541022382739
27205357497012373119011207189
27205442303018724636017152624
27205442362032953699030097091
27205442907014429006012475953
27205503973013277148012053480
27205510163012170630010361923
27205510325012374122011208192
27205510430013976686012052503
27205511062012374122011208192
27205511348014179173012897766
27205511607025012541022382739
27205640970021775600019571338
27205641284030099539027425396
27205641845018724960017152948
27205641942012374122011208192
27205642868012373119011207189
27205645123023749422021481361
27205646340012374122011208192
27205646464012373119011207189
27205647096018725241017153229
27205647940011922608010785547
27205649331012374122011208192
27205649846020136315018099206
27205649978014880085012898163
27205780047022119868019675083
27205780993022999893021154502
27205781213012170608010361901
27205781892024312026022382739
27205781906013977663012053480
27205782465014879713012897791
27205832225012374122011208192
27205879051025012541022382739
27205898129019233288017253918
27205898161025012541022382739
27205906539013035279011207189
27205906687025281952022634924
27205906814013727660012475122
27205912784026254988023170935
27205946387012374122011208192
27205947030012374122011208192
27205948053023700408021154502
27205948169021419353019675083
27205948703012373975011208045
27206042724022999893021154502
27206044948021418351019674081
27206045278026529226023802449
27206045383025012541022382739
27206054064014880322012898400
27206054498025012541022382739
27206054749025012541022382739
27206054927024449937021481361
27206150802025012541022382739
27206169562023749422021481361
27206169716023749422021481361
27206247490025012541022382739
27206382649034280400031338939
27206382975025012541022382739
27206458300022278517019823524
27206472974025012541022382739
27206501532013321021012156952
27206603831012373119011207189
27206604226012374122011208192
27206604617011398119010232189
27206609104025150451021481360
27206609384014879688012897766
27206728413036585312032185083
27206728529013074637011208192
27206756654013074636011208191
27206860818002068335001946478
27207105339012824632011629833
27207188412025012541022382739
27207216211033875399029648385
27207323794002062330001868008
27207323808009664040008671325
27207324448010567067009516613
27207325789018725241017153229
27207326068011375300010273169
27207326297002062187001867865
27207327366011267582009516613
27207328788001159161001022577
27207329342012374122011208192
27207381212011434906010361901
27207381565022073652019697453
27207382111011470093010361901
27207382529021418351019674081
27207383223019233287017253918
27207395248025012541022382739
27207606257011471095010362903
27207697619016685740014588342
27207711603012373119011207189
27207870213026255991023171938
27207871112012374122011208192
27207871139027158411024016621
27207872429009569247008582593
27207872593012373119011207189
27207872798012374122011208192
27207873131021419353019675083
27208059403013074637011208192
27208059632031250075027846708
27208059799028061040024861511
27208145539011719095009939257
27208190127012797358011629833
27208238553027667220025159114
27208257957021419207019674937
27208258074002062354001868032
27208388644023749275021481214
27208487219016685740014588342
27208498334021578002019823524
27208574901025012541022382739
27208577021020210989018543916
27208875510021444298019698433
27208939942019233288017253918
27208980071026955523023170956
27208980195011719095009939257
27208980721012373119011207189
27208980918012334821011207246
27208981469002179039001867965
27208981523014879688012897766
27208981639011921606010784545
27208981981010567067009516613
27209002227012373119011207189
27209002367016685740014588342
27209002871012374122011208192
27209004424009664040008671325
27209006109012374122011208192
27209007202011470093010361901
27209105107023749422021481361
27209119140025012541022382739
27209166564014179328012897921
27209166661002062354001868032
27209166750013074637011208192
27209166947010567067009516613
27209167137023749422021481361
27209310916026255008023170956
27209311033010568069009517615
27209378057023645528021103131
27209378529023749283021481222
27209573267012622121010784545
27209578935011471095010362903
27209586059025012541022382739
27209586865011470925010362733
27209595783013976660012052477
27209596127012170626010361919
27209596488011470093010361901
27209597409021537344018099206
27209599762011471095010362903
27209619194010567093009516639
27209741542025012541022382739
27209768726028527527027425396
27209872167012374122011208192
27209872256000194637000186853
27210058554023749422021481361
27210250544023605615021065770
27210251109026529226023802449
27210270421015985225014588342
27210292166026254988023170935
27210316405016685740014588342
27210316472011470115010361923
27210365511009913042008248681
27210394066012301145011077477
27210443237014879688012897766
27210558506025828711023802449
27210673550010567067009516613
27210676045012622121010784545
27210762677020081295018422516
27210800161024329035021742935
27210894077014428175012475122
27210894875023749422021481361
27211000223012374122011208192
27211050875013276145012052477
27211123023030100541027426398
27211125719013276543012052875
27211126235015755867014588342
27211126812013276145012052477
27211127215020081428018422649
27211127401016685740014588342
27211128262026956504023171937
27211128742011471095010362903
27211210376011018580009939257
27211599273025012541022382739
27211720609024652448022326649
27211793150014179173012897766
27211801099025828711023802449
27211803962021418351019674081
27211813933016686137014588739
27213062307009664040008671325
27213209715009664040008671325
27213302081021444160019698295
27213336032036826881033066877
27213336083014179570012898163
27213341087011207207011207207
27213391319011675202011208192
27213393036009212527008248681
27213393125011471095010362903
27213395306031098214028360272
27213396396014659843013222766
27213396434010568069009517615
27213397716011471095010362903
27213399212012374122011208192
27213400067012374122011208192
27213400571013276145012052477
27213400652023545908020635070
27213400962021419353019675083
27213401748021418351019674081
27213401934010568069009517615
27213404720024312026022382739
27213404739013977663012053480
27213405956009919793008598511
27213406022027158014024016223
27213406057022143833019697453
27213406154016686742014589344
27213407363023676213021481361
27213409129010115554009093969
27213410666012373149011207219
27213412898013035876011207786
27213413215010567067009516613
27213415064013277148012053480
27213416583012373119011207189
27213417792011471095010362903
27213418381013277148012053480
27213418500013276145012052477
27213418640015985225014588342
27213419019013277148012053480
27213419183026458501024017225
27213421153026529226023802449
27213422184009664040008671325
27213422567025012541022382739
27213422907016685740014588342
27213423717016685740014588342
27213423776012374122011208192
27213424608012374122011208192
27213427224014428175012475122
27213427593013276543012052875
27213428573010115554009093969
27213429901016685740014588342
27213430349023749422021481361
27213431027009664040008671325
27213431116013074636011208191
27213431345012373119011207189
27213431434014879688012897766
27213432678026529226023802449
27213433100025012541022382739
27213433712013525147011629833
27213433771020331693018344561
27213435227012373119011207189
27213435480012076818010274172
27213435545028875015025706799
27213438153023645528021103131
27213438315013276543012052875
27213438722013277002012053334
27213439303023348398022414378
27213439338016685740014588342
27213439478025012541022382739
27213439494012374122011208192
27213439540016685740014588342
27213440816012373119011207189
27213441596016686596014589198
27213442436024312026022382739
27213442746014879688012897766
27213442770016685740014588342
27213444781025012541022382739
27213445370022962854020464159
27213446032013276145012052477
27213446369012075815010273169
27213447195011471095010362903
27213447772019233288017253918
27213447977014880690012898768
27213448027025012541022382739
27213448086025012541022382739
27213448582016685740014588342
27213452695009010016007403393
27213452997009212527008248681
27213998817012374122011208192
27214183248012374122011208192
27214210733024312026022382739
27214403566015236408013231678
27214731288023748419021480358
27214843450013277148012053480
27214898026016685740014588342
27215199350012374122011208192
27215410191023749422021481361
27215478926011471095010362903
27215504730013976682012052499
27215558962017476986015984723
27215807261011376156010274025
27215807547036387841032655908
27215807598011267582009516613
27215837896023749422021481361
27215908580015985225014588342
27216090670009212527008248681
27216091030002212834002008889
27216091413018725241017153229
27216091561008309501007403393
27216093467010115554009093969
27216094560030100409027426266
27216094943012373119011207189
27216294764009913042008248681
27216310182009913042008248681
27216314196011471095010362903
27216314676020137316018100208
27216314730030100541027426398
27216315303012374122011208192
27216315605011267582009516613
27216317373021418351019674081
27216317586010568069009517615
27216318833012374122011208192
27216320064010567067009516613
27216321834011471095010362903
27216324582010568069009517615
27216325325013976924012052741
27216326062011268584009517615
27216326518023749422021481361
27216326801013277148012053480
27216327751010567085009516631
27216329274024652448022326649
27216397318003958085003580074
27216425044010568069009517615
27216426040010567067009516613
27216427683013525147011629833
27216429147012373990011208060
27216430153012978841011118457
27216450359020136314018099206
27216695912013276543012052875
27216708607016685740014588342
27216709751013276145012052477
27216780146025012541022382739
27216786438025012541022382739
27216786799025012541022382739
27216787264016685740014588342
27216787469023749422021481361
27216788007037046402033272362
27216788058023749422021481361
27216788074015533729014165715
27216790508025012541022382739
27216790745019801883018160968
27216807206012373119011207189
27216820970021418351019674081
27216852023023749422021481361
27216852724014880690012898768
27216852899025012541022382739
27216853828023748419021480358
27216854115018725241017153229
27216854425012374122011208192
27216854522030972631028242664
27216854654013073634011207189
27216854972022143811019697431
27216855227020227998017904113
27216855847016184782014165698
27216931144019837638018194490
27217010735016685740014588342
27217010808022846395020636072
27217011111021418351019674081
27217011383028062043024862514
27217011790012978841011118457
27217011952011268584009517615
27217120468009664040008671325
27217120794018724239017152227
27217232797014879688012897766
27217256408025012541022382739
27217256645025012541022382739
27217257781030100541027426398
27217257943013976660012052477
27217258982011470093010361901
27217267388018725241017153229
27217472747034981917031339941
27217474278016685740014588342
27217522396009569247008582593
27217522450019425350017152823
27217522930012334958011207383
27217523287009461529007826037
27217523821012374122011208192
27217524739016685740014588342
27217524976010567067009516613
27217657909016234227014165698
27217677926023344399019790784
27217688898014428175012475122
27217729535026255990023171938
27217733621038894410034346485
27217767437025012541022382739
27217822195013277148012053480
27217822497010816069009093969
27217836811014179173012897766
27217863657013277148012053480
27217894080009212527008248681
27217915223012374122011208192
27217915568010567067009516613
27217916971028762558024862514
27217917188010567067009516613
27217918265014880085012898163
27217940317011018580009939257
27217980599011267582009516613
27217991310034760211031788126
27218053896012374122011208192
27218057581023748999021480938
27218121093025012541022382739
27218167085001830045001733814
27218180448021578002019823524
27218180537015782714013743054
27218248158021596012019184722
27218248417010568069009517615
27218263645015985225014588342
27218299380012170608010361901
27218299399023749422021481361
27218299402028061040024861511
27218422840018724239017152227
27218529858030100542027426399
27218550164021537344018099206
27218550539025012541022382739
27218551063011719095009939257
27218574683025012541022382739
27218705869012622121010784545
27218778335025012541022382739
27218799014013073634011207189
27218799499012373119011207189
27218943409016685740014588342
27218970058025554471023170934
27218971224025012541022382739
27218972271024105957023171937
27218972603014428175012475122
27218977532009664040008671325
27218977567012373119011207189
27219098370021419207019674937
27219100138012374122011208192
27219100251018178482015985704
27219100294011719095009939257
27219100839012373119011207189
27219101126011922608010785547
27219101134023502322020282164
27219101487023605615021065770
27219101754025012541022382739
27219101797012374122011208192
27219101851034758448030474971
27219101991013525147011629833
27219150887038894409034346485
27219164012030758956028042706
27219164195012170608010361901
27219164640024329035021742935
27219256626010115554009093969
27219275124014180175012898768
27219350304013976660012052477
27219350339024407983022097815
27219350355012373383011207453
27219350525009212527008248681
27219350797023749422021481361
27219350835019742175017730268
27219351149012374122011208192
27219351866016685740014588342
27219352919012374122011208192
27219365344012374122011208192
27219369064010568069009517615
27219375404009664040008671325
27219482839023749422021481361
27219491447014879688012897766
27219491641023896599021619128
27219491706012374122011208192
27219493121011922608010785547
27219493210010568069009517615
27219494594010115554009093969
27219680703025411508023067334
27219681017009664040008671325
27219683907012374122011208192
27219684199021943369019790784
27219684369012374122011208192
27219684792010115554009093969
27219685098023297909021058717
27219685705012374122011208192
27219687511010115554009093969
27219692140016685740014588342
27219695204024652448022326649
27219740102025012541022382739
27219793826011267582009516613
27219891674014179570012898163
27219894223015687921013654322
27219936082028761556024861512
27220041145020836847018099224
27220074655023748449021480388
27220107928009664040008671325
27220162961013073660011207215
27220230061023748419021480358
27220258403011719095009939257
27220277769025012541022382739
27220279796023749422021481361
27220320710035687326032655908
27220320753014428175012475122
27220320818025012541022382739
27220466456023749422021481361
27220628138012374122011208192
27220738030021419353019675083
27220740949002062354001868032
27220745118023605615021065770
27220782455012170608010361901
27220815175005328743004863115
27220892021013276145012052477
27220892110010568069009517615
27220892889014879688012897766
27220899638025554471023170934
27221047074022905100021065770
27221078123013904784012156952
27221179590025012541022382739
27221197025023749422021481361
27221197211023645528021103131
27221234591025012541022382739
27221270733014179252012897845
27221275859009664058008671343
27221290270001780690001586102
27221423955013073634011207189
27221429171013276543012052875
27221511609012374122011208192
27221549592023749422021481361
27221565520011471095010362903
27221692476006186992005604027
27221717789012374122011208192
27221780774013727660012475122
27221884030011471095010362903
27221908193010115554009093969
27221911550020627579018933870
27221979112025012541022382739
27221979252024329035021742935
27221979481013728662012476124
27221981052022846395020636072
27222026992021578002019823524
27222041959021419353019675083
27222069691010567067009516613
27222071327028964464025707197
27222086448016685740014588342
27222086529026255143023171090
27222087061022905100021065770
27222087444012622121010784545
27222087517025012541022382739
27222104292028061040024861511
27222105000011268584009517615
27222118862022643884019790784
27222187643026254988023170935
27222230433012374122011208192
27222352415020136332018099224
27222399810016685740014588342
27222399942010816069009093969
27222420925023749422021481361
27222424238021418351019674081
27222425684012373119011207189
27222427091022278517019823524
27222427512018725241017153229
27222428608010115554009093969
27222431633012374122011208192
27222433962012374122011208192
27222435310011375300010273169
27222437259012374122011208192
27222437666009664040008671325
27222438115014428175012475122
27222487574024312026022382739
27222487949015783716013744056
27222487965013074636011208191
27222506188023749422021481361
27222526170010568069009517615
27222615513012373119011207189
27222710095012825634011630835
27222742477014879688012897766
27222755854014879688012897766
27222818066013277148012053480
27222818902014879843012897921
27222890743025067421022434110
27222891723026956504023171937
27223011050023645528021103131
27223011085024448935021480359
27223011964011470093010361901
27223082225019982493018330094
27223082470009664040008671325
27223082845013073634011207189
27223128209025012541022382739
27223168308016685740014588342
27223169428022643884019790784
27223259389013073634011207189
27223259680013976660012052477
27223342510016234227014165698
27223403781014879688012897766
27223452626015782714013743054
27223473119024312026022382739
27223486172014879688012897766
27223486466024312026022382739
27223486598012374122011208192
27223486652021419353019675083
27223486709020580182018889504
27223489449014879705012897783
27223522349025012541022382739
27223522640012374122011208192
27223522675013074637011208192
27223576090023749422021481361
27223732769013728662012476124
27223837048025012541022382739
27223847841020682023018329109
27223972247025012541022382739
27223989972010568069009517615
27224000796018330261016408630
27224055566020210989018543916
27224059065018843977017264309
27224090418010567067009516613
27224151026013976682012052499
27224151085012076818010274172
27224151093025150452021481361
27224151336010567067009516613
27224151506012374122011208192
27224151549011268584009517615
27224151689025013137022383335
27224151743012373119011207189
27224190323012373119011207189
27224209679028061040024861511
27224221601012374122011208192
27224221857032359997029541349
27224258998013976660012052477
27224356973013276145012052477
27224391566013277148012053480
27224392473014179328012897921
27224392597022278517019823524
27224392651008761014007826037
27224394344013074636011208191
27224400603030100541027426398
27224402177010115554009093969
27224402258026529226023802449
27224402347013074637011208192
27224404633025942716022222905
27224405303012170608010361901
27224405400028743508026156132
27224405516019424754017152227
27224405656023749422021481361
27224414787035953337031593460
27224461033014179173012897766
27224470350013977663012053480
27224472817002062187001867865
27224492559015985225014588342
27224519996010568069009517615
27224559106012373119011207189
27224600750021578163019448865
27224639002025012541022382739
27224639355013277148012053480
27224639452013276543012052875
27224781747020227998017904113
27224896161013642185012395176
27225062671012170608010361901
27225178041016686742014589344
27225301943025149847021480756
27225311922015985225014588342
27225317556013976924012052741
27225320557021595010019183720
27225439341012374122011208192
27225439422026529226023802449
27225468392022118866019674081
27225472225012374122011208192
27225504011023000895021155504
27225526228011470093010361901
27225576535012171610010362903
27225611624013073634011207189
27225689615016685740014588342
27225689852012824632011629833
27225816153015985225014588342
27225840321025150046021480955
27225841638014880690012898768
27225843479025012541022382739
27225886356036387841032655908
27225918568019982245018329846
27225984013025012541022382739
27226000513016685740014588342
27226088836012374122011208192
27226124646022905100021065770
27226129346012170608010361901
27226171431020137316018100208
27226171725011922608010785547
27226172322023748419021480358
27226172713012374122011208192
27226174376012374122011208192
27226174910012374122011208192
27226175135023749422021481361
27226175240012374122011208192
27226176530012374122011208192
27226179122023749422021481361
27226180171011375300010273169
27226180236009664040008671325
27226181585020298847017970496
27226181836020137316018100208
27226184762009212527008248681
27226185432016685740014588342
27226187249011471095010362903
27226527015010115554009093969
27226635284012373391011207461
27226636000014179173012897766
27226636779026254988023170935
27226687098012374121011208191
27226698081013074637011208192
27226698367012171610010362903
27226699797012171610010362903
27226699908013074637011208192
27226744148021418351019674081
27226744334011470115010361923
27226773628013074636011208191
27226774128015782714013743054
27226811279010567067009516613
27226811813010568069009517615
27226812135025012541022382739
27226813077012373119011207189
27226813808004124708003736064
27226813840009664040008671325
27226813913023749422021481361
27226814731024449936021481360
27226860091012373119011207189
27226869374010472274009427881
27226869617008761014007826037
27226869781013276888012053220
27227029973014879688012897766
27227032869016685740014588342
27227032915024312026022382739
27227052290014879717012897795
27227053211013977663012053480
27227053815025012541022382739
27227134114013074637011208192
27227221408012373137011207207
27227221858010115554009093969
27227221904023748437021480376
27227222110023749422021481361
27227222242010311769009340160
27227222285013074231011207786
27227222943030099620027425477
27227223206011018580009939257
27227223834021419353019675083
27227225918036387841032655908
27227227341023749422021481361
27227290779022905264021065934
27227322220021418351019674081
27227448585011268584009517615
27227460577014179336012897929
27227542840014179173012897766
27227542859010115554009093969
27227633307013276977012053309
27227633587013277148012053480
27227633773002062187001867865
27227644171024312026022382739
27227644856023605615021065770
27227709389013276145012052477
27227980058012373119011207189
27228004931012374122011208192
27228042418012374121011208191
27228060092022278517019823524
27228200692010115554009093969
27228216262012374122011208192
27228388071011268584009517615
27228388519016686742014589344
27228389213008434663007218729
27228389744011471095010362903
27228389892013977663012053480
27228396058016685740014588342
27228446187025012541022382739
27228446268021443296019697431
27228490003011268584009517615
27228619162011719095009939257
27228641842016685740014588342
27228769245009212527008248681
27228801580012373119011207189
27228815743024747241022415381
27228935595016234227014165698
27228949316006139580005559645
27228970641011470093010361901
27229098204028062043024862514
27229098654012374122011208192
27229098883015782714013743054
27229244480016524209014718054
27229401713024407244022097076
27229401748010567067009516613
27229401845018724239017152227
27229411174027989066024731799
27229560153028061040024861511
27229560285015782714013743054
27229720614020628581018934872
27229736545009664040008671325
27229736642014428175012475122
27229866872025012541022382739
27229872597012374122011208192
27229951411025012541022382739
27229990824025012541022382739
27229994609012373119011207189
27230034740012278326011118457
27230043855019046035017453448
27230043944014879688012897766
27230178157009664040008671325
27230178211008666221007737305
27230203801014179328012897921
27230206525021443694019697829
27230313771021578002019823524
27230350324012374122011208192
27230350960012374122011208192
27230410211009664040008671325
27230410742012373119011207189
27230411145025460682023083206
27230411706014879688012897766
27230412273011267582009516613
27230413970013276145012052477
27230414071010115554009093969
27230415361022394882020213428
27230418131010115554009093969
27230418573023748590021480529
27230419359010567067009516613
27230421663011922608010785547
27230422538010567085009516631
27230424166021418351019674081
27230424409011675202011208192
27230424611012374122011208192
27230424824009664040008671325
27230426738014879688012897766
27230427262023749422021481361
27230428072018330261016408630
27230483154014179173012897766
27230483197023749422021481361
27230483758030100541027426398
27230484576023749422021481361
27230486161021246389019138304
27230486579022143811019697431
27230486862014879951012898029
27230487559011471095010362903
27230488938009664040008671325
27230511697025012541022382739
27230555198016685740014588342
27230569601025012541022382739
27230570928023749422021481361
27230800044008309501007403393
27230815378025012541022382739
27230821351007632231006769427
27230822404018725241017153229
27230822676012171610010362903
27230822692025150452021481361
27230822838012623123010785547
27230853334025067421022434110
27230854187023749422021481361
27230854470012374122011208192
27230854748011267582009516613
27230968964023343396019789782
27231076226012374122011208192
27231172039014179173012897766
27231320186022278517019823524
27231501717020227998017904113
27231503914010567067009516613
27231510120008805890007930511
27231510341011471095010362903
27231510465012374122011208192
27231580315025012541022382739
27231613817022846395020636072
27231614368010115554009093969
27231614562026255558023171506
27231615542010115554009093969
27231616085023749422021481361
27231626986013977257012053074
27231638690021595010019183720
27231640288016685762014588364
27231640407016685740014588342
27231695058013276145012052477
27231770629013977663012053480
27231878012025012541022382739
27231878330013277002012053334
27231878357013976660012052477
27231883628013976660012052477
27231912660013976932012052749
27232015670011921606010784545
27232034217023748419021480358
27232034411035257357030941981
27232286550014879688012897766
27232544614023749422021481361
27232809863036387841032655908
27232821952012374121011208191
27232821987021578024019823546
27232840108025554472023170935
27232840205016685740014588342
27232840574012373716011207786
27232901344025012541022382739
27232901476016685740014588342
27232906176012374122011208192
27232930816012374122011208192
27232942113008666221007737305
27232942296010568036009517582
27232942342026529226023802449
27232980090022278539019823546
27232980589012374122011208192
27233021526013276145012052477
27233058403011267582009516613
27233058764014428175012475122
27233058926011018580009939257
27233058977013073634011207189
27233059108011267582009516613
27233059132011471095010362903
27233059337014879688012897766
27233108060021418351019674081
27233119429012374122011208192
27233207042014879688012897766
27233216122025012541022382739
27233253842025012541022382739
27233333706025150452021481361
27233337019016686742014589344
27233340478020843785018652283
27233351747016685740014588342
27233351925037991404033501218
27233352093010567067009516613
27233352131025012541022382739
27233353308023475022021224505
27233353367012374122011208192
27233387237010115554009093969
27233399529012373119011207189
27233453299015082233013743088
27233454260001685926001515662
27233454392012374122011208192
27233500106011470093010361901
27233504632012622121010784545
27233577095018724629017152617
27233577745020136391018099283
27233578296014879705012897783
27233578725012374121011208191
27233578865010816069009093969
27233668740012374122011208192
27233677944025554472023170935
27233738684025012541022382739
27233739125013977663012053480
27233739184012374122011208192
27233739788021887080019790639
27233890923016234923014166394
27233917228011471095010362903
27234054541009664040008671325
27234054622025828711023802449
27234100071007763195006892017
27234101612008761014007826037
27234104336011470093010361901
27234104530021039341018944494
27234104964012374122011208192
27234105537010567067009516613
27234106371012373119011207189
27234109478016685740014588342
27234110484010568069009517615
27234111162023749422021481361
27234111278009569247008582593
27234111456020682006018329092
27234112673026255251023171198
27234115338010567144009516690
27234115729010567067009516613
27234116261010115554009093969
27234119783010567085009516631
27234179190013277148012053480
27234179433012374122011208192
27234197482012374122011208192
27234197881021039341018944494
27234282390017368207015882962
27234282870011268584009517615
27234320950010115554009093969
27234321140014428175012475122
27234321744012622121010784545
27234509999020911504018543916
27234652597028445038025595767
27234652929010115554009093969
27234673691014879688012897766
27234721408024448934021480358
27234800057012374122011208192
27234800448010568069009517615
27234800472012373119011207189
27234984301013976686012052503
27234984433008761014007826037
27234985502009664040008671325
27234985995021419353019675083
27234986428007677106006873901
27234987688012374122011208192
27235099468014428175012475122
27235235345010567067009516613
27235250174011921606010784545
27235420274007090088006449384
27235440445012373119011207189
27235447210025012541022382739
27235516166021443296019697431
27235556478013073652011207207
27235577661014179328012897921
27235578811022441373018945496
27235578935005284035004758808
27235703187011470093010361901
27235708197016685740014588342
27235773134023748419021480358
27235773584013277002012053334
27235800859012825634011630835
27235878866013276543012052875
27235879552014879688012897766
27236150297021039341018944494
27236176474010115554009093969
27236257806009664040008671325
27236258098022846395020636072
27236258349011470093010361901
27236259647012373119011207189
27236301007011471095010362903
27236305088011470111010361919
27236305452013976690012052507
27236329963013277148012053480
27236360666014910600013743075
27236470100010567067009516613
27236470291022119868019675083
27236516100014879709012897787
27236557478024312026022382739
27236770554014179173012897766
27236875364020515853018392138
27236875488009664040008671325
27236875763023749422021481361
27236877960010567067009516613
27236878223023749422021481361
27236878673010567067009516613
27236878908010567085009516631
27236878916016685740014588342
27236879025012374122011208192
27236879378010567067009516613
27236930381012374122011208192
27236930667010115554009093969
27236947527022278517019823524
27237118133009664040008671325
27237281042020634318017253918
27237336335016685740014588342
27237336394013276409012052741
27237336408011375300010273169
27237336742025351979022325664
27237402133011018580009939257
27237402583016685740014588342
27237403105025555474023171937
27237403989021595010019183720
27237405426010567067009516613
27237405779014879705012897783
27237405973010115554009093969
27237514152013277148012053480
27237530050022642882019789782
27237742392021537344018099206
27237751197009664040008671325
27237788856011470093010361901
27237789348012373119011207189
27237793329012373119011207189
27237856789012374122011208192
27237860735013277148012053480
27238007580012170608010361901
27238007793025012541022382739
27238007939012373119011207189
27238008781015710740013613342
27238009060013276409012052741
27238026488012170608010361901
27238080032012374122011208192
27238081918023749422021481361
27238082086017217933015086508
27238084372012170608010361901
27238085972012374122011208192
27238087495026956504023171937
27238092138013073634011207189
27238110438016686742014589344
27238110675011922608010785547
27238251937021418351019674081
27238379178011471095010362903
27238379356010567067009516613
27238379437019527483017904113
27238379526016234244014165715
27238383752014179173012897766
27238410040031905593029115973
27238410989012374122011208192
27238518399016685740014588342
27238518607009212527008248681
27238519697013727660012475122
27238591282013277002012053334
27238602071013525147011629833
27238619241010364555008671325
27238663135018725241017153229
27238689681012374122011208192
27238851748013727660012475122
27238858521012374122011208192
27238860011012374122011208192
27238862634023605615021065770
27238864882009664040008671325
27238868381018860985016624505
27238869213024222383021924018
27238898582023606447021066602
27238959301012374122011208192
27238990004028156835024951245
27239168952022278534019823541
27239200562022846395020636072
27239232448013881868011963746
27239232510012373119011207189
27239248107025012541022382739
27239272385011470093010361901
27239347687022846395020636072
27239398869016234227014165698
27239579707009077624008671325
27239627744013073634011207189
27239655632011470093010361901
27239738678001374435001296945
27239738775024312026022382739
27239762285011470093010361901
27239764032010115554009093969
27239765764011471095010362903
27239768097010115554009093969
27239817527011018580009939257
27239818647011826813010695813
27239820609012373721011207791
27239864371015985225014588342
27239945517011827816010696816
27240033203016686742014589344
27240035192014180043012898636
27240050159031906594029116975
27240051716020136314018099206
27240052402022118866019674081
27240052682012374122011208192
27240052747013074637011208192
27240054316010567085009516631
27240055347017849462016395903
27240092560019544492017264309
27240100822012170608010361901
27240100938011018580009939257
27240138811019233288017253918
27240139168011921606010784545
27240142460020836829018099206
27240348573012373119011207189
27240357106011375300010273169
27240357262012622121010784545
27240445072024329035021742935
27240448535024312026022382739
27240522174010567085009516631
27240527486012374122011208192
27240608079020136314018099206
27240608362008761014007826037
27240608591025012541022382739
27240609288025012541022382739
27240609970013525147011629833
27240630589023153375020698382
27240632336013073634011207189
27240634371009212527008248681
27240681426022440370018944494
27240682880019933803017253918
27240684506013074637011208192
27240728376025352793022326478
27240738649013277148012053480
27240745343010115554009093969
27240745696023605637021065792
27240748725014879688012897766
27240749438013977290012053107
27240750002001783541001679894
27240750517010364555008671325
27240751637014180175012898768
27240855564009664040008671325
27240973060010567067009516613
27241016248009212527008248681
27241017112008309501007403393
27241019344014879688012897766
27241023821026529226023802449
27241058633023749422021481361
27241058919025012541022382739
27241160233013277002012053334
27241160462014179173012897766
27241190515025012541022382739
27241190760012374121011208191
27241230207023749422021481361
27241330015025012541022382739
27241330066014879688012897766
27241331909011018580009939257
27241350911024449936021481360
27241413956011267582009516613
27241456795010246517009216559
27241468718025149450021480359
27241470887012374122011208192
27241476176011470093010361901
27241476451018724239017152227
27241476850010115554009093969
27241528117010567067009516613
27241646489011018580009939257
27241682396022737675019878514
27241754389023700408021154502
27241813423025012541022382739
27241813563013074636011208191
27241898283022945013021103131
27241899506015083201013744056
27241916389009913042008248681
27241930098021942385019789800
27241930241010567067009516613
27241930438015782750013743090
27241930896011267582009516613
27241931604002056293002008813
27241945915010115554009093969
27241977507023475021021224505
27241977515012551235011373980
27242003514009664040008671325
27242018872014428174012475121
27242035645013525147011629833
27242213012016685740014588342
27242213063016706231015075842
27242213705015782714013743054
27242385018017759397015593415
27242386375011375300010273169
27242404535005408536004547486
27242404691014428175012475122
27242404861020911504018543916
27242446157012623123010785547
27242513784009664040008671325
27242553042009212527008248681
27242607177013525147011629833
27242609080016234227014165698
27242620580010568069009517615
27242686980022278517019823524
27242687723024312026022382739
27242775282011423199010318037
27242777862010567067009516613
27242778346010568069009517615
27242778923009664040008671325
27242779105010567085009516631
27242779830023749422021481361
27242798053019220201016960753
27242798355010567067009516613
27242798827012373141011207211
27242798975012374122011208192
27242855049014180175012898768
27243178040024312026022382739
27243199226021444152019698287
27243461710010567085009516631
27243464299010568069009517615
27243465635010567067009516613
27243467042010115554009093969
27243468103020136340018099232
27243468944009212527008248681
27243499114009913042008248681
27243518275013276417012052749
27243520881025828711023802449
27243605666010567067009516613
27243610902014879688012897766
27243630776009664040008671325
27243760211010364555008671325
27243761722012374122011208192
27243762990010115554009093969
27243765140012374122011208192
27243766155018724239017152227
27243767054009664040008671325
27243774476021970013020128131
27243845756012374122011208192
27243845977016686596014589198
27243987437008309501007403393
27243988492010816069009093969
27243988956012374122011208192
27244019930010365557008672327
27244054191011268584009517615
27244077655012374122011208192
27244147025025012541022382739
27244147041014879717012897795
27244147440023645528021103131
27244148579012374122011208192
27244238039013277148012053480
27244241005013976660012052477
27244292246024747241022415381
27244292904011470093010361901
27244293137016234227014165698
27244293862013976660012052477
27244296047023749422021481361
27244296284013276145012052477
27244297132013277148012053480
27244298449014428175012475122
27244299038026458500024017225
27244299690012622121010784545
27244299992012170608010361901
27244321068012373119011207189
27244321939025012541022382739
27244335328016685740014588342
27244385767012825634011630835
27244385783012171610010362903
27244512300023748419021480358
27244575647036387841032655908
27244596423010567067009516613
27244743779013277148012053480
27244745852010568069009517615
27244940264012374122011208192
27244941589011471095010362903
27245138070024652448022326649
27245138488009212527008248681
27245139034021942367019789782
27245139247025012541022382739
27245139522010115554009093969
27245139980010115554009093969
27245166651010567067009516613
27245193454009664040008671325
27245194019010567067009516613
27245194892022846395020636072
27245195961012623123010785547
27245196879010567067009516613
27245197573012171610010362903
27245232948010115554009093969
27245459144012374122011208192
27245476081016685740014588342
27245584062009913042008248681
27245599388013277002012053334
27245703037024246423020635070
27245703320007406475006558105
27245703770012373119011207189
27245704572009212527008248681
27245704602014428175012475122
27245705978011922608010785547
27245785939009664040008671325
27245786625012374122011208192
27245788229023749422021481361
27245788571009664040008671325
27245788636010567067009516613
27245789624010115554009093969
27245807770023749422021481361
27245819221013276145012052477
27245857271011471095010362903
27246026233012622121010784545
27246026829021943085019790500
27246057570010115554009093969
27246074114010567067009516613
27246077504012373119011207189
27246226372012170608010361901
27246264738011719095009939257
27246273702010115554009093969
27246319826010816069009093969
27246403754010115554009093969
27246616707013525147011629833
27246663144015985225014588342
27246720113024312026022382739
27246855418011267582009516613
27246855582011018580009939257
27246891686016685740014588342
27246963733010472292009427899
27246963776012170608010361901
27247008654011267582009516613
27247008905023605615021065770
27247009480012170608010361901
27247126312013728491012475953
27247126371020836829018099206
27247126614028761819024861775
27247244110021418351019674081
27247244293011922608010785547
27247260507016685740014588342
27247285070011471095010362903
27247285844010567067009516613
27247286018010568069009517615
27247289394014428778012475725
27247289696023343397019789782
27247296609016938236015136972
27247319021016685740014588342
27247328225011471095010362903
27247328268012171610010362903
27247328306012171610010362903
27247328527011268584009517615
27247328969013526149011630835
27247329116012623123010785547
27247329213013976660012052477
27247329302012171610010362903
27247329523011267600009516631
27247329868010115554009093969
27247329906011268584009517615
27247329922010816069009093969
27247329930023473935020505359
27247330009011267582009516613
27247375274008761014007826037
27247384192014179249012897842
27247468159010115554009093969
27247468507021578002019823524
27247469600023545909020635071
27247480868019982493018330094
27247480906009117734008159949
27247481007015783716013744056
27247636752012373119011207189
27247666090009569247008582593
27247666244014879688012897766
27247667593013976660012052477
27247668719010567067009516613
27247669618011922608010785547
27247752248011471095010362903
27247767091012374122011208192
27247873754013277148012053480
27247897157022279519019824526
27247897254010567067009516613
27247897742011470093010361901
27247940206024449937021481361
27247940303012374122011208192
27248074723009664040008671325
27248329322016685740014588342
27248390714026529226023802449
27248400965020836830018099206
27248407854009212527008248681
27248454607011470925010362733
27248580742022279519019824526
27248834841022002074020220482
27248927823010816069009093969
27248943578012170608010361901
27249129637012374122011208192
27249186967010115554009093969
27249432135011471095010362903
27249444397014535893013231678
27249444478013074636011208191
27249500777010567067009516613
27249505760010567067009516613
27249506775011471095010362903
27249507542013074603011208158
27249508638010115554009093969
27249508700012374122011208192
27249509022010568069009517615
27249509308020676138018604579
27249528485010816069009093969
27249540000026529226023802449
27249569289014428175012475122
27249569556010567067009516613
27249569823015782714013743054
27249670079009664040008671325
27249670605011470093010361901
27249671091010115554009093969
27249673507001384917001233899
27249674201011471095010362903
27250022765018725241017153229
27250022862022279519019824526
27250278336010567067009516613
27250279359012374121011208191
27250424855022278517019823524
27250503461021579004019824526
27250603083015782748013743088
27250637115013977663012053480
27250959945023748419021480358
27251101898023546877020636039
27251101901015985385014588502
27251133978012171610010362903
27251140478010567067009516613
27251141830010567085009516631
27251143930010115554009093969
27251159667015782714013743054
27251248937013073634011207189
27251460553024581835022635322
27251597532011470093010361901
27251599489021578002019823524
27251683447022643884019790784
27251686063015782714013743054
27251688139010567067009516613
27251688635011471095010362903
27251688805012374122011208192
27251689232012170608010361901
27251698363026529226023802449
27251754018022278517019823524
27251754948015082199013743054
27251834410014879688012897766
27251847709016685740014588342
27251866886010115554009093969
27252009014008337514007460913
27252009332010567067009516613
27252009537024652448022326649
27252009634033653817030096693
27252079063022278517019823524
27252080207013277148012053480
27252176107013727677012475139
27252176123013074637011208192
27252177316009664040008671325
27252177324014880690012898768
27252177863012170608010361901
27252328772014879705012897783
27252437741024312026022382739
27252457157012622121010784545
27252457173013525147011629833
27252615658025352963022326649
27252706653008666221007737305
27252707013021943369019790784
27252708508013074636011208191
27252760046024449936021481360
27252760178013073634011207189
27252760240009664040008671325
27252760593012374122011208192
27252816483011470093010361901
27252816858008053367007226104
27252816874011922608010785547
27252816963003984024003594849
27252817013011922608010785547
27252817498025012541022382739
27252909341010364555008671325
27253011624011471095010362903
27253012442010567067009516613
27253012604012374122011208192
27253014062013525147011629833
27253014194010115554009093969
27253014518010568069009517615
27253018963021595010019183720
27253018971022643823019790724
27253111556008309501007403393
27253332137013074637011208192
27253334555010923787009850525
27253336671010568069009517615
27253337066012373119011207189
27253338364011018580009939257
27253338984016685740014588342
27253341284012278326011118457
27253372090012373119011207189
27253480683010115554009093969
27253577237014428175012475122
27253577385014428175012475122
27253577547011719095009939257
27253577601013976660012052477
27253735258011471095010362903
27253746861011471095010362903
27253754449014879688012897766
27253801269028264554025707802
27253828124010567067009516613
27253828612011922608010785547
27253885241030575544027215241
27253967043012374122011208192
27254080115013182355011964748
27254080395023344398019790784
27254080778012374121011208191
27254082266010567067009516613
27254327404012373137011207207
27254329687012622121010784545
27254378068009664040008671325
27254378696009569247008582593
27254382596009664040008671325
27254449720012373119011207189
27254466021022846395020636072
27254466080020911504018543916
27254511485014880009012898087
27254518080009010016007403393
27254597053015533712014165698
27254634218013073634011207189
27254634390015783716013744056
27254700954009212527008248681
27254701691011922608010785547
27254702930010567067009516613
27254706049009664040008671325
27254706510013073634011207189
27254707118010364555008671325
27254941226014562562013342403
27254979630012374121011208191
27254979843006743703006062646
27254997612010567067009516613
27254999844015534714014166700
27254999968010816069009093969
27255012369009664040008671325
27255013756010568069009517615
27255016321010924789009851527
27255016585010567067009516613
27255017662010364555008671325
27255088381010115554009093969
27255097879009212527008248681
27255171386009212527008248681
27255172226009212527008248681
27255172781019233306017253936
27255173117014292806012285976
27255174121011921606010784545
27255174482010568069009517615
27255174857018177480015984702
27255357293014879709012897787
27255418268011921606010784545
27255426503010115554009093969
27255777101019035175016556098
27255823022025012541022382739
27255842027009664040008671325
27255842353020136314018099206
27255842493012373119011207189
27255843007028061040024861511
27255960496011471095010362903
27255960933012374122011208192
27255961948021943369019790784
27255962464012374122011208192
27255965331010567067009516613
27255967407009010016007403393
27256179178010364555008671325
27256289968019933803017253918
27256420657021039341018944494
27256442103009913042008248681
27256457615011470093010361901
27256524274013976660012052477
27256538828022846395020636072
27256644350011471095010362903
27256656510012622121010784545
27256658629009664040008671325
27256680691002103854001797591
27256680888012171610010362903
27256681159013074637011208192
27256681299024449937021481361
27256681620011268278009517309
27256681892028062042024862513
27256933085020137316018100208
27256933611010567067009516613
27256935622014879705012897783
27257000791014428175012475122
27257090081018725241017153229
27257091150010567067009516613
27257091576021039341018944494
27257119608010567067009516613
27257120592015783669013744009
27257300647010816069009093969
27257301597009212527008248681
27257301945012373119011207189
27257365846010567067009516613
27257366281012374122011208192
27257366370010567067009516613
27257367725010568069009517615
27257488069014880690012898768
27257488174011267582009516613
27257488557023646530021104133
27257771186025012541022382739
27257771801017476965015984702
27257801530010567067009516613
27257801840014428175012475122
27257818131021443987019698122
27258185035023748642021480581
27258187631010567067009516613
27258187909003522357003172205
27258188492011470111010361919
27258189804010568069009517615
27258206105011719095009939257
27258377112012373119011207189
27258450626013277148012053480
27258497843013073634011207189
27258559075013727660012475122
27258559318020311549018710907
27258597961028445038025595767
27258609110012170608010361901
27258609447015782714013743054
27258609579013757819012378480
27258654310011471095010362903
27258739154008309501007403393
27258799017025828711023802449
27258799114011470093010361901
27258799238011921606010784545
27258799343024312026022382739
27258803804012622121010784545
27258804126012170608010361901
27258807958022278517019823524
27258807966021538346018100208
27258878170009664040008671325
27258878774022278517019823524
27258926728020911504018543916
27259025872021942389019789804
27259025937013744056013744056
27259026275010473106009428713
27259026798013074636011208191
27259084100001911850001727151
27259154036009516631009516631
27259162012010567067009516613
27259260065012171446010362739
27259260529018045721016517093
27259260626013074636011208191
27259295381001921739001727151
27259369962011471095010362903
27259462555024312043022382756
27259463306010567067009516613
27259463861009212527008248681
27259466496010115554009093969
27259468685023748419021480358
27259531352026956505023171937
27259552244013976660012052477
27259634305012373349011207419
27259646567013976660012052477
27259646672022278517019823524
27259646710011471095010362903
27259866117012373119011207189
27259867245011470111010361919
27259870475010568069009517615
27259924397011267600009516631
27259924869022941155020724771
27260036071020136314018099206
27260037892026529226023802449
27260117144011470093010361901
27260119120016685740014588342
27260124779012170608010361901
27260167842016685740014588342
27260204012013276145012052477
27260262268011267582009516613
27260262276026255989023171937
27260262462013074636011208191
27260262586013525147011629833
27260270201011470093010361901
27260316759010568069009517615
27260392234009569247008582593
27260401217014429012012475959
27260402760025012541022382739
27260402833007311682006469373
27260403007016011172014612694
27260403074010115554009093969
27260403953011376303010274172
27260404011011471095010362903
27260404658011267600009516631
27260530130012170608010361901
27260530866011267582009516613
27260723591010472274009427881
27260724148022905498021066168
27260724369008666221007737305
27260724636012170608010361901
27260785341009010016007403393
27260785406023344399019790784
27260785627010816069009093969
27260785716022278517019823524
27260786496013073954011207509
27260786712011268584009517615
27260786828009664040008671325
27260786887011267582009516613
27260894760014428175012475122
27260948852013276145012052477
27260950601009461529007826037
27260950652009913042008248681
27260950865021595010019183720
27260976058010115554009093969
27260976554019544492017264309
27260976589013976660012052477
27260990417011471095010362903
27260991391012374122011208192
27260992126017445086015299200
27260993009011267582009516613
27260993114012374121011208191
27260993653023646530021104133
27260993963024448935021480359
27260994129010567465009517011
27261089500015985225014588342
27261090282013073634011207189
27261137084010364555008671325
27261255540025352963022326649
27261255648009913042008248681
27261377913012374121011208191
27261419268008666221007737305
27261551514016685740014588342
27261557075010311769009340160
27261557806011922608010785547
27261558144010364555008671325
27261558616010568069009517615
27261559167013074538011208093
27261589759008053367007226104
27261591087009664040008671325
27261612262011471095010362903
27261617051009212527008248681
27261714820020227998017904113
27261715290022278517019823524
27261715371015783716013744056
27261767347010567067009516613
27261767525024449937021481361
27261768564013976660012052477
27261895132012373119011207189
27261895264009913042008248681
27261895949010364555008671325
27261896139013976660012052477
27261896171011754839010566101
27261896244025150451021481360
27261896724010115572009093987
27261896813013073634011207189
27261897003022643149019790049
27261920242011267600009516631
27262140305010567067009516613
27262150696002801745002450849
27262206373012374122011208192
27262206497011470093010361901
27262207191009664040008671325
27262207329006846509005721729
27262207396020420531018740061
27262316365010115554009093969
27262316462011471095010362903
27262317515010567067009516613
27262526122010115554009093969
27262527056011719095009939257
27262527498020137316018100208
27262527633021943369019790784
27262622741011471095010362903
27262622970009461529007826037
27262648414014179877012898470
27262765143021443296019697431
27262917563021537362018099224
27263044415010568069009517615
27263046175010567085009516631
27263046752010115554009093969
27263089354007406475006558105
27263290092015783716013744056
27263290106012373119011207189
27263306525015782731013743071
27263363855011470093010361901
27263423394014428175012475122
27263423416007439998006449037
27263469122013276145012052477
27263517593027159016024017226
27263518018012373137011207207
27263518069012373119011207189
27263518158014428175012475122
27263545678024746238022414378
27263545759022278517019823524
27263579335010115554009093969
27263579696008761014007826037
27263579793009664040008671325
27263681571010115554009093969
27263681806009212527008248681
27263683116033761631029541953
27263684333011471095010362903
27263684414011470093010361901
27263685895011470093010361901
27263686859010568069009517615
27263687898008309501007403393
27263689149010567085009516631
27263689505009664040008671325
27263698466009664040008671325
27263708658020137316018100208
27263754714013074636011208191
27263754935012825634011630835
27263785210010364555008671325
27263820571014879709012897787
27263840394012373119011207189
27263857424011268584009517615
27263893358025351960022325646
27263948365025150452021481361
27263948683013976660012052477
27263950246011267582009516613
27263967033020836830018099206
27263967041011471095010362903
27263967394009664040008671325
27263967424010567067009516613
27263967718009664040008671325
27263967971011267582009516613
27263968129009664040008671325
27263968293009664040008671325
27263968625012170608010361901
27263968943009664040008671325
27263998672014879688012897766
27264109227011267604009516635
27264109553026255990023171937
27264110349013727659012475121
27264141465014179570012898163
27264142348021943369019790784
27264142879011921606010784545
27264239422011018580009939257
27264283855011267582009516613
27264386441010115554009093969
27264388711008309501007403393
27264388746010115554009093969
27264390457010364555008671325
27264391895011470093010361901
27264392700009664040008671325
27264392727012824632011629833
27264431161020136314018099206
27264487183011267582009516613
27264487477011922608010785547
27264489151010816069009093969
27264590200011018580009939257
27264590294010567067009516613
27264590847009212527008248681
27264591592009212527008248681
27264591622009664040008671325
27264592858009569247008582593
27264593145012373119011207189
27264594370015082199013743054
27264594737021443296019697431
27264595857014879688012897766
27264595903010816069009093969
27264597221012374122011208192
27265178125010568069009517615
27265299348022642882019789782
27265300265010567067009516613
27265300354010567067009516613
27265357127010567067009516613
27265357429022279519019824526
27265357631010816069009093969
27265373734010567067009516613
27265462621020137316018100208
27265517949012374121011208191
27265528339020843785018652283
27265589710013276145012052477
27265618370002920338002608679
27265700743019260728017279604
27265702851010946606009809545
27265705214009664040008671325
27265705753008761014007826037
27265858258013525147011629833
27265858878018330261016408630
27265859114008309501007403393
27265860953011922608010785547
27265864053010816069009093969
27265864592023022916020801268
27265865106032390257029944515
27265865505010567067009516613
27265963426010115554009093969
27265963647010816069009093969
27265980126013375928012145880
27266179818001669624001573260
27266294080014879688012897766
27266294137012374121011208191
27266294374013976660012052477
27266294617013526149011630835
27266294684011267582009516613
27266294854010364555008671325
27266294986012623123010785547
27266353834022846395020636072
27266355896011267582009516613
27266361098011470925010362733
27266361659014428175012475122
27266399036011018580009939257
27266407047009664040008671325
27266407314008309501007403393
27266407500009569247008582593
27266408175010567067009516613
27266467996019230442016970356
27266472213009913042008248681
27266472221011267582009516613
27266570061010115554009093969
27266570207009212527008248681
27266951081010567067009516613
27266951324013073634011207189
27266952606010568069009517615
27267070879018177501015984723
27267074246010115554009093969
27267124936011470093010361901
27267183681014879688012897766
27267204522010115554009093969
27267293282013525147011629833
27267293487021943369019790784
27267296850023748419021480358
27267296966014179173012897766
27267412079009664040008671325
27267430778014880690012898768
27267437195009664040008671325
27267594738013525147011629833
27267630769009212527008248681
27267635701014879688012897766
27267678095013073634011207189
27267678176011268584009517615
27267678613009762751009517615
27267678672009461529007826037
27267744322011470093010361901
27267745280008761014007826037
27267745795001987101001797591
27267748662024329035021742935
27267810260022643884019790784
27267814177020911504018543916
27267898311023545909020635071
27267898419011471095010362903
27267898974021537344018099206
27267899083009913042008248681
27267976304013073634011207189
27267991885022278517019823524
27268071895011268584009517615
27268072115022845393020635070
27268084652011018580009939257
27268132703012033861010889623
27268274591010567085009516631
27268349419009664040008671325
27268373905013727660012475122
27268402921013073634011207189
27268458676011018580009939257
27268522501024312026022382739
27268522609022999893021154502
27268559057009212527008248681
27268559103011267582009516613
27268559960008761014007826037
27268597617015783318013743658
27268680360010568069009517615
27268707706021039341018944494
27268762219011471095010362903
27268762766010567089009516635
27268769221022440371018944494
27268831822014428175012475122
27268832012013073634011207189
27268903920011719095009939257
27268905001010567067009516613
27268905788010567067009516613
27269090745021739856018944494
27269104568008761014007826037
27269104967014429177012476124
27269315569011471095010362903
27269391486038086175033589928
27269449514011267600009516631
27269549527009212527008248681
27269551181013073634011207189
27269553702011267608009516639
27269554296010115554009093969
27269554695010364555008671325
27269555934010115554009093969
27269557341006988331006026239
27269571786011018580009939257
27269756018023546910020636072
27269756891017224725014718054
27269806856011471095010362903
27269810918009318443008035654
27269931022020911504018543916
27270015196014880690012898768
27270051125021595010019183720
27270070928013525147011629833
27270102706012373119011207189
27270103613010568069009517615
27270103834012170608010361901
27270154315000752139000733420
27270213990009461529007826037
27270223880010364555008671325
27270302837010115554009093969
27270303701011470127010361935
27270304309011470093010361901
27270305097011268584009517615
27270306034010472274009427881
27270306182008761014007826037
27270306247011922608010785547
27270306972013727660012475122
27270309009009664040008671325
27270309971022541058020350194
27270376032013977492012053309
27270376156009664040008671325
27270376806009664040008671325
27270377101010567067009516613
27270379562022191368019367138
27270405644010567085009516631
27270475383010364555008671325
27270479826009664040008671325
27270479982019544492017264309
27270573814014879688012897766
27270604698012374122011208192
27270640988026458501024017225
27270821001011719095009939257
27271100316013276145012052477
27271189856008309501007403393
27271228029012374122011208192
27271228312013277009012053341
27271228703016234784014166255
27271229386012170626010361919
27271229726022143811019697431
27271411206008666221007737305
27271691268020836829018099206
27271691519023645528021103131
27271769453026255990023171937
27271907120011470111010361919
27271907201010816069009093969
27271907864012373951011208021
27271909883008309501007403393
27271949834012170608010361901
27271984192009664040008671325
27271984834010115554009093969
27272216563013277148012053480
27272216571012171610010362903
27272217063012622121010784545
27272228154010115554009093969
27272228782009212527008248681
27272229991009212527008248681
27272252721025012541022382739
27272254279013152262011452545
27272289579018860985016624505
27272319281012170608010361901
27272420489010115554009093969
27272566564010567067009516613
27272672232014880690012898768
27272672569010115554009093969
27272713664019071638017904113
27272839900010364555008671325
27272931548011267582009516613
27272932048013276543012052875
27272932366022278517019823524
27272932374014879688012897766
27272932668012171610010362903
27273239346009664040008671325
27273358523013525147011629833
27273358973019951103017644922
27273358981016234227014165698
27273359139011267582009516613
27273482127010567085009516631
27273540844009664040008671325
27273694914012374121011208191
27273790026015782714013743054
27273901138020137316018100208
27273901286022643883019790784
27273901294010115554009093969
27273901707010567085009516631
27273903181009664040008671325
27273904455010567067009516613
27273906067008309501007403393
27273907209008761014007826037
27273907950010115554009093969
27273910501017427235015563342
27273911656008309501007403393
27273914914010115554009093969
27273915163011470093010361901
27273915805009664040008671325
27273920035012170608010361901
27273920183011471095010362903
27273921813021943369019790784
27273922534008182279007284305
27273924391010816069009093969
27273924693011471095010362903
27273927072009913042008248681
27273927471023645528021103131
27273928524010116556009094971
27273929717022542060020351196
27273929792010567067009516613
27273933196010115554009093969
27273933471009664040008671325
27273967570023646530021104133
27273967902019544492017264309
27274150241014879688012897766
27274152538020137316018100208
27274152880027159016024017225
27274228682007512390006345077
27274229042008199042007226104
27274286577014360702012359885
27274287123009664040008671325
27274287654012622121010784545
27274288324010567067009516613
27274333974013976660012052477
27274480519010567067009516613
27274483836025012541022382739
27274484859010115554009093969
27274552102012623123010785547
27274573118010115554009093969
27274595804001987101001797591
27274756131010115554009093969
27274759939020136314018099206
27274855512016234227014165698
27274855652010567067009516613
27274855741011018580009939257
27274856721019233288017253918
27274858007013182355011964748
27274906354021943369019790784
27274909809011471095010362903
27274909949009913042008248681
27274909965020597191018249700
27274956742012527328010695813
27275027028012374121011208191
27275027249021578002019823524
27275071477013976660012052477
27275229445011267582009516613
27275229682019731310016408648
27275320361019544492017264309
27275419279016524209014718054
27275419384011470093010361901
27275474083008983029008033857
27275575521012170608010361901
27275575564013073634011207189
27275575599011719095009939257
27275597304021739855018944494
27275597649008761014007826037
27275620470011470093010361901
27275625847014179173012897766
27275665644009664040008671325
27275703651011719095009939257
27275704054025012541022382739
27275796021010115554009093969
27275816898011470093010361901
27275817800011471095010362903
27275828829013727660012475122
27275852398012374122011208192
27275984650014879688012897766
27276067465018177480015984702
27276067619009913042008248681
27276080232019837809018194661
27276085129022905100021065770
27276085137011267582009516613
27276085358012373119011207189
27276085927010115554009093969
27276087385012374714011207189
27276087466010115554009093969
27276088705025012541022382739
27276099499014880690012898768
27276101639009664040008671325
27276102775009664040008671325
27276114781020227998017904113
27276141355010567067009516613
27276146543022278517019823524
27276158010010115554009093969
27276192847009664040008671325
27276457956019731291016408630
27276737681010364555008671325
27276769451011471095010362903
27276791031014879688012897766
27276837406023645528021103131
27276864551011470111010361919
27276864977013276145012052477
27277211241008666221007737305
27277229043011471095010362903
27277415637024448935021480359
27277456163013276145012052477
27277491597009212527008248681
27277491724014879688012897766
27277627960011018580009939257
27277667903010364555008671325
27277715487010115554009093969
27277725539023748649021480588
27277725881019544492017264309
27277726519013073634011207189
27277726756009010016007403393
27278404256010364555008671325
27278404817009664040008671325
27278404957010816069009093969
27278525258009461529007826037
27278528222018330261016408630
27278529547014879688012897766
27278658711013976660012052477
27278659408011018580009939257
27278683147025555474023171937
27278683457009664040008671325
27278683635008332746006769427
27278683899013276145012052477
27278692375009212527008248681
27278736372013152262011452545
27278899263010567067009516613
27279039357012374121011208191
27279057290013073634011207189
27279057339011267582009516613
27279057665012373119011207189
27279057673011471095010362903
27279057924020911504018543916
27279061468009913042008248681
27279064394014879688012897766
27279066028010115554009093969
27279066222010364555008671325
27279067156024652142022326342
27279067512009212527008248681
27279068225023645926021103529
27279068470011719095009939257
27279069582020911504018543916
27279069655013976660012052477
27279069663009664040008671325
27279069671011018580009939257
27279075272023748419021480358
27279076473012373119011207189
27279076783010567067009516613
27279078255009461529007826037
27279079022015782714013743054
27279086053011719095009939257
27279087556020137316018100208
27279090433021578698019824220
27279135100015782714013743054
27279175757010020761009005237
27279176419012170608010361901
27279180017012170608010361901
27279180262013976660012052477
27279258784010364555008671325
27279259551010816069009093969
27279364630009212527008248681
27279368253009664551008671836
27279372056010567067009516613
27279447439009212527008248681
27279627941013976660012052477
27279702501010816069009093969
27279746347012824632011629833
27280154127012622121010784545
27280180489013881868011963746
27280485921011470093010361901
27280487088013525147011629833
27280487177010567085009516631
27280487401010567067009516613
27280488688011471095010362903
27280489382010567067009516613
27280489889009140554008118969
27280490518009913042008248681
27280491999010567067009516613
27280683618013073634011207189
27280861710010115554009093969
27281076219007406475006558105
27281251398013074636011208191
27281252114010816069009093969
27281252270010568069009517615
27281252408019933803017253918
27281252513013976660012052477
27281253188009117734008159949
27281254311009664040008671325
27281254664010567085009516631
27281390770012373975011208045
27281397201011471095010362903
27281397996020136314018099206
27281436932001159161001022577
27281437823007947584007826037
27281634149005603489004901698
27281944105010115554009093969
27282117032025012938022383136
27282118489024312026022382739
27282118586026955503023170935
27282126244021942385019789800
27282206442010364555008671325
27282455701010115554009093969
27282456406009913042008248681
27282456422010816069009093969
27282456627010364555008671325
27282457550011267582009516613
27282458352020227998017904113
27282459782014428175012475122
27282459863012170608010361901
27282461507021943369019790784
27282462937013073634011207189
27282463011008761014007826037
27282463550010142994009119655
27282475540009461529007826037
27282476512009461529007826037
27282478760010115554009093969
27282666710010567067009516613
27282666982020227998017904113
27282913807011470093010361901
27282922741012170626010361919
27283235500010567067009516613
27283400978013976660012052477
27283427701012170608010361901
27283501219010115554009093969
27283738936021537344018099206
27283788526012622121010784545
27283788690012170608010361901
27283886765001953183001656543
27284290262010115554009093969
27284330876009664040008671325
27284421510013074636011208191
27284447404010115554009093969
27284583065010567067009516613
27284583561008761014007826037
27284583960010567085009516631
27284584010009212527008248681
27284585874010568069009517615
27284758035019933803017253918
27284758272009913042008248681
27284758450009664040008671325
27284758752011470093010361901
27284758809011719095009939257
27284764450012170608010361901
27284864595010115554009093969
27284969060021739856018944494
27284972355009461529007826037
27284972754021595010019183720
27284973505022278517019823524
27285030736009664040008671325
27285248642009664040008671325
27285306294014428175012475122
27285307541013276145012052477
27285311743014879705012897783
27285464825013525147011629833
27285610880008761014007826037
27285698745009461529007826037
27285941194010816069009093969
27285941607010115554009093969
27285941755010816069009093969
27285943081011921606010784545
27285943626009664040008671325
27285943952011267582009516613
27285945203013976660012052477
27285947435009461529007826037
27285949969013525147011629833
27286073757011018598009939275
27286378582008761014007826037
27286378736018860985016624505
27286772655010115554009093969
27286774909009212527008248681
27286777878006277471005499121
27286802791022278539019823546
27286966735018330261016408630
27287082628009664040008671325
27287242226011267582009516613
27287247090023546910020636072
27287247597014180175012898768
27287332233013073634011207189
27287335003010115554009093969
27287384667009664040008671325
27287440354010115554009093969
27287441202009212527008248681
27287442756010816069009093969
27287444384020136314018099206
27287444538011018580009939257
27287476642011471095010362903
27287541118013276145012052477
27287542157010684138009516613
27287546969011719095009939257
27287547191009664040008671325
27287547612008761014007826037
27287618153014428175012475122
27287792269022144075019697695
27287792595011267582009516613
27287845311009664040008671325
27287992586009010016007403393
27288126513020227998017904113
27288126726013074636011208191
27288127501018828265015563342
27288298462010816069009093969
27288399439009664040008671325
27288705416021943369019790784
27288705777013525147011629833
27288706374009212527008248681
27288708458019731291016408630
27288754719020137316018100208
27288854314010364555008671325
27288854411012374121011208191
27288985435008761014007826037
27288988450009212527008248681
27288989783010568069009517615
27288992369011267582009516613
27289000130010567067009516613
27289000653008761014007826037
27289001021010568069009517615
27289002249013977663012053480
27289002885005057778004546985
27289003180008761014007826037
27289024234010115554009093969
27289024684011471095010362903
27289024900021595010019183720
27289176654020137316018100208
27289179688013073634011207189
27289189446010364555008671325
27289189470022278517019823524
27289189683013073634011207189
27289189802010364555008671325
27289210313015985225014588342
27289211719025554471023170934
27289441560011470093010361901
27289586712010364555008671325
27289693810011268584009517615
27289798442011719095009939257
27290061895010567067009516613
27290218743008666221007737305
27290245899009585555008733184
27290323547019233288017253918
27290375741010567067009516613
27290378120005283534004758307
27290379720019233288017253918
27290685481023181704020294153
27290685813020136314018099206
27290688502010568069009517615
27290854240010567067009516613
27290963511011470093010361901
27291034034012170608010361901
27291034972010115554009093969
27291035030013904688011922766
27291036002010816069009093969
27291235455013065569011792934
27291238721009913042008248681
27291425432009212527008248681
27291425815010568069009517615
27291427273009212527008248681
27291448467024449937021481361
27291794128013976660012052477
27291794918011018580009939257
27292140180011471095010362903
27292312925010567067009516613
27292348644009664040008671325
27292365441010115554009093969
27292366995009197030008671325
27292374254022118866019674081
27292374793025013543022383741
27292389995013276145012052477
27292422992009664040008671325
27292763781013525147011629833
27292763854017493973015344898
27293263553010568069009517615
27293263766012171610010362903
27293401808011268584009517615
27293659473014428175012475122
27293764811008761014007826037
27293765990023606451021066606
27293767063009664040008671325
27293768469008761014007826037
27293770234008761014007826037
27293770447006442694005780884
27293843096010115554009093969
27293846745009569247008582593
27293846850012373119011207189
27293846931009212527008248681
27293927494010115554009093969
27294051924013976660012052477
27294290058013277016012053348
27294290236023605637021065792
27294444942009664040008671325
27294516048006909704005780884
27294516293009461529007826037
27294517117019233288017253918
27294517451013073634011207189
27294517583012171610010362903
27294517907009664040008671325
27294529484011719095009939257
27294532353008666221007737305
27294532876010567067009516613
27294534739013074636011208191
27294535972019030776016408630
27294536049000922926000874305
27294584558010567067009516613
27294584736008915223007314661
27294633257009461529007826037
27294865255009212527008248681
27294869285010567067009516613
27294869374010567067009516613
27295070493011719095009939257
27295073824011018580009939257
27295074294013375927012145879
27295091261009212527008248681
27295140610009664040008671325
27295341802023545908020635070
27295466168010567067009516613
27295488250011267582009516613
27295740464009212527008248681
27295740499020227998017904113
27295767907009664040008671325
27295768210009213529008249683
27295786855013976660012052477
27295787703011944851010150579
27295810918011719095009939257
27295827756009664040008671325
27295890768011944851010150579
27296045069010567067009516613
27296047231010115554009093969
27296047770019250588017644922
27296049773009212527008248681
27296131836013976660012052477
27296131879009366736007737305
27296132506010364555008671325
27296251386011267582009516613
27296251408009913042008248681
27296787502008309501007403393
27297165122010816069009093969
27297166323010567067009516613
27297167346009664040008671325
27297279780013277016012053348
27297790868009913042008248681
27297833354010115554009093969
27297835381009871723009516613
27297855102011921606010784545
27297856435009664040008671325
27297888078023749422021481361
27298109056019233288017253918
27298109358013976660012052477
27298109668012622121010784545
27298109781013976660012052477
27298115366014879688012897766
27298116540013074636011208191
27298140530014879688012897766
27298140778010115554009093969
27298142118011267582009516613
27298142576014428175012475122
27298146482011719095009939257
27298148655011018580009939257
27298152059010816069009093969
27298152261009913042008248681
27298152997011398119010232189
27298240144009010016007403393
27298317910013525147011629833
27298318933010567067009516613
27298370943010567085009516631
27298371435020836829018099206
27298447571012171610010362903
27298456473009913042008248681
27298607331011719095009939257
27298749934023641703020724804
27298801529009913042008248681
27298810900012170608010361901
27298821597009664040008671325
27298870091008761014007826037
27298871950008761014007826037
27298941207010568069009517615
27298979166010568069009517615
27299134127009664040008671325
27299139404010115554009093969
27299140038022278517019823524
27299291303024449936021481360
27299308540022278539019823546
27299308753011719095009939257
27299375396021595010019183720
27299767375019933803017253918
27299767553017850594016084632
27299768614008309501007403393
27299769009016524209014718054
27300050927011267582009516613
27300065851013073634011207189
27300255553009212527008248681
27300310287011719095009939257
27300587343009664040008671325
27300593610012622121010784545
27300593734008761014007826037
27300605767001802679001515662
27300767406021942367019789782
27300883678021595010019183720
27301079244010269762008582593
27301079627009212527008248681
27301106985010567067009516613
27301181421007312190006469881
27301181545009212527008248681
27301184730010115554009093969
27301185796011921606010784545
27301329100010816069009093969
27301750019013073634011207189
27301750469011921606010784545
27301750515021537344018099206
27301750663014879688012897766
27301770311013073634011207189
27301771059008761014007826037
27301771180007632231006769427
27302009029010816069009093969
27302009134019030776016408630
27302080874009212527008248681
27302081315008761014007826037
27302082656021942367019789782
27302084268011719095009939257
27302412893009664040008671325
27302414241014879688012897766
27302414810009664040008671325
27302522060011268584009517615
27302522176012463771011629833
27302522575013727660012475122
27302522710010816069009093969
27302668405010816069009093969
27302716523010115554009093969
27302799445013525147011629833
27303002966010115554009093969
27303161142009664040008671325
27303163390009212527008248681
27303164036009664040008671325
27303168848012978841011118457
27303180015009664040008671325
27303180031011267582009516613
27303180902009212527008248681
27303182476009913042008248681
27303182700009913042008248681
27303198372009913042008248681
27303423287010567067009516613
27303423589010115554009093969
27303423872011719095009939257
27303536294008761014007826037
27303537339009913042008248681
27303538025012622121010784545
27303538823013073634011207189
27303550718009212527008248681
27303554179009664040008671325
27303554411013727660012475122
27303556503010115554009093969
27303729424009010016007403393
27303730074009664040008671325
27303731852020830504019034228
27303884055018828265015563342
27304339085011018580009939257
27304348165013977263012053080
27304354866021595010019183720
27304415628009212527008248681
27304415687008761014007826037
27304430147009664040008671325
27304430155009664040008671325
27304430597011375300010273169
27305067402011719095009939257
27305070705010567067009516613
27305070772010115554009093969
27305071485012622121010784545
27305071639007310183006892017
27305080298010115554009093969
27305223781010364555008671325
27305386524020911504018543916
27305507046009664040008671325
27305687737010567067009516613
27305777523011921606010784545
27305777590013073634011207189
27305778465019544492017264309
27305778511012622121010784545
27305778651026955502023170935
27305778953010816069009093969
27305839219012622121010784545
27305839359011470093010361901
27305839987020911504018543916
27305890028011719095009939257
27305906099013276547012052879
27306167087011267582009516613
27306167133010567067009516613
27306221375009664040008671325
27306222126010567067009516613
27306270155011267608009516639
27306272530011719095009939257
27306274460010364555008671325
27306274746009913042008248681
27306328773018330261016408630
27306410070008309501007403393
27306410100009664040008671325
27306457425010567067009516613
27306531838010567067009516613
27306556075010716370009939257
27306706107013276145012052477
27306811687022278534019823541
27306811806013073634011207189
27306841594009212527008248681
27306843244013976660012052477
27306843341011267582009516613
27306848238009664040008671325
27306848246010115554009093969
27306849153008309501007403393
27306850089009197030008671325
27306850151011719095009939257
27306901783011470093010361901
27306901961013073634011207189
27307073175019279778015985986
27307073426008915223007314661
27307073612017478542015158697
27307121102009212527008248681
27307123709008761014007826037
27307728228008309501007403393
27307729011012170608010361901
27307729895009366736007737305
27307983848009664040008671325
27307984437003971429003467628
27307988483009212527008248681
27307988998008309501007403393
27308072334010816069009093969
27308173912012622121010784545
27308217960013976682012052499
27308279869018860985016624505
27308725885010567067009516613
27308726997013073634011207189
27308727764011267582009516613
27308734191013977663012053480
27309176842009664040008671325
27309178527009664040008671325
27309534196019933803017253918
27309719846010115554009093969
27309737070014879688012897766
27309737895022642882019789782
27309939951012622121010784545
27309955256010816069009093969
27310448635009664040008671325
27310815158008332746006769427
27310815220008761014007826037
27310815255010816069009093969
27310815948010364555008671325
27310815956010364555008671325
27310816162009461529007826037
27310816855011719095009939257
27310817061010567067009516613
27310839790012373119011207189
27311202184009212527008248681
27311202702009664040008671325
27311209669021942367019789782
27311318778013976660012052477
27311411654018330261016408630
27311621039009664040008671325
27311621152009461529007826037
27311699607012373119011207189
27311787611011719095009939257
27311805075009461529007826037
27311806470010115554009093969
27311807221008761014007826037
27311892164013976660012052477
27311892326022440370018944494
27311892741013525147011629833
27312332227012170608010361901
27312486127009461529007826037
27312486178021595010019183720
27312500316010816069009093969
27312675582013859925012473993
27312683321010567085009516631
27312734988020399853018470830
27312963146010115554009093969
27313050632009212527008248681
27313052279008761014007826037
27313054859008309501007403393
27313115874010567067009516613
27313116889009664040008671325
27313358696008761014007826037
27313359021013976660012052477
27313370017013976660012052477
27313456612008761014007826037
27313740116012622121010784545
27313919736009664040008671325
27313919779009913042008248681
27313919841009664040008671325
27314145351010816069009093969
27314145742020634318017253918
27314145939011719095009939257
27314175269013525147011629833
27314177210010115554009093969
27314177598013525147011629833
27314618616009913042008248681
27314664197009664040008671325
27314664553008761014007826037
27314666823013976660012052477
27314746673009664040008671325
27314751642010816069009093969
27314815195013073634011207189
27314907758010115554009093969
27315067125009913042008248681
27315067915013525147011629833
27315068571018330261016408630
27315068628010784545010784545
27315097113010364555008671325
27315100017011267582009516613
27315100114013727660012475122
27315202510009212527008248681
27315798243008666221007737305
27315798375012170608010361901
27315798537013976660012052477
27315854038010364555008671325
27315960555014742940013425487
27315962825009913042008248681
27316134217011267582009516613
27316210207010115554009093969
27316210304013976660012052477
27316211785009664040008671325
27316211947012075815010273169
27316212781010115554009093969
27316564319011719095009939257
27316985667008761014007826037
27317133699011018580009939257
27317165280009913042008248681
27317294641010115554009093969
27317328740011719095009939257
27317374076010364555008671325
27317391671010567067009516613
27317394840009664040008671325
27317411753009212527008248681
27317413713008309501007403393
27317536319013525147011629833
27317545601010364555008671325
27317545806009461529007826037
27318197321009664040008671325
27318197917013525147011629833
27318245016010364555008671325
27318251814009664040008671325
27318252691009212527008248681
27318334817012622121010784545
27318377311009212527008248681
27318378067008761014007826037
27318378644009461529007826037
27318409078016126962014065291
27318409124020911504018543916
27318410793011267582009516613
27318593081004333111003868653
27318593731013976660012052477
27318593863013976660012052477
27318641310010816069009093969
27318641744011719095009939257
27318641809010115554009093969
27318886518017476965015984702
27318937139011018580009939257
27319065062011470093010361901
27319065348009913042008248681
27319066727013073634011207189
27319118298011470093010361901
27319118441012622121010784545
27319246938008761014007826037
27319625327011470093010361901
27319768322011719095009939257
27319768365019731291016408630
27319768578022874714020381601
27319769051009664040008671325
27319769728010816069009093969
27319769981010364555008671325
27319889871013276145012052477
27319909759009664040008671325
27319911052020634318017253918
27319911834007763195006892017
27319912040009913042008248681
27320535714006408656005624085
27320539442009140980007525983
27320540777020137316018100208
27320544012008761014007826037
27320544233010246517009216559
27320544462021595010019183720
27320544632019544492017264309
27320550586014879688012897766
27320553992009664040008671325
27320556568009664040008671325
27320561057011470093010361901
27320561391009010016007403393
27320607618016524209014718054
27320608118011719095009939257
27320608312009212527008248681
27320611879009461529007826037
27320774050009212527008248681
27320774301011267582009516613
27320774395008309501007403393
27320774840011267582009516613
27320824503010364555008671325
27320824554022642881019789782
27320824937012170608010361901
27321088398023545908020635070
27321154463013525147011629833
27321321602009212527008248681
27321322692009212527008248681
27321347555011719095009939257
27321383977010364555008671325
27321384582008761014007826037
27321397358010816069009093969
27321546310009664040008671325
27321548046009664040008671325
27321633191009212527008248681
27321679396009212527008248681
27322054500013073634011207189
27322070107009461529007826037
27322070255009664040008671325
27322070328010364555008671325
27322072363009461529007826037
27322072568019030776016408630
27322210561009461529007826037
27322210723013976660012052477
27322301214011719095009939257
27322497003010364555008671325
27322770761019731291016408630
27322771350010816069009093969
27322771687009664040008671325
27322771768003605356003031323
27322772349009461529007826037
27322772535010567067009516613
27322772926013525147011629833
27322835138010567067009516613
27323019547018330261016408630
27323096711010364555008671325
27323146662008309501007403393
27323147014009212527008248681
27323331354010115554009093969
27323518586011267582009516613
27323555503014428175012475122
27323647386009560979009093969
27323649672016524209014718054
27323704266009664040008671325
27323825306008761014007826037
27324013321010816069009093969
27324140501013073634011207189
27324144043013525147011629833
27324144477013525147011629833
27324160146019544492017264309
27324160758012170608010361901
27324160839009664040008671325
27324160960009913042008248681
27324161177010364555008671325
27324161916009145175008185635
27324162777010816069009093969
27324386896010364555008671325
27324423368009212527008248681
27324593379010115554009093969
27324760569008761014007826037
27324760682010567067009516613
27324763290010115554009093969
27325061257013276145012052477
27325061818017493973015344898
27325062881013976660012052477
27325065813009913042008248681
27325066879009461529007826037
27325216331009010016007403393
27325240453019030776016408630
27325241727012622121010784545
27325241948009212527008248681
27325241999010115554009093969
27325299644013276145012052477
27325299660009461529007826037
27325388507010115554009093969
27325399142020911504018543916
27325399940009664040008671325
27325420591010364555008671325
27325422942010115554009093969
27325433316013525147011629833
27325477496011470093010361901
27325504612010364555008671325
27325506968012170608010361901
27325695809022642881019789782
27325706894011267582009516613
27325917526009664040008671325
27325917542008761014007826037
27325992978011267582009516613
27326120044010816069009093969
27326620918009664040008671325
27326624611009664040008671325
27326639228010567067009516613
27326639325014879705012897783
27326639597014879705012897783
27326639643014179173012897766
27326639961012374121011208191
27326640005013525147011629833
27326846444016524209014718054
27326851022013976660012052477
27326854749009664040008671325
27326856539010364555008671325
27326858183008761014007826037
27326858973011470093010361901
27326859090010115554009093969
27326885636009664040008671325
27327057648011719095009939257
27327131481020911504018543916
27327195595009664040008671325
27327196982010364555008671325
27327413940012824632011629833
27327495246009913042008248681
27327495386010816069009093969
27327495866011719095009939257
27327496250009664040008671325
27327496412009010016007403393
27327496498010364555008671325
27327739021009212527008248681
27327740852022278517019823524
27327742243013976660012052477
27327742472008761014007826037
27327745587008309501007403393
27327761345009664040008671325
27327761582009212527008248681
27327885605009212527008248681
27327997071009461529007826037
27328092870011018580009939257
27328361278011018580009939257
27328423575011921606010784545
27328553770009212527008248681
27328559205011267582009516613
27328559396010816069009093969
27328559639010115554009093969
27328591761013976660012052477
27328592385009212527008248681
27328593349009145175008185635
27328593462017427235015563342
27328597506009664040008671325
27328598332009664040008671325
27328598995009664040008671325
27328599274009664040008671325
27328629742008761014007826037
27328733906018127750015563342
27328885196009664040008671325
27328885684009664040008671325
27328885986011267582009516613
27328931848010364555008671325
27328961976009212527008248681
27328980148010364555008671325
27329001720012632346010777267
27329281480008309501007403393
27329283181008761014007826037
27329287144009664040008671325
27329288167010567067009516613
27329379995008012197006469373
27329380225009010016007403393
27329663332009010016007403393
27329804076008761014007826037
27329804696008761014007826037
27329804858008309501007403393
27330175708010115554009093969
27330546250006408656005624085
27330548172012622121010784545
27330548490009212527008248681
27330620213011267582009516613
27330620515010567067009516613
27330620655010567067009516613
27330620930023545926020635088
27330621252002363357002149789
27330621805012373137011207207
27330622976013276145012052477
27330626742010364555008671325
27330627390017427235015563342
27330629164010364555008671325
27330631630009664040008671325
27330635083013976660012052477
27330650058008761014007826037
27330652395009212527008248681
27331309554009461529007826037
27331309783000576388000549924
27331366620020911504018543916
27331366752003906365003313086
27331366949013525147011629833
27331367236001555706001466626
27331369190008666221007737305
27331369328011018580009939257
27331372108012373154011207224
27331373503013525147011629833
27331374097010115554009093969
27331408625008761014007826037
27331409796008309501007403393
27331410700013976660012052477
27331410727019233288017253918
27331420471013525147011629833
27331420544010364555008671325
27331420595011629833011629833
27331421818009664040008671325
27331423160011719095009939257
27331534744013525147011629833
27331649657013073634011207189
27331804830011267582009516613
27331878346009461529007826037
27331981120009664040008671325
27332064520011719095009939257
27332077096008106990006558105
27332077312010364555008671325
27332077525013976660012052477
27332077533011267582009516613
27332077746009664040008671325
27332078610009212527008248681
27332080275009461529007826037
27332080976008405234007352547
27332081581011719095009939257
27332081999009664040008671325
27332102554013073634011207189
27332346097010364555008671325
27332889252009010016007403393
27332895139010115554009093969
27332895449010721276009005237
27332895694013525147011629833
27332934533014428175012475122
27333518185010364555008671325
27333518363012170608010361901
27333518924012373119011207189
27333719342009212527008248681
27333719970009664040008671325
27333720332008535258007614715
27333721134010816069009093969
27333850392013276145012052477
27333851151009664040008671325
27333851283010364555008671325
27334364629009212527008248681
27334464356010816069009093969
27334534117013073634011207189
27334535377010027026008948633
27334535393013525147011629833
27334535571013073634011207189
27334544015012622121010784545
27335201170008761014007826037
27335209376011719095009939257
27335210986008452571007737305
27336171135014879688012897766
27336219162010115554009093969
27336220217010816069009093969
27336220667009664040008671325
27336221582009212527008248681
27336221787009010016007403393
27336271121010364555008671325
27336271717008666221007737305
27336272276008761014007826037
27336290681009913042008248681
27336291564009664040008671325
27336291947009212527008248681
27336307045004006099003234687
27336346636011719095009939257
27336348027008309501007403393
27336348523012373119011207189
27336377809011267582009516613
27336381237009117734008159949
27336381962008463710006892017
27336390686013073634011207189
27336393111010364555008671325
27336477196009913042008248681
27336477242011267582009516613
27336478044011267582009516613
27336478249009913042008248681
27336713108012622121010784545
27336723006009461529007826037
27336931539010364555008671325
27336935429008761014007826037
27337266792009212527008248681
27337489546017624093015648844
27337492075009664040008671325
27337492636022191368019367138
27338197603009461529007826037
27338822532009664040008671325
27338829561009212527008248681
27338872343000717398000717398
27338872386010100057009516613
27338872637019933803017253918
27338872688014428175012475122
27338873552013976660012052477
27338873587008309501007403393
27338873854012373119011207189
27338874796010567067009516613
27338878694008761014007826037
27338879909009664040008671325
27338885062010816069009093969
27338915212008214708007314661
27338915662011719095009939257
27339259378020836829018099206
27339263553008761014007826037
27339566327015782714013743054
27339584023009913042008248681
27339584066010816069009093969
27339585046009664040008671325
27339586166010261494009093969
27339586212010364555008671325
27340102458009913042008248681
27340607134009664040008671325
27340820865012622121010784545
27340820911008463710006892017
27340821578013073634011207189
27341050664013976660012052477
27341054430010364555008671325
27341054767013525147011629833
27341055216009461529007826037
27341055542010816069009093969
27341055550008761014007826037
27341055852009913042008248681
27341055879013073634011207189
27341069888010567067009516613
27341081349008761014007826037
27341671464008309501007403393
27341672819008761014007826037
27341688618012622121010784545
27341689126010364555008671325
27341689363012622121010784545
27341689827019030776016408630
27341692186009212527008248681
27341694790010364555008671325
27341721127009461529007826037
27341834398008761014007826037
27342241420009461529007826037
27342242257018860985016624505
27342311658008761014007826037
27342312859009461529007826037
27342354411002318321002045154
27342417014009913042008248681
27342417316020227998017904113
27342417456009010016007403393
27342417804010364555008671325
27342418738009010016007403393
27342436086009212527008248681
27342436396013276145012052477
27342439824008309501007403393
27342636603010364555008671325
27343104176011267582009516613
27343145093008761014007826037
27343299082009212527008248681
27343531171012373119011207189
27343531295013976660012052477
27343531457009913042008248681
27343981770011944851010150579
27344230175015998347013429632
27344428102008761014007826037
27345820243009010016007403393
27346033229012622121010784545
27346371116008761014007826037
27346371426010816069009093969
27346379036013525147011629833
27346380646009664040008671325
27346380751009212527008248681
27346380840009461529007826037
27346383475013073634011207189
27346938841010115554009093969
27346940218010138799008460003
27346940234008309501007403393
27346943241000538762000514704
27346953085013073634011207189
27346958540019527483017904113
27347842015009461529007826037
27347842058010364555008671325
27347842260011267582009516613
27347842651011267582009516613
27348638365013073634011207189
27348638624013525147011629833
27348638942009461529007826037
27348639027009913042008248681
27348639205011719095009939257
27348639663013525147011629833
27348789045007763195006892017
27348800154007044712006344409
27348801746008309501007403393
27348887136009010016007403393
27349183469009534873008671325
27349184163013073634011207189
27349190422010364555008671325
27349190856011719095009939257
27349192956009913042008248681
27349196765013525147011629833
27349197257013976660012052477
27349255699011944851010150579
27349255710013525147011629833
27349255915012622121010784545
27349258302009664040008671325
27349260471013073634011207189
27349260595013525147011629833
27349260714010816069009093969
27349260919009461529007826037
27349261400010364555008671325
27349261575009913042008248681
27349262172010115554009093969
27349265201010115554009093969
27349265775013525147011629833
27349266860009461529007826037
27349309357008761014007826037
27349810242013073634011207189
27349814264008761014007826037
27349816429008309501007403393
27349818642019544492017264309
27349943226009461529007826037
27349944222009212527008248681
27349945644009212527008248681
27349956190011944851010150579
27350525691013976660012052477
27350871352018177480015984702
27351053750013073634011207189
27351063551008761014007826037
27351064191009212527008248681
27351065260009212527008248681
27351065694011719095009939257
27351066291008761014007826037
27351648363009010016007403393
27351649149010364555008671325
27351649203013976660012052477
27351649327009664040008671325
27351649394012622121010784545
27351649564009212527008248681
27351649815012824632011629833
27351777023010567067009516613
27351777333020911504018543916
27351777988009913042008248681
27351993893009212527008248681
27352128789011267582009516613
27352469977008761014007826037
27352866240009461529007826037
27352866887009913042008248681
27352867980009212527008248681
27352868030009461529007826037
27352869347016758632014344232
27352869711010816069009093969
27352876572009212527008248681
27353437947008761014007826037
27353453780008761014007826037
27353454507009913042008248681
27353454574009664040008671325
27354529462009461529007826037
27354760717009212527008248681
27355042710008309501007403393
27355824476009913042008248681
27356847917010816069009093969
27357377582011267582009516613
27357377728012373119011207189
27357377965009461529007826037
27357382977009913042008248681
27357384112008761014007826037
27357384554009212527008248681
27357392190013525147011629833
27357392360009010016007403393
27357392638009010016007403393
27357395122008915223007314661
27357397540013073634011207189
27357400290013073634011207189
27357400452012824632011629833
27357400509010115554009093969
27357400959010567067009516613
27357401009018843977017264309
27357401963018860985016624505
27357402986010364555008671325
27357407155007311682006469373
27357407244008761014007826037
27357412205010364555008671325
27357422553010816069009093969
27357422588009461529007826037
27357424416009461529007826037
27357427466012622121010784545
27357428721010364555008671325
27357435345008761014007826037
27357435515011267582009516613
27357436554008012197006469373
27357436716010816069009093969
27357438468010816069009093969
27357439480009461529007826037
27357445162013073634011207189
27357445278013073634011207189
27357445529008761014007826037
27357448056011719095009939257
27357452282011267582009516613
27357452401011267582009516613
27357453122008309501007403393
27357454919019544492017264309
27357465295013073634011207189
27357465503010816069009093969
27357468928009461529007826037
27357469673008761014007826037
27358427419011267582009516613
27358429535018843977017264309
27358429829010816069009093969
27358430010009461529007826037
27358437503009461529007826037
27358440644009461529007826037
27358445204022440370018944494
27358446626008761014007826037
27358449080009212527008248681
27358451425013073634011207189
27358454629010816069009093969
27358455544010364555008671325
27358455633009461529007826037
27358458071008761014007826037
27358458179012622121010784545
27358459809009913042008248681
27358470306008736890007403393
27358472651009235773007614715
27358473178013525147011629833
27358997649007763195006892017
27359137600011719095009939257
27359177513008309501007403393
27359414108013525147011629833
27360447222009040404008087563
27361216607016810467014705094
27361220426007300846006521698
27361221791009010016007403393
27361366293014879688012897766
27361366323011470093010361901
27362283413013073634011207189
27362980823008309501007403393
27363922568009212527008248681
27363922762010816069009093969
27365174089013525147011629833
27365176367013073634011207189
27365176693009461529007826037
27365176898010816069009093969
27365180364010816069009093969
27365184440013073634011207189
27365188020010816069009093969
27365191544010115554009093969
27365191862012622121010784545
27365745256010364555008671325
27365906950009913042008248681
27366388171013073634011207189
27366389909013525147011629833
27366390281008309501007403393
27366390303008761014007826037
27366391857008214708007314661
27366398843008414748007189697
27366400112008761014007826037
27366401143013073634011207189
27366402018000734792000698200
27366404126009010016007403393
27366407613010115554009093969
27366410657013976660012052477
27366417198009117734008159949
27366418127009212527008248681
27366418380008761014007826037
27366425328009461529007826037
27367133894011267582009516613
27367135633009461529007826037
27367137113017427235015563342
27367390943013073634011207189
27368788940008761014007826037
27369286930013073634011207189
27369287112008309501007403393
27369945659016810467014705094
27369947309010816069009093969
27369947880009057062008040687
27371029287009010016007403393
27371032075008309501007403393
27371193249008309501007403393
27371289289010567067009516613
27371291798011267582009516613
27371294622010816069009093969
27371294754009010016007403393
27371295718008106990006558105
27371296129001594875001430432
27371302862011267582009516613
27371310393010816069009093969
27371316189013073634011207189
27371316227013073634011207189
27371316243011267582009516613
27371316286013073634011207189
27371316944009913042008248681
27373132727009010016007403393
27374104549008012197006469373
27374105189011719095009939257
27374108935009461529007826037
27374119228008761014007826037
27374119295009010016007403393
27374414807013073634011207189
27374419426010115554009093969
27374419493012622121010784545
27374423121011944851010150579
27374443122008761014007826037
27374443904009913042008248681
27375096647008761014007826037
27375099344011267582009516613
27375099654009461529007826037
27375100598008309501007403393
27375294104008012197006469373
27375300961009461529007826037
27375301348006634412005835407
27375329749009010016007403393
27376509481007508347006169494
27376521864009913042008248681
27376526874009235773007614715
27376536195009010016007403393
27377110566009010016007403393
27377343919008309501007403393
27377361976006634412005835407
27377508276011244336010150579
27379543001007311682006469373
27379843129012622121010784545
27380527133019544492017264309
27380985077009461529007826037
27381122757012622121010784545
27381133465009212527008248681
27381134127009212527008248681
27381137282009010016007403393
27381138777010115554009093969
27381141646009010016007403393
27381144106011244336010150579
27381759151008463710006892017
27381859318013073634011207189
27383252453009010016007403393
27383543660010923787009850525
27383674854009010016007403393
27383679244008715757007471460
27383686658009010016007403393
27383706764009913042008248681
27384840200017022213013872766
27384851652011018580009939257
27384852179009010016007403393
27385561607012622121010784545
27385574016009010016007403393
27385592723011921606010784545
27386389840010115554009093969
27386412834009461529007826037
27386413385012622121010784545
27387174511012023479010395935
27387175003022278517019823524
27387185831019233288017253918
27387213282009010016007403393
27387214556010816069009093969
27387804922009013392007578308
27387829186018160470016624505
27388338976010364555008671325
27394493495008915223007314661
27394523866008309501007403393
27395811385008414748007189697
27397938692009010016007403393
27397946903009212527008248681
27397948477008332746006769427
27411246871009010016007403393
27430733376013073634011207189
27432241349001275913001022577