20142147182016477329015093959
20143149464012696793010978107
20143624375010094564009119355
20148242004008504355007630766
20160062739022011036019696810
20160975793012299461010606180
20161722279014683451012837741
20161912124014683470012837760
20163090660012299992010606711
20163462894007687093006886913
20164674054014683451012837741
20164680496022011036019696810
20164721087014066998012837741
20165248857014683451012837741
20165266219010888697009862679
20166147507019605094017444701
20166157936010888344009862326
20166200157020898608018902715
20166200432018287972016211794
20166202222022011036019696810
20166383022021394583019696810
20166623295022011036019696810
20166625093022011036019696810
20167156720030686261027578267
20167336796013888787012093887
20167537848022011036019696810
20168023171010010264009040389
20168206667019605094017444701
20168429402022011036019696810
20168580984022011036019696810
20168605138013094125011350034
20168848448022011036019696810
20168851678013094125011350034
20169728853022011036019696810
20169996467035199952031712613
20170427859011683008010606180
20170729146022011036019696810
20170805152017719956015927301
20170805977022011036019696810
20171239134022011036019696810
20171243611022011036019696810
20171396086017719956015927301
20171396760030360615027228943
20171398518018402123016318646
20171612714019605094017444701
20171649715013094144011350053
20171705968012377456011350034
20171839646019486553017333739
20171876878028476446025996036
20172153020010888694009862676
20172155082023317274021878883
20172960708012300343010607062
20172965866022011036019696810
20173225319014638545012837741
20173302003013888787012093887
20173453532010312803008746546
20173705221022011036019696810
20173933593022011036019696810
20173965649014683451012837741
20174248045020239906018615962
20174295795018865710017329630
20174563129013094125011350034
20174679631013888787012093887
20174679852014066998012837741
20174682136009518141008002693
20174837296008723477007258839
20174893382022011036019696810
20174982342014066998012837741
20174984086020808064018570755
20175024183028323761025359035
20175118374022011036019696810
20175141511014683451012837741
20175142364024693714021878129
20175242865014066998012837741
20175262114022011036019696810
20175484656022011036019696810
20175538551011505324009862852
20175622242023345718020946155
20175622838022011036019696810
20175638106013094125011350034
20175747517032199510029481052
20175747894021394583019696810
20175841769022011036019696810
20176191865014683451012837741
20176581612013518197012324030
20176707829014066998012837741
20176753529028488821024853544
20176753588014683451012837741
20176754126035199953031712613
20176772728010889227009863209
20176774836013094140011350049
20176784807013865163012837741
20176801469022011036019696810
20177314774022011036019696810
20177355004012478197011350559
20177390381022011036019696810
20177390799014066998012837741
20177442195019696810019696810
20177574156022729265020946155
20177649172013094125011350034
20177649245022011036019696810
20177649261010888367009862349
20177791629009299018008374619
20177791742022011036019696810
20177792501019464620017313210
20177792838020156488018537878
20177792919008326146006886913
20178065085022011036019696810
20178404831009299018008374619
20178405900011505324009862852
20178909380019464601017313191
20179089425014683451012837741
20179089565026487593024134348
20179089697034583499031712613
20179109582026488476024135231
20179118328022011036019696810
20179120411012262920010606180
20179121191020899491018903598
20179234816014683451012837741
20179319587012299461010606180
20179319943022011036019696810
20179611482023345718020946155
20179667879022011036019696810
20179668085014683451012837741
20179668298022011036019696810
20179669790009895016008932510
20179672503014683451012837741
20179914647022011036019696810
20180117165011902129010234253
20180370626022011036019696810
20180374079010030344009004326
20180405012010888344009862326
20180410156018402123016318646
20180410369019605094017444701
20180410539014683451012837741
20180577646023345718020946155
20180907751014684332012838622
20180981137014683451012837741
20181012693022011036019696810
20181013134020772942018537878
20181023059011504814009862342
20181023539012477672011350034
20181024128018988641017444701
20181548682008326146006886913
20181838931022011036019696810
20181845148022011036019696810
20181905639014066998012837741
20181976595014286120012465814
20182119084014066998012837741
20182119858022011036019696810
20182286436013865163012837741
20182540855022011036019696810
20182805212009299018008374619
20183126114018865710017329630
20183721446022011036019696810
20183768086010710135009118473
20183768167021462235019183099
20183768248014683451012837741
20183768310022011918019697692
20183891139021693272019646569
20184060699022011036019696810
20184405424022011036019696810
20184410584009916353008375501
20184715822014066998012837741
20184782368022011036019696810
20184785170014683451012837741
20184795419021394583019696810
20185150144022011036019696810
20185393160009299018008374619
20185426700018786466017313191
20185427146034583499031712613
20185592856022011036019696810
20185893252014683451012837741
20185917895022011036019696810
20185942717011778672011350170
20186038984014683451012837741
20186170661022011036019696810
20186204973020899491018903598
20186464282020772942018537878
20186671040010888521009862503
20186681542022729265020946155
20186921438035199952031712613
20187442096022011036019696810
20187574278023345718020946155
20187774382008901687008002693
20200047800010889098009863080
20200596987011683358010606530
20200606982021394583019696810
20200661495009915471008374619
20200726775022011036019696810
20201280835014683451012837741
20201519277022248118019918733
20201519935014683451012837741
20201523967009915471008374619
20201525323021394583019696810
20201525714014683451012837741
20201534497022011036019696810
20201534594022011036019696810
20201536228021394583019696810
20201536724027255914024853544
20201542392010274049009863080
20201543763018870100017333739
20201553580023345718020946155
20201557063022011036019696810
20201557209018848148017313191
20201561877022011036019696810
20201566399014683451012837741
20201570019014066998012837741
20201574146020808064018570755
20201588716022011036019696810
20201628130023345718020946155
20201706379018870237017333876
20201707316019605094017444701
20201905916016681085014707649
20202673210007312360006514985
20203071427012299461010606180
20203071753012300343010607062
20203271108021394583019696810
20203271388020192493018571637
20203337222020808064018570755
20203337419022011036019696810
20203349719021409550019133782
20203536411022011036019696810
20203791616010273295009862326
20203972408014683451012837741
20204204048014066998012837741
20204220264022011036019696810
20204792950017720838015928183
20204793671013094125011350034
20204866423019605706017445313
20205060236022011036019696810
20205060783010889227009863209
20205134450022011036019696810
20205380893021394583019696810
20205504045022011036019696810
20205577735022011036019696810
20205640100020772942018537878
20205640631012697025010978339
20205781421022011036019696810
20205782762022011036019696810
20205794426022011036019696810
20205898140023345718020946155
20205911112022011036019696810
20205912771032021300028737199
20205947494020772942018537878
20205947931013888787012093887
20206026759021394583019696810
20206048515018287972016211794
20206054221013094125011350034
20206129221010889227009863209
20206271745022011036019696810
20206349566014683451012837741
20206382482014066998012837741
20206583232021394583019696810
20206603934021479024019446077
20206728672023345718020946155
20206809699021956214021134276
20206809893020516501018874872
20206821354022011036019696810
20207190528018870100017333739
20207289222022011036019696810
20207324664022011036019696810
20207324923010491895009491281
20207326500018848148017313191
20207578224013094125011350034
20207600637021394583019696810
20207602877014683451012837741
20207773264022011036019696810
20207985997014683451012837741
20208577051020772942018537878
20208875591009915471008374619
20208980158014683451012837741
20208981049013094125011350034
20208981588014683451012837741
20209000416012216043010528096
20209166497008504355007630766
20209596459009299900008375501
20209597854019742061017765257
20209599059024693715021878130
20209599830020724232019696810
20209826683013094125011350034
20210182102022011036019696810
20210530275011504798009862326
20210695290021394583019696810
20211005123014683451012837741
20211124513010889227009863209
20211126834008504355007630766
20211394316010889098009863080
20211598019011504798009862326
20211706954022011036019696810
20213308700011504798009862326
20213333047014683451012837741
20213393511020898608018902715
20213397681007709693006886913
20213400046010888344009862326
20213407660017199153015192592
20213415574020808946018571637
20213417712012300290010607009
20213418328013656029012837741
20213422716010888344009862326
20213422961019605094017444701
20213424956010889226009863208
20213426169019605113017444720
20213432991014683451012837741
20213434641023345718020946155
20213435257020772942018537878
20213439236018402123016318646
20213439589010491014009490400
20213442032014683451012837741
20213450884025310168021878130
20213452429019925735017415008
20213454839021394583019696810
20213455959020808064018570755
20213911466014705403012858289
20215393950022011036019696810
20215478786022011036019696810
20215576222011633834010606412
20215628621019605113017444720
20216090862020899491018903598
20216313217032797076029986544
20216317247009299034008374635
20216321546021462235019183099
20216326491019486553017333739
20216328796012299461010606180
20216429436022011036019696810
20216786379014066998012837741
20216788975019605113017444720
20216869436021394583019696810
20216931239022011036019696810
20217011451018988641017444701
20217012083022011036019696810
20217090815022011036019696810
20217258813010710154009118492
20217455368009299900008375501
20217679967022011036019696810
20217836728022729265020946155
20217863555022011036019696810
20217966451012263152010606412
20218220658022011036019696810
20218248862009915471008374619
20218299351012696792010978106
20218305556014683451012837741
20218710523013888806012093906
20218970533022011036019696810
20218972560022011036019696810
20219063157020239906018615962
20219100052022011036019696810
20219100125009324839008297417
20219100966022011036019696810
20219135794019605094017444701
20219274255012081222010978989
20219426489014683451012837741
20219427566013010706011271949
20219481587022011036019696810
20219482001024693715021878130
20219685115010094564009119355
20219685158007626274006808828
20219696834022011036019696810
20219756276020898680018902787
20219872861012478025011350387
20219915730022011036019696810
20220089151014683451012837741
20220259219013094125011350034
20220277993014683451012837741
20220418058020899491018903598
20220493866009518141008002693
20220701310022011036019696810
20221047010022011036019696810
20221185995021394583019696810
20221423799018402123016318646
20221428251019605094017444701
20221691262010888344009862326
20221691319008504355007630766
20221780842021394583019696810
20221953305019605094017444701
20222117683014683451012837741
20222149313010888344009862326
20222185719019464601017313191
20222273138017365711015927320
20222300003011683365010606537
20222399921020772942018537878
20222399956010274178009863209
20222420246014134651012324030
20222420467011683890010607062
20222429774008504355007630766
20222430233008901687008002693
20222435227016477329015093959
20222436118017720838015928183
20222489297020845782019183099
20222489718011505552009863080
20222713987010710135009118473
20222742138014066998012837741
20222742235020191611018570755
20222796432014683451012837741
20223082565009299034008374635
20223473459010889227009863209
20223522085019003609016881674
20223991018010889227009863209
20224055774022011036019696810
20224151013022011036019696810
20224185260012696793010978107
20224221941011504798009862326
20224323868014066998012837741
20224539666014683689012837979
20225283495023345718020946155
20225995320012299986010606705
20225996025010889227009863209
20225996998022488817020391305
20226178709008492735008095465
20226245619014683451012837741
20226245740014683451012837741
20226620134021409550019133782
20226773755022011036019696810
20226773895020808946018571637
20226877623014066998012837741
20227220261022011036019696810
20227633426012081222010978989
20227633434022011036019696810
20227633469019605094017444701
20227633752013888787012093887
20227671026014066998012837741
20227709066022011036019696810
20227709473009915471008374619
20227830159018402123016318646
20227830205010889227009863209
20228064638006581429005862234
20228388700013888787012093887
20228389057008807900007630766
20228445305022011036019696810
20228867676011504798009862326
20228970620012299461010606180
20228970736014683451012837741
20229078551008922143007444803
20229098331019605094017444701
20229099036010888344009862326
20229560132012299461010606180
20229693272013094125011350034
20229951360021409550019133782
20230209600014683451012837741
20230390895014066998012837741
20230401722021394583019696810
20230412740022011136019696910
20230421235011017149010606180
20230428388007709693006886913
20230483303011683277010606449
20230485195012477672011350034
20231352571014683451012837741
20231376098019605094017444701
20231376365022011036019696810
20231393820012696793010978107
20231546775010711017009119355
20231613243021409550019133782
20231614959008504355007630766
20231626248020808064018570755
20231722085020103946018158862
20232127873011683008010606180
20232821729022011036019696810
20232906031011903011010235135
20232946890010093682009118473
20232983354010491014009490400
20232983591008901687008002693
20233207137017199153015192592
20233216225021598481018980800
20233216454019003609016881674
20233351106010710135009118473
20233386775011024048009412315
20234101588010094564009119355
20234102673014135532012324911
20234181220008901687008002693
20234320441022011036019696810
20234961501014683451012837741
20234989767008504355007630766
20235554020020808064018570755
20235556635008901687008002693
20236001394022011036019696810
20236217613013888787012093887
20236217788022011036019696810
20236258573012299461010606180
20236359698014066998012837741
20236546358009518141008002693
20236554415009299034008374635
20236843530022011036019696810
20236876307013865163012837741
20236906796019605094017444701
20237190484012478553011350915
20237191693009915471008374619
20237206267011902129010234253
20237274378022011036019696810
20237400500021394583019696810
20237403569022011036019696810
20237406797010312803008746546
20237407173010094564009119355
20237407874022011036019696810
20237789092007669808007258839
20237856520011504798009862326
20237856709010889227009863209
20238007179011683008010606180
20238007594010094564009119355
20238008809019605094017444701
20238047901001612534001612534
20238093105011107467009490400
20238110204022011036019696810
20238286760022011036019696810
20238899185009299900008375501
20238995664008504355007630766
20239200266012478553011350915
20239211314009612932008668462
20239272984009915471008374619
20239347976010312803008746546
20239353364014683451012837741
20239353518014286120012465814
20239629920011504798009862326
20239732551012299461010606180
20239761535017719972015927317
20239766030020104827018159743
20239945571010710135009118473
20240033713011504798009862326
20240051347009299018008374619
20240055660009299018008374619
20240061466019696810019696810
20240121000009696350008746546
20240139503009299034008374635
20240630061022387739020390442
20240631785011246697010253522
20240682940012477672011350034
20240745020014066998012837741
20241476090022011036019696810
20241682448012477672011350034
20241898645013888787012093887
20242019068010710135009118473
20242019297011902129010234253
20242213840009518141008002693
20242335121008504355007630766
20242404409020850647018280829
20242404875018402123016318646
20242405057009916353008375501
20242607342012696792010978106
20242612931009915471008374619
20242799942013094144011350053
20243116520022011036019696810
20243116970021515062018902715
20243462224009299900008375501
20243691924013888787012093887
20243763186009299900008375501
20243763682017556970015527531
20243796629020898608018902715
20243831254013094125011350034
20244234756014066998012837741
20244293698022011036019696810
20244320970013889137012094237
20244445803013094737011350646
20244512144007511026006700949
20244843132013888787012093887
20245129042014683451012837741
20245129131013888817012093917
20245206349013094125011350034
20245783494010093682009118473
20245785098010093697009118488
20245786531011582953010555531
20246593303006716363005957095
20246678066022011036019696810
20246855944009299018008374619
20247026860027618605024616063
20247126466009299018008374619
20247128000012299461010606180
20247260014022011036019696810
20247328476022011036019696810
20247328530009915471008374619
20247328999010711017009119355
20247329979011108348009491281
20247469266008107023007258839
20247473689028456523025400364
20247570137010888344009862326
20247750690012478021011350383
20247940635014683451012837741
20248074931009530324009119355
20248131161021394583019696810
20248404141012299461010606180
20248992795013094357011350266
20249016994019925736017415008
20249489477010710135009118473
20249507300020103946018158862
20249508854012697675010978989
20249566889012299461010606180
20249569764008504355007630766
20249672700012299986010606705
20249676595011107467009490400
20249896668021409550019133782
20249896862019605975017445582
20249896951010491014009490400
20250040564017786552016319528
20250086076019003609016881674
20250200316014683451012837741
20250279710009118473009118473
20250360844014683451012837741
20250637056019605975017445582
20250637218011505681009863209
20250750375014683451012837741
20250959037012299461010606180
20250990031012696793010978107
20251081272009915471008374619
20251140694009916353008375501
20251248991014286120012465814
20251599506022011036019696810
20251631795011504798009862326
20251689483010711017009119355
20251723525019605975017445582
20251723568011505681009863209
20251723606013094125011350034
20251723703013094147011350056
20251723975013094125011350034
20251743321012299461010606180
20251820474012696793010978107
20251866326014683451012837741
20251866709019605975017445582
20251866946022059330019742016
20251909408018402123016318646
20252009192014286120012465814
20252080512022011036019696810
20252080709012299461010606180
20252176390010889227009863209
20252177206015900475013977006
20252177362006247208005870487
20252177427008326146006886913
20252177648022011036019696810
20252177915010711017009119355
20252255096022011918019697692
20252346954008107023007258839
20252708961019309282017415008
20252760475022011036019696810
20252816462009299018008374619
20252816756010710135009118473
20252909428012478021011350383
20252909533014066998012837741
20252909746021394933019697160
20253113627029615707026485439
20253333473017230841015819258
20253337711011683008010606180
20253488035009696350008746546
20253577410019003609016881674
20253577836012696808010978122
20253680734020808064018570755
20253828847018402123016318646
20254080986011107467009490400
20254081222012377456011350034
20254241009010491014009490400
20254383776010711017009119355
20254460703010888344009862326
20254465489023345718020946155
20254465632012299461010606180
20254705544009518141008002693
20255013816010889227009863209
20255016475009299900008375501
20255170180010888344009862326
20255174046009299900008375501
20255291239018402123016318646
20255357175010491895009491281
20255948904010094564009119355
20255961129008901687008002693
20256442281019605094017444701
20256444381013888787012093887
20256659221015900475013977006
20256680158011504814009862342
20256680530010889226009863208
20256680735019605094017444701
20256799546013670419012466567
20256933803031405727028738080
20257000819010889227009863209
20257095240009299048008374649
20257096654009299900008375501
20257099777010094564009119355
20257300898012300343010607062
20257301746028616541025550136
20257417760012477672011350034
20258186959011107467009490400
20258285361011504945009862473
20258364016010890630009863208
20258596367017199153015192592
20258609086018402123016318646
20258807082013094125011350034
20258808070011505411009862939
20259122393012299461010606180
20259260044020808064018570755
20259260087007669808007258839
20259261075011902129010234253
20259646058008107023007258839
20259646198020206579018007728
20259646368009696350008746546
20259723907013094125011350034
20259867216011683890010607062
20260138872010312803008746546
20260401352008901687008002693
20260402421014066998012837741
20260599683011504798009862326
20260785673009915471008374619
20260786076011504798009862326
20260786416013094125011350034
20260786637018952881015927320
20260814312010710135009118473
20260814401011107467009490400
20260976355021409550019133782
20260976991012299461010606180
20260990048008504355007630766
20260991958010491895009491281
20261089190010889226009863208
20261253764019003609016881674
20261376394013888787012093887
20261435080011107467009490400
20261547636009215600008296535
20261589681023720841020390422
20261619971007312360006514985
20261895715019605094017444701
20261896916013094144011350053
20262094783014683451012837741
20262105157009120808007630766
20262105645010093682009118473
20262525490010093682009118473
20262527957010889227009863209
20262622739014683451012837741
20262622992013094125011350034
20262765041022011036019696810
20262793177012696793010978107
20262917917012299461010606180
20263290187009120808007630766
20263468628012299461010606180
20263469306012477672011350034
20263819986018402123016318646
20263857241010711017009119355
20263948514020808064018570755
20263948565013273216012094769
20263967152009915471008374619
20263968884017800638015755619
20264109796013094140011350049
20264109842012299461010606180
20264280541011193501010782532
20264386390020808064018570755
20264386420010093682009118473
20264392595012005529010978107
20264489459011107467009490400
20264489572012080340010978107
20264489742014683451012837741
20264497230013188916012015803
20265029117013094125011350034
20265029230018402123016318646
20265029311011504798009862326
20265300147019003609016881674
20265648933017199152015192591
20265976892012299461010606180
20266361034010710135009118473
20266467959009832054008296535
20266472561022011036019696810
20266553952012299461010606180
20266558520022487935020390422
20266912758021394583019696810
20266951192013094125011350034
20267242624014286120012465814
20267293393014683451012837741
20267636347032637753028737199
20267702099009915471008374619
20267702226014286120012465814
20267810207008901687008002693
20267954055010710150009118488
20267991821020793096019133782
20267991937023899933021135158
20268376209008504355007630766
20268522639011646467010606180
20268559044020772942018537878
20268559559012696793010978107
20268559575014286120012465814
20268905473008413662008002693
20269553651008107023007258839
20269641100019605094017444701
20269931230019003609016881674
20270101055008901687008002693
20270214100030406911027803126
20270375295009120808007630766
20270475699011504798009862326
20270479228018402123016318646
20271691107019605094017444701
20271691832014683451012837741
20272159735022132127018903328
20272216755010888344009862326
20272932388022011036019696810
20273010220010711017009119355
20273359835017803373016005385
20273909703019131073016671155
20273911007007297882006886913
20273924389009518141008002693
20273924680007312360006514985
20273931431007709693006886913
20273967266010094564009119355
20274154145009299018008374619
20274484889013095006011350915
20274956594012696793010978107
20275066754010094564009119355
20275220850010710154009118492
20275422003010710135009118473
20275819302009120808007630766
20276080599008504355007630766
20276086856013094125011350034
20276100468009915471008374619
20276103114013094125011350034
20276155084007312360006514985
20276512375009518141008002693
20276626974019131088016671170
20276737776019605094017444701
20276791134009120808007630766
20277491878009518141008002693
20277530474011902129010234253
20277584132012300343010607062
20278404383009299018008374619
20278529348019605094017444701
20278682014013094144011350053
20278720943009915471008374619
20279039190013094125011350034
20279039263011505680009863208
20279058241011504798009862326
20279069545008658188007630766
20279078811011902129010234253
20279087810010710135009118473
20279174306013095006011350915
20279363850013094125011350034
20279646291011902129010234253
20279804962022011036019696810
20280387186010710135009118473
20280489949007669808007258839
20281251946010710135009118473
20281252101011107467009490400
20281392841008901687008002693
20281436326010010264009040389
20281437551017719956015927301
20281437853007312360006514985
20281763483008901687008002693
20282118050022487935020390422
20282463491017719956015927301
20283548784010710135009118473
20283671861019605094017444701
20283766579010710135009118473
20283914640009518141008002693
20284006543020808064018570755
20284051263012299461010606180
20284587570019309282017415008
20284686420012697474010978788
20284758626011107467009490400
20284803672010649911010252641
20285306451011902129010234253
20285357439022011036019696810
20285357870022011036019696810
20285357986010710135009118473
20285771537012299461010606180
20285874875011504798009862326
20285949662013094125011350034
20285950334019003609016881674
20285951772012696793010978107
20286378383017199152015192591
20286444424010312803008746546
20286748148009696350008746546
20287156031007134150005771132
20287241810008107023007258839
20287247606011505680009863208
20287369981010312803008746546
20287543531008901687008002693
20287544120012696793010978107
20287985461020898609018902715
20288709662008326146006886913
20288780790009299018008374619
20289008900008107023007258839
20289177885009299900008375501
20289189387010312803008746546
20289189506008901687008002693
20289189743008901687008002693
20290061912009215600008296535
20290125759012696793010978107
20290512973012299461010606180
20290525757008901687008002693
20290688184018402123016318646
20291448411017199172015192611
20291499725009299018008374619
20291499849011107467009490400
20291675817007928813006514985
20291779353010710135009118473
20292312971013094125011350034
20292374497013094125011350034
20292389818011107467009490400
20292851813012299461010606180
20292899042010710135009118473
20293422886009120808007630766
20293842877009915471008374619
20293844373010710135009118473
20293968536009518141008002693
20294094831019003609016881674
20294485474010888344009862326
20294516094018402123016318646
20295341190009612932008668462
20296036227013094125011350034
20297168437009299018008374619
20297293398017363535014439594
20297788710008902568008003574
20297821882009696350008746546
20297873203008901687008002693
20298109590009518141008002693
20298142156009915487008374635
20298143004010491014009490400
20298149428011902129010234253
20298447712012696793010978107
20298801710014066998012837741
20299179754013094144011350053
20299308384011683008010606180
20299308570009916353008375501
20300883665010312803008746546
20301070358009120808007630766
20301070641011504798009862326
20301478691011285676010234253
20301772689011902129010234253
20302080780008364346008002693
20303181416009518141008002693
20303182404010491014009490400
20303198106009915471008374619
20303423762011504798009862326
20303553879008504355007630766
20303726269009120808007630766
20303728105010710135009118473
20303973819009915471008374619
20304406616009299018008374619
20305777111009696350008746546
20305777553009518141008002693
20305778312009299018008374619
20305778584012299461010606180
20305901459012299461010606180
20306063678018402123016318646
20306846532008041735007630766
20307702100009299018008374619
20307729076009915471008374619
20308329330011902129010234253
20308726925009016935008110572
20308811507018403005016319528
20309737874009299018008374619
20311206940008723477007258839
20311578112012696793010978107
20311689054011107467009490400
20312138302013888787012093887
20312486262012299461010606180
20312500273011504798009862326
20312967902016130629014439594
20313367127011683008010606180
20313588980012696793010978107
20314745184018402123016318646
20314907796016597666014629564
20315067171012299461010606180
20315098468008107023007258839
20315798109010710135009118473
20315989559009120808007630766
20316212922008504355007630766
20318376639008107023007258839
20319065181009696350008746546
20319065378008723477007258839
20319726838012988755011251401
20319769146011107467009490400
20319769766009915471008374619
20319909282009915471008374619
20319911341018402123016318646
20320608903008504355007630766
20321320369010312803008746546
20322072156017539551015181393
20322772778012696793010978107
20323648337009915471008374619
20324160214009915471008374619
20325061481009518141008002693
20325066483012299461010606180
20325068087008723477007258839
20325068346012696793010978107
20325089815012299461010606180
20325240319008326146006886913
20325399806011902129010234253
20326057232009120808007630766
20326639215013095006011350915
20326639401011902129010234253
20326639703011504798009862326
20326640396017800638015755619
20326641007012477672011350034
20326827704008107023007258839
20327130774011504798009862326
20327997123012299461010606180
20330621118017199152015192591
20330621363014683451012837741
20330622890015078986013785024
20330633507009120808007630766
20330886995016494439014439595
20330997282015394696013503510
20331370070016130629014439594
20331421791007914335006886913
20331804763011504798009862326
20332077016008723477007258839
20332077261010517822009490400
20332077601017800638015755619
20332077644009915471008374619
20332079930011902129010234253
20332103394011107467009490400
20333518342012299461010606180
20333850487010888344009862326
20333857252006925954006514985
20334516130011902129010234253
20334516688008326146006886913
20334516807007312360006514985
20334535054009120808007630766
20335498209009120808007630766
20336219141011504798009862326
20336221146008107023007258839
20336258333008326146006886913
20336258619010312803008746546
20336350698008326146006886913
20336381941006855984005862809
20336383596011107467009490400
20336394059012299461010606180
20336477019012299461010606180
20336477396011504798009862326
20337754350009696350008746546
20338872020019605706017445313
20338873701011504798009862326
20338888016011504798009862326
20338888318017199152015192591
20338888946008901687008002693
20339586048011902129010234253
20339586455011504798009862326
20339586463011504798009862326
20339950661009120808007630766
20340097514009299018008374619
20341033749009518141008002693
20341054304009915471008374619
20341689164009120808007630766
20341721262011285676010234253
20342417443011504798009862326
20343145773008504355007630766
20344098507007709693006886913
20346939282010312803008746546
20347888061009518141008002693
20348788486007063532006652563
20349190282009120808007630766
20349197155010073125009412315
20349252237007312360006514985
20349256127007297882006886913
20349256909007050733005693048
20349266890007845396006436901
20350525565018158200015183448
20350538055009518141008002693
20350539671011504798009862326
20351777851008901687008002693
20352148939008723477007258839
20352518701009120808007630766
20352865169008326146006886913
20353763378008326146006886913
20357382549007709693006886913
20357387311007709693006886913
20357392560009120808007630766
20357395063017363536014439594
20357395640016747084014439595
20357395810011504798009862326
20357397961017199152015192591
20357402418008326146006886913
20357407819011504798009862326
20357453721017800638015755619
20357465053016597666014629564
20357466777019003609016881674
20358427082008326146006886913
20358429263007928813006514985
20358453393011504798009862326
20358456597009402041008374619
20358457550007709693006886913
20358457984011504798009862326
20359137088009299018008374619
20359137142008326146006886913
20359174005008107023007258839
20361366310013888787012093887
20361751486007709693006886913
20362283796009915471008374619
20365168904009518141008002693
20365173142009915471008374619
20365178764007928813006514985
20365190098008922143007444803
20365908142007312360006514985
20366382268008326146006886913
20366398180007928813006514985
20366398687007928813006514985
20366404482007297882006886913
20366404563009120808007630766
20366404709009120808007630766
20366416332007312360006514985
20366418092017199152015192591
20366418289008326146006886913
20366422170010511469008932510
20367135493011107467009490400
20371313088007928813006514985
20374419103011683008010606180
20374441419007914335006886913
20375422213011504798009862326
20376533485010886286009893111
20377022921011107467009490400
20379554785007542407006514985
20380529670010312803008746546
20381128777007134150005771132
20381130984011504798009862326
20381141811014363092012208033
20381142311008723477007258839
20383679878011107467009490400
20383689423015695439013785024
20385591528007928813006514985
20386419605007928813006514985
20386419893008640059007180755
20394492362006716363005957095
23123871499009299018008374619
23125020844010094564009119355
23140789704019546806018570755
23144126459013094125011350034
23146370209010888344009862326
23148287694013094125011350034
23160077689014499761012838622
23164277259013094125011350034
23164477274019925735017415008
23165913264010890630009863208
23166579104014066998012837741
23166597994013094144011350053
23167337414019003609016881674
23168580584010093682009118473
23168847769022011036019696810
23169346569022011036019696810
23170665864012299461010606180
23175638369014683451012837741
23176557974008580104007552682
23176872489028991920025901514
23177279854008107023007258839
23177698679013888787012093887
23178898299022011036019696810
23179108569022011036019696810
23179109344010312803008746546
23179109689014684332012838622
23180384189014066998012837741
23180404074009299034008374635
23181600829018848148017313191
23181905549011683008010606180
23182145564020856359018615962
23182501204022035180021213242
23182905364010888870009862852
23183721224009299900008375501
23184513994016424848015094841
23184687984024432318021056424
23185150089022011036019696810
23185162974013865163012837741
23185184854017094542015094719
23185754774011505324009862852
23187343194023418302020684265
23201525489022011036019696810
23201528879015996197014066553
23201530024012696793010978107
23201555809022011036019696810
23201577934009518141008002693
23202606954011683145010606317
23202674704009299018008374619
23202675794008023606007180755
23203074484010888344009862326
23203270984020899491018903598
23203536364010888577009862559
23203938934009518141008002693
23204035164019605094017444701
23204226474014286120012465814
23204602549022011036019696810
23205008144008723477007258839
23205194134010889227009863209
23205194754026487593024134348
23205357254012299696010606415
23205639764031081753027857726
23205642544024694597021879012
23206501294016478211015094841
23206642394009299018008374619
23206728264022011268019697042
23206728884009915471008374619
23207327654009119355009119355
23207395234014683451012837741
23208058444009916353008375501
23208981374018072842016010419
23209000024014898751013695741
23209003244018195001016372029
23209006324008667289008375501
23209167344011504798009862326
23209603624023105270020391304
23211210354018926569017444804
23211804319013094125011350034
23211814179021394583019696810
23213394924009696350008746546
23213395394008438578008438578
23213396714010889227009863209
23213399659010889227009863209
23213406604011683890010607062
23213407864010094564009119355
23213409344017785670016318646
23213411594018870450017334089
23213422324009299018008374619
23213453114021517348018903598
23215972194022011036019696810
23216310454020899491018903598
23216311574010889227009863209
23216311809021394583019696810
23216312244010889227009863209
23216319214009299900008375501
23216426444032021300028737199
23216427033010888344009862326
23217257719011504818009862346
23217488974010889227009863209
23217500044018849030017314073
23217917034021515944018903598
23217919894009518141008002693
23217996724014683451012837741
23218401414009768717008182389
23219101414008724359007259721
23219101449013010706011271949
23219319584022011036019696810
23219684304018848908017313951
23219756364021394583019696810
23220258424009916353008375501
23220320804010093682009118473
23220893154013094140011350049
23221192974022011036019696810
23221770714009120808007630766
23221870484019605094017444701
23221910184020898608018902715
23222421764019605094017444701
23222433304013094125011350034
23222435099022011036019696810
23222997844012300343010607062
23223314864022011036019696810
23223364284020772942018537878
23223576494021694154019647451
23223932614014683451012837741
23224050054010889226009863208
23224055994020899491018903598
23224151314012299480010606199
23224151454011505681009863209
23224287364008785588008374619
23224400934018848148017313191
23224401094010889227009863209
23224450214018849030017314073
23224851804009612932008668462
23225283214015774211012951888
23225561419019605094017444701
23225721394010022604009611635
23226113924011504798009862326
23226171789022011036019696810
23226183264009299018008374619
23226426124010889227009863209
23226681779022011036019696810
23226698671014683451012837741
23226811044029029722025359917
23226813144007669808007258839
23226917764011108348009491281
23227053119022011036019696810
23227221534020899491018903598
23227224169009915471008374619
23227225874025310168021878130
23227470194020899491018903598
23227671114010710135009118473
23227671424032021300028737199
23228200824011107467009490400
23228323144009299303008374904
23228566284008723477007258839
23228641014016478211015094841
23229099914008723477007258839
23229159674010093682009118473
23229761439022011036019696810
23230034214013094125011350034
23230350264010274178009863209
23230414874019310164017415890
23230429219009915471008374619
23230511799021394583019696810
23231180834011683358010606530
23231580794008107023007258839
23231640304022011036019696810
23232139404013094125011350034
23232742534010888344009862326
23232984864011504798009862326
23233207209018848148017313191
23233739154010889227009863209
23234111469010093682009118473
23234868454011599590010528096
23234984659010888344009862326
23235297949016925292015183447
23235773384020808064018570755
23235773414013094144011350053
23235840774008504355007630766
23236151964018402123016318646
23236305244010093682009118473
23237406389022011036019696810
23238081734020899491018903598
23238082854014793211012940483
23238269504023899051021134276
23238523214007709693006886913
23238866804010010264009040389
23238869064010888344009862326
23239767869021394583019696810
23239818633017541747015183448
23240102129023345718020946155
23240139944008785588008374619
23240639459035816406031712613
23240646994009916353008375501
23240683334010888344009862326
23240879719010492082009464660
23240901684020721280018159743
23241058514008901687008002693
23241331644022011036019696810
23241584194011504798009862326
23241682145009402041008374619
23241898059023345718020946155
23241898229010710135009118473
23241980944011286558010235135
23242776534010094564009119355
23243467349018402123016318646
23243774179012299461010606180
23243987849012299461010606180
23244503659011683890010607062
23244660274027872367024853544
23244660444011505680009863208
23245786964009299018008374619
23246963584010889227009863209
23247333754034227079030224906
23247669094010888344009862326
23247669779013094125011350034
23248390484014066998012837741
23248402644008786470008375501
23248404604020104827018159743
23248599014010889226009863208
23248834854022488285020390772
23249444294006517697005771132
23249557064009696350008746546
23250086814020341106018902715
23250279469023345718020946155
23250750544013094125011350034
23251168814010093682009118473
23251597669008786470008375501
23251683794009518141008002693
23251688664030166991027578506
23251847843008723477007258839
23251848009011683890010607062
23252079459011505681009863209
23252141154010491369009490755
23252176144011108348009491281
23252437754021394583019696810
23252437789022011036019696810
23252708944019836863017908903
23252817689009120808007630766
23252817794010889227009863209
23252817824021337733018159743
23253338024008785588008374619
23254704504010711017009119355
23255200704017720838015928183
23255206184011421380009784242
23255842994022309725019646569
23257366804019310164017415890
23257619109018402123016318646
23257685934027872367024853544
23257801934010888676009862658
23258109384019605094017444701
23258878639013888787012093887
23259467314007709693006886913
23260038974012299693010606412
23260230484009299018008374619
23260286234009299900008375501
23260340964007050733005693048
23260402994008107023007258839
23260785834020104827018159743
23261255804011903011010235135
23261558254009518141008002693
23261635054008504355007630766
23261896354011683008010606180
23262308944013888787012093887
23262413594008504355007630766
23262525244012299461010606180
23263418824008545172007630766
23263545494023899051021134276
23263690109014683451012837741
23263857984011683890010607062
23263968654009299034008374635
23264035384018515502016672037
23264109124009299547008375148
23264109744009901369009490400
23264243084010711017009119355
23264386764011107467009490400
23264489334012696793010978107
23264594189010889227009863209
23264599784015627387013721323
23265540694009299034008374635
23266294204008757702008375501
23266361254009518141008002693
23266609299012477672011350034
23266951744016064632014707649
23266959079013094125011350034
23267071004018402123016318646
23267074534009299018008374619
23267293414011285676010234253
23267296324020899491018903598
23267744904008107023007258839
23267991839009507607009211709
23268135944011902129010234253
23268413634018336409015927301
23268762469009910470009119355
23269533404013888787012093887
23269553804010093682009118473
23269640774017093782015093959
23270224474013889669012094769
23270377424010093697009118488
23270378234010889226009863208
23270604374010094564009119355
23270642144010888344009862326
23270754554007709693006886913
23271189109009120808007630766
23272342814009915471008374619
23272972079013094140011350049
23273540644009299018008374619
23273901124011504798009862326
23273912444016925293015183448
23273913114008901687008002693
23273931619008901687008002693
23274150084009696350008746546
23274359609014191726012377456
23274855304009001347008746546
23275028614010889748009862326
23277491559008107023007258839
23277708884011505140009862668
23277938944010710135009118473
23278524094010710135009118473
23278528774010093682009118473
23279057554010888344009862326
23279060334007313243006515868
23279078209012696793010978107
23279091124017720838015928183
23280559814011504798009862326
23281252224009299018008374619
23282456184009120808007630766
23282457334011505680009863208
23282460734010312803008746546
23282464764010093682009118473
23282477874017785670016318646
23282479214009299018008374619
23283064379018336410015927302
23283191664011107467009490400
23284758544012299461010606180
23284972554007928813006514985
23285048834009120808007630766
23285307074011902129010234253
23285307554012696793010978107
23285464684016582698015192591
23285952654012299461010606180
23287547579010710135009118473
23288708134008420938007552682
23289189874011902129010234253
23290376254008888049008374619
23290689503008107023007258839
23291034179009120808007630766
23292363974010312803008746546
23292694814011683008010606180
23293263914013094140011350049
23293844844008901687008002693
23294439544012696793010978107
23294517529010710135009118473
23295072504011107467009490400
23295566264009696350008746546
23296036234018980800018158862
23296131814008107023007258839
23296654744011504798009862326
23298109484019003609016881674
23299182339011683008010606180
23300210694012299461010606180
23300881564008504355007630766
23301750374010491014009490400
23301900899012299461010606180
23302063559009120808007630766
23302083509008504355007630766
23302413444008504355007630766
23303032584019131955016672037
23303180834009915471008374619
23303181113011633602010606180
23303181334009773968008746546
23303424504009120808007630766
23304430184008107023007258839
23305385034010710135009118473
23305778559010517822009490400
23305778834012477672011350034
23305829544008107023007258839
23305900559012299461010606180
23305901504009299018008374619
23305906034013094125011350034
23306411624009518141008002693
23306950304010312803008746546
23307169789008326146006886913
23307730634009915471008374619
23307747774010626717009040389
23308726789011504798009862326
23310815284009120808007630766
23310883514015728778014439594
23311905104008326146006886913
23312500434011504798009862326
23312787164009120808007630766
23312914514008504355007630766
23313053164009299018008374619
23313878074016925293015183448
23313919579009518141008002693
23314145194012299461010606180
23314176634008504355007630766
23314672844008107023007258839
23314813324008107023007258839
23314889134011902129010234253
23315261384017199152015192591
23316211399008504355007630766
23319023984008723477007258839
23319065474009518141008002693
23319071954011504798009862326
23319768904009518141008002693
23319769404008107023007258839
23319769544010312803008746546
23320540534008723477007258839
23320549884010710135009118473
23320607604008107023007258839
23320824184010093682009118473
23320934184017800638015755619
23322210604009518141008002693
23322831714007626274006808828
23323079234011285676010234253
23324161414009518141008002693
23324162844009915471008374619
23324373284007709693006886913
23325241314011902129010234253
23325241799009434723007924609
23325241934007542407006514985
23326121304009915471008374619
23326610984009120808007630766
23326639974011504798009862326
23326640964011683761010606933
23326887404007709693006886913
23327743414006256069004949194
23329804844008107023007258839
23330617314018402123016318646
23330620854012299461010606180
23330656204010093682009118473
23330994444009915471008374619
23331366064006716363005957095
23331368024011107467009490400
23331372404022011036019696810
23331373753008901687008002693
23331420484011285676010234253
23331420654011902129010234253
23331420794011504798009862326
23331804924018158199015183448
23332351524010710135009118473
23332889869017199152015192591
23333327694015952420013695741
23334136914011902129010234253
23335990854011504798009862326
23336348579008326146006886913
23336477654011683008010606180
23336622204012299461010606180
23336711819007709693006886913
23336712904007928813006514985
23336933234007709693006886913
23338885199009030115008002693
23339273804010491014009490400
23339566054014541305012951888
23339584133017800638015755619
23339586144009915471008374619
23341054044011107467009490400
23341691974008107023007258839
23341834864008326146006886913
23341995914011504798009862326
23342416764009120808007630766
23342418104007228943006436902
23346386304010229385008668462
23348639714011504798009862326
23349184974007928813006514985
23349190214010312803008746546
23349814544007709693006886913
23349815494007709693006886913
23350525394007312360006514985
23351994894012299461010606180
23354765284008107023007258839
23357375614017199152015192591
23357445124009120808007630766
23358427774011107467009490400
23358459994011504798009862326
23361336054010491014009490400
23364536534016597666014629564
23365173834011107467009490400
23365223319008326146006886913
23365601119009915471008374619
23366411313008723477007258839
23371035664011107467009490400
23371392114011504798009862326
23371650164008504355007630766
23373131539009434723007924609
23376515974008326146006886913
23381132994011107467009490400
23381137414008326146006886913
23386434654007928813006514985
23387366024011107467009490400
23402861894006925954006514985
23402861924009120808007630766
23426988054007312360006514985
24184513893021940418019696810
24213429635010273295009862326
24213450766011683761010606933
24219135838010888344009862326
24219687962019310164017415890
24221428842009299900008375501
24221694127022011036019696810
24222742494023345718020946155
24240108867014286150012465844
24241476606019310164017415890
24251597053025310167021878129
24255168890009299900008375501
24255169706010093682009118473
24255174033009299034008374635
24256657534009299900008375501
24259131657016925293015183448
24259930630010889227009863209
24260786403009915471008374619
24260992224009518141008002693
24263259501020720399018158862
24265589584011286558010235135
24267411766009299900008375501
24267748965009215600008296535
24273967067012478553011350915
24277491962010312803008746546
24288128991009299018008374619
24295466347011504814009862342
24298370871011902129010234253
24303181888009120808007630766
24310815094009120808007630766
24315964713008901687008002693
24326640057012299461010606180
24329730375007297882006886913
24357400771014176758012940483
24357453085008723477007258839
24358452104007709693006886913
24362286804015335967013695741
24384852404010517822009490400
27116548475010010264009040389
27118338729010889227009863209
27120176884020104827018159743
27121940413021394583019696810
27125316145012299461010606180
27127690109010888344009862326
27128664888010145895009118473
27128998069010889226009863208
27130018381008785604008374635
27135110855010094564009119355
27135113722008785588008374619
27135119011009299034008374635
27135119232017456389016010419
27136032505015283140013976124
27136033145009299900008375501
27136672822022011036019696810
27137027963010710135009118473
27137753133020899491018903598
27137847294010711017009119355
27139129291026488475024135230
27139594237010011146009041271
27140472714020850084018903597
27142116885009299018008374619
27142721207008504355007630766
27142728376010889227009863209
27142728805009299018008374619
27142729194010312803008746546
27143982748012478553011350915
27144124540012236125010492034
27144231916010312803008746546
27145149695009916353008375501
27145149717011505680009863208
27145149733011108348009491281
27145463632009299018008374619
27145465279022310607019647451
27145992244008504355007630766
27145993291013094125011350034
27146481227008504355007630766
27146980630011504798009862326
27147403769022310607019647451
27147489205014683451012837741
27147591115011505680009863208
27147627306014287002012466696
27149866928018158200015183448
27160027679022011036019696810
27160173861014683451012837741
27160174531010491895009491281
27160987133012696793010978107
27161074735010889227009863209
27161185650011018031010607062
27161943857011683890010607062
27161944632009915471008374619
27163095845010491895009491281
27163104151009518141008002693
27163106502010491895009491281
27163106987009299900008375501
27163107428009299900008375501
27163302670009299018008374619
27163302824011902129010234253
27163399801017720838015928183
27163941290009299900008375501
27164170220019605113017444720
27164178701008901687008002693
27164395419010711017009119355
27165385131012005528010978106
27165385794009518141008002693
27165659002019605094017444701
27166410938011504798009862326
27166627430011505681009863209
27166676024010710135009118473
27167355353010030344009004326
27167712482011683890010607062
27167714671010889227009863209
27167716070020104827018159743
27167720868014683451012837741
27167823675009299034008374635
27168021920010888344009862326
27168026841008901687008002693
27168050408010888344009862326
27168052095008901687008002693
27168053393008107023007258839
27168848388022011036019696810
27170197076010627598009041270
27170284785019605975017445582
27170338192018988641017444701
27170585262008901687008002693
27171228439020808064018570755
27171242008013888787012093887
27171397761008901687008002693
27171649809021478142019445194
27171693174020898803018902910
27171694855008107023007258839
27171839322008504355007630766
27172151286009299018008374619
27172366711013043225012837741
27172599074018951519017924097
27173225488014286120012465814
27173616460011683008010606180
27173676455010710135009118473
27174140176009299018008374619
27174984323008901687008002693
27174991818018402123016318646
27175140048023105270020391305
27175639077009299018008374619
27175749735020720399018158862
27176121748010093682009118473
27176581773010312803008746546
27176633862014286139012465833
27176753531012478553011350915
27176753949026283223023366018
27176754260009299900008375501
27176769594009299430008375031
27177158971018848148017313191
27177180713012477672011350034
27177184441008504355007630766
27177204183010889227009863209
27177247001032637753028737199
27177659164012299461010606180
27177792190013055677011350915
27177792425010710135009118473
27177829779011683008010606180
27177829906021410433019134665
27178167990007626274006808828
27178402485016130629014439594
27178890544012299461010606180
27178909709009299900008375501
27179109668010889227009863209
27179109803009120808007630766
27179121420013094125011350034
27179526323011683890010607062
27179614907022011036019696810
27179668306014066998012837741
27179669817010889227009863209
27179698205018849030017314073
27179716688008504355007630766
27179736824009518141008002693
27179736972018848914017313957
27179770267008901687008002693
27180149711010312803008746546
27180372844010889098009863080
27180405467010710150009118488
27180625777010889764009862342
27180899699028085716025630290
27180900190010889227009863209
27180904439022488817020391304
27180905702018015905017415890
27180907225023345718020946155
27180908299009902250009491281
27181013678009299018008374619
27181013740010109260009862679
27181023452022011036019696810
27181024327022310606019647450
27181024351012300343010607062
27181024378019108215018902731
27181024904009299900008375501
27181024971018848148017313191
27181176402020808064018570755
27181176488016597666014629564
27181194494020191611018570755
27181194796010710135009118473
27181213146010889227009863209
27181318134011683008010606180
27181320759010093682009118473
27181548423009915471008374619
27181548717020899491018903598
27181555764016298205014926344
27181556132008728052008374619
27181570895017457272016011302
27181572405012299480010606199
27181574874018848148017313191
27181816029008504355007630766
27181830498010888344009862326
27181838383024872677022622736
27181849555009299900008375501
27182119666012477672011350034
27182171374026488475024135230
27182222467010146627009119205
27182528914013094125011350034
27182540892012377456011350034
27182546467020772942018537878
27182597150018848501017313544
27182597185013094125011350034
27182598130020239906018615962
27182599331009696350008746546
27182599528019570460018158877
27182600011018848901017313944
27182621728020721280018159743
27182905203012300080010606799
27183004501008785656008374687
27183016372010888344009862326
27183079196010888344009862326
27183079234009299900008375501
27183186782008504355007630766
27183187940010274178009863209
27183397554009299018008374619
27183655383010889227009863209
27183725489022011036019696810
27183768188010511469008932510
27183796068014683451012837741
27184003851024078143021879011
27184051589011683890010607062
27184060669018514620016671155
27184073493020899491018903598
27184091556010888344009862326
27184099549019486694017333880
27184151451021462235019183099
27184161147022011036019696810
27184262318011683890010607062
27184297936021394583019696810
27184318526019605094017444701
27184339701011683362010606534
27184352295022011918019697692
27184513817020899491018903598
27184513884010889098009863080
27184517251026488476024135231
27184519394022011036019696810
27184528474010889227009863209
27184528482010274178009863209
27184716548011683761010606933
27184733353008901687008002693
27184736751022926178019646568
27184783202018848148017313191
27184785140010273645009862676
27184795294031204684027972797
27184809201009299034008374635
27184947337021479024019446077
27184947493010889227009863209
27184947752031967414030529023
27184947876022487936020390423
27184951644009299900008375501
27185005483010312803008746546
27185056525011683890010607062
27185062096021394583019696810
27185062118008901687008002693
27185062584032021300028737199
27185147024014638545012837741
27185147032010491014009490400
27185147059019605094017444701
27185162740010889098009863080
27185162945021515062018902715
27185198346010889227009863209
27185209488018287972016211794
27185209496025293753023016863
27185326271022011036019696810
27185334843010888344009862326
27185373342019362460017794659
27185373474024018481023812997
27185420758010889227009863209
27185426209010094564009119355
27185437375010889227009863209
27185443308019310164017415890
27185509279022011036019696810
27185509619028412387025359035
27185511087019605094017444701
27185607084010889227009863209
27185642246022011036019696810
27185701854010888694009862676
27185753412012697675010978989
27185787651031404866028737218
27185792736009916353008375501
27185830298013094125011350034
27185844884017970420016491606
27185847220010093697009118488
27185910038008786470008375501
27185934948010274178009863209
27185935359022011036019696810
27186015687022011036019696810
27186036994020283559018902715
27186069566009299034008374635
27186113778018786466017313191
27186118842018848901017313944
27186140023012299480010606199
27186143731020898608018902715
27186163295008504355007630766
27186178098018849030017314073
27186194689020899491018903598
27186286362012299461010606180
27186422673016478083015094713
27186422886010093682009118473
27186485667027283010024878955
27186504610017456390016010420
27186681504022011036019696810
27186681539014066998012837741
27186686239031901445028625063
27186735000007709693006886913
27186899119020239906018615962
27186901199009299900008375501
27187114875011017149010606180
27187237373011683761010606933
27187883518010093682009118473
27187913336019605094017444701
27189084736011504798009862326
27200568139013094474011350383
27200620890008107023007258839
27201288016022011036019696810
27201423371010889098009863080
27201511068020284313018903469
27201512250010888694009862676
27201513400009299018008374619
27201514504018848148017313191
27201515055020239906018615962
27201515179009217648009217648
27201516337010273645009862676
27201517325011683008010606180
27201517600022011036019696810
27201518674010854592009862326
27201518690010889227009863209
27201521586020772942018537878
27201522310018727013016622763
27201523031010711017009119355
27201523201018158200015183448
27201523627025928687024134348
27201523678011505031009862559
27201523848027104928024135230
27201524135024054142021879011
27201524577009980361009041158
27201524682020017822017415890
27201526537022083633021878149
27201526960021478189019445242
27201530127010888895009862877
27201530224026487665024134420
27201533290010888344009862326
27201536540022011036019696810
27201536699022011036019696810
27201537946008107023007258839
27201539280023345718020946155
27201539299010710135009118473
27201539477019481462018063564
27201543709020899491018903598
27201543741022011036019696810
27201546244022011036019696810
27201546945020173690018616312
27201548352011902129010234253
27201548891017785670016318646
27201551256008901687008002693
27201551450022243395019647451
27201552481010889227009863209
27201552988012299461010606180
27201555138030792043028737199
27201555170019894771017415008
27201556347011683008010606180
27201559729018786466017313191
27201560425020898628018902735
27201561952014683451012837741
27201564382013805370012015803
27201565206013888787012093887
27201567314022011036019696810
27201572237010491014009490400
27201572474009299018008374619
27201572547022011036019696810
27201573063017785670016318646
27201573691010094414009119205
27201574329029148168028737199
27201575775014066998012837741
27201577115022011036019696810
27201579002008723477007258839
27201583468013095006011350915
27201585177010888870009862852
27201585185014683451012837741
27201587153014683451012837741
27201588370014683451012837741
27201601571010889227009863209
27201627856022011036019696810
27202204126017583712016129601
27202262819016623645016212676
27202464551027872367024853544
27202464578020856359018615962
27202464926011107467009490400
27202465302014066998012837741
27202605082013094125011350034
27202606380012299461010606180
27202606577019571326018159743
27202606755014066998012837741
27202671700018848148017313191
27202673223011683761010606933
27202675188021631664019918733
27202675943012299480010606199
27203008460020103965018158881
27203010007009271724008375501
27203070387010889227009863209
27203070867010888344009862326
27203072665010093682009118473
27203074188017719956015927301
27203074404022011036019696810
27203074609019314567018903598
27203077152019486553017333739
27203077314009916353008375501
27203077322018848498017313541
27203077357017719972015927317
27203078248013865163012837741
27203089576020899491018903598
27203141039018870100017333739
27203270289022011036019696810
27203270300021394583019696810
27203271072021515944018903598
27203271781010889227009863209
27203271870012236125010492034
27203337529014683451012837741
27203337766021515062018902715
27203337847010273295009862326
27203337944031404847028737199
27203344495022011036019696810
27203347257022011036019696810
27203429946011683890010607062
27203536041019605094017444701
27203536521022011036019696810
27203536750010889227009863209
27203564363020898608018902715
27203930831010888344009862326
27204324110011505680009863208
27204324900017671519016211794
27204344162008658188007630766
27204480317017719956015927301
27204480368022011036019696810
27204602978009299018008374619
27204652428005838282005135158
27204792211020104827018159743
27204792238010889227009863209
27204793250009299023008374624
27204793374018848148017313191
27204793714013094140011350049
27204793919010888344009862326
27204858573010889227009863209
27204866010022011036019696810
27204866746015996181014066537
27204951093018158200015183448
27204951190021515945018903598
27204967240011504798009862326
27205008344010889110009863092
27205025249023683922020932902
27205039266022011036019696810
27205060532022011389019697163
27205060710020899491018903598
27205060761017093782015093959
27205119715010888694009862676
27205187060009299018008374619
27205192153033355982029986544
27205192994008504355007630766
27205194636013094125011350034
27205196027010888344009862326
27205196132009299018008374619
27205196337008504355007630766
27205196361026487593024134348
27205196574018988641017444701
27205207924018848671017313714
27205240123021940418019696810
27205240786022011036019696810
27205357497010888344009862326
27205442303016477679015094309
27205442362028999254026485439
27205442907012697524010978838
27205503973011683890010607062
27205510163010710154009118492
27205510325010889227009863209
27205510430012299484010606203
27205511062010889227009863209
27205511348012477672011350034
27205511607022011036019696810
27205640970019162528017222778
27205641284026487593024134348
27205641845016477964015094594
27205641942010889227009863209
27205642868010888344009862326
27205645123020899491018903598
27205646340010889227009863209
27205646464010888344009862326
27205647096016478211015094841
27205647940010491895009491281
27205649331010889227009863209
27205649846017231932015927302
27205649978013094474011350383
27205780047019465483017314073
27205780993019026931018615962
27205781213010312803008746546
27205781892021394583019696810
27205781906012300343010607062
27205782465013094147011350056
27205832225010889227009863209
27205879051022011036019696810
27205898129016925293015183448
27205898161022011036019696810
27205906539011471045009862326
27205906687022248118019918733
27205906814012080340010978107
27205912784023104389020390423
27205946387010889227009863209
27205947030010889227009863209
27205948053020856359018615962
27205948169018849030017314073
27205948703010889098009863080
27206042724020239906018615962
27206044948018848148017313191
27206045278023345718020946155
27206045383020107779019696810
27206054064009299577008375178
27206054498022011036019696810
27206054749022011036019696810
27206054927021515944018903598
27206150802022011036019696810
27206169562020899491018903598
27206169716020899490018903597
27206247490022011036019696810
27206382649030166752027578267
27206382975022011036019696810
27206458300019605094017444701
27206472974022011036019696810
27206501532014066998012837741
27206603831010888344009862326
27206604226010889227009863209
27206604617010030344009004326
27206609104022132397018903597
27206609384013094125011350034
27206728413032195075028322873
27206728529011505681009863209
27206756654011505680009863208
27207105339010888344009862326
27207188412022011036019696810
27207216211029810352026090579
27207323808008504355007630766
27207324448008785588008374619
27207325789016478211015094841
27207326068010010264009040389
27207327366009915471008374619
27207329342010889227009863209
27207381212009529442009118473
27207381565019424813017333758
27207382111010093682009118473
27207382529018848148017313191
27207383223016925293015183448
27207395248022011036019696810
27207606257010094564009119355
27207697619014683451012837741
27207711603010888344009862326
27207870213023105271020391305
27207871112010889227009863209
27207871139023899401021134626
27207872429008420938007552682
27207872593010888344009862326
27207872798010889227009863209
27207873131017725042017314073
27208059403010890631009863209
27208059632025943493024505102
27208059799024693715021878130
27208145539010312803008746546
27208190127011261675010234253
27208238553024013924021763983
27208257957018848901017313944
27208388644020899362018903469
27208487219014683451012837741
27208498334018988641017444701
27208574901022011036019696810
27208577021017785670016318646
27208875510018870982017334621
27208939942016925293015183448
27208980071023720860020390441
27208980195010312803008746546
27208980721010888344009862326
27208980918010854642009862376
27208981523013094125011350034
27208981639010491014009490400
27208981981008785588008374619
27209002227010888344009862326
27209002367014683451012837741
27209002871010889227009863209
27209004424008041735007630766
27209006109010889227009863209
27209007202010093682009118473
27209105107020899491018903598
27209119140022011036019696810
27209166564012477808011350170
27209166750011505681009863209
27209166947009299018008374619
27209167137020899491018903598
27209310916023104407020390441
27209311033009299900008375501
27209378057020808064018570755
27209378529020899369018903476
27209573267011107467009490400
27209578935010094564009119355
27209586059022011036019696810
27209586865009530174009119205
27209595783012299461010606180
27209596127010710150009118488
27209596488010093682009118473
27209597409018952862015927301
27209599762010094564009119355
27209619194009299041008374642
27209741542022011036019696810
27209768726025104223024134348
27209872167010889227009863209
27210058554020899490018903597
27210250544020772942018537878
27210251109023345718020946155
27210270421014066998012837741
27210292166023104389020390423
27210316405014683451012837741
27210316472010093701009118492
27210365511008723477007258839
27210394066010825008009748180
27210443237013094125011350034
27210558506022729265020946155
27210673550009299018008374619
27210676045011107467009490400
27210762677017671539016211814
27210800161021409550019133782
27210894077012696793010978107
27210894875020899491018903598
27211000223010889227009863209
27211050875011683008010606180
27211123023026488475024135230
27211125719011683358010606530
27211126235013865163012837741
27211126812011683008010606180
27211127215017671656016211931
27211127401014683451012837741
27211128262023721723020391304
27211128742010094564009119355
27211210376009696350008746546
27211599273022011036019696810
27211720609021694154019647451
27211793150012477672011350034
27211801099022729265020946155
27211803962018848148017313191
27211813933014683800012838090
27213062307008107023007258839
27213209715008504355007630766
27213302081018870860017334499
27213336032032407654029098851
27213336083012478021011350383
27213341087009862342009862342
27213391319010274178009863209
27213393036008107023007258839
27213393125010094564009119355
27213395306027366427024957039
27213396396009118473009118473
27213396434009299900008375501
27213397716010094564009119355
27213399212010889227009863209
27213400067010889227009863209
27213400571011683008010606180
27213400652020720399018158862
27213400962018849030017314073
27213401748018848148017313191
27213401934009299900008375501
27213404720021394583019696810
27213404739012300343010607062
27213405956013094125011350034
27213406022023899052021134276
27213406057019486572017333758
27213406154014684332012838622
27213407363020835067018903598
27213409129008504355007630766
27213410666010888371009862353
27213412898011471571009862852
27213413215008785588008374619
27213415064011286558010235135
27213416583010888344009862326
27213417792009530324009119355
27213418381011683890010607062
27213418500011683008010606180
27213418640014066998012837741
27213419019011683890010607062
27213419183023283480021135157
27213421153023345718020946155
27213422184008504355007630766
27213422567022011036019696810
27213422907014683451012837741
27213423717014683451012837741
27213423776010889227009863209
27213424608010889227009863209
27213427224012696793010978107
27213427593011683358010606530
27213428573008504355007630766
27213429901014683451012837741
27213430349020899491018903598
27213431027008504355007630766
27213431116011505680009863208
27213431345010888344009862326
27213431434013094125011350034
27213432678023345718020946155
27213433100022011036019696810
27213433712011504798009862326
27213433771019309282017415008
27213435227010888344009862326
27213435480010627599009041271
27213435545025410012022621983
27213438153020808064018570755
27213438315011683358010606530
27213438722011683761010606933
27213439303020546590019724652
27213439338014683451012837741
27213439478022011036019696810
27213439494010889227009863209
27213439540014683451012837741
27213440816010888344009862326
27213441596014684204012838494
27213442436021394583019696810
27213442746013094125011350034
27213442770014683451012837741
27213444781020344086019696810
27213445370020207310018008459
27213446032011683008010606180
27213446369009832054008296535
27213447195010094564009119355
27213447772016925293015183448
27213447977013095006011350915
27213448027022011036019696810
27213448086022011036019696810
27213448582014683451012837741
27213452695007928813006514985
27213452997008107023007258839
27213998817010889227009863209
27214183248010889227009863209
27214210733021394583019696810
27214403566013408038011643876
27214731288020898608018902715
27214843450011683890010607062
27214898026014683451012837741
27215199350010889227009863209
27215410191020899491018903598
27215478926010094564009119355
27215504730012299480010606199
27215558962015379747014066556
27215807261010011017009041142
27215807547032021300028737199
27215807598009915471008374619
27215837896019725536018903598
27215908580014066998012837741
27216090670008107023007258839
27216091413016478211015094841
27216091561007312360006514985
27216093467008901687008002693
27216094560026488359024135114
27216094943010888344009862326
27216294764008286261007258839
27216310182008326146006886913
27216314196010094564009119355
27216314676017720838015928183
27216314730026488475024135230
27216315303010889227009863209
27216315605009915471008374619
27216317373018848148017313191
27216317586009299900008375501
27216318833010274178009863209
27216320064008901687008002693
27216321834009299900008375501
27216324582008786470008375501
27216325325012299693010606412
27216326062009402923008375501
27216326518020899491018903598
27216326801011683890010607062
27216327751009299034008374635
27216329274021694154019647451
27216425044009299900008375501
27216426040009299018008374619
27216427683011504798009862326
27216429147010889110009863092
27216430153011421380009784242
27216450359017719956015927301
27216695912011683358010606530
27216708607014683451012837741
27216709751010888344009862326
27216780146022011036019696810
27216786438022011036019696810
27216786799022011036019696810
27216787264014683451012837741
27216787469020899491018903598
27216788007032600833029279678
27216788058020899491018903598
27216788074013669681012465829
27216790508022011036019696810
27216790745017425657015981652
27216807206010888344009862326
27216820970018848148017313191
27216852023020899491018903598
27216852724013095006011350915
27216852899022011036019696810
27216853828020898608018902715
27216854115016478211015094841
27216854425010889227009863209
27216854522027255914024853544
27216854654010889748009862326
27216854972019486553017333739
27216855227017800638015755619
27216855847014242607012465814
27216931144017457121016011151
27217010735014683451012837741
27217010808020104827018159743
27217011111018848148017313191
27217011383024694597021879012
27217011790011421380009784242
27217011952009916353008375501
27217120468008504355007630766
27217120794016477329015093959
27217232797013094125011350034
27217256408022011036019696810
27217256645022011036019696810
27217257781026488475024135230
27217257943012299461010606180
27217258982010093682009118473
27217267388016478211015094841
27217472747030784087027579148
27217474278014683451012837741
27217522396008420938007552682
27217522450017094307015094484
27217522930010854763009862497
27217523287008326146006886913
27217523821010889227009863209
27217524739014683451012837741
27217524976009299018008374619
27217657909014286120012465814
27217677926020543071017415890
27217688898012696793010978107
27217729535023105270020391305
27217733621034227080030224906
27217767437022011036019696810
27217822195011683890010607062
27217822497009518141008002693
27217836811012477672011350034
27217863657011683890010607062
27217894080008107023007258839
27217915223010889227009863209
27217915568009299018008374619
27217916971025311051021879012
27217917188009299018008374619
27217918265013094474011350383
27217940317009696350008746546
27217980599009915471008374619
27217991310030588985027973550
27218053896010889227009863209
27218057581020899119018903226
27218121093022011036019696810
27218180448018988641017444701
27218180537013888787012093887
27218248158019004490016882555
27218248417009299900008375501
27218263645014066998012837741
27218299380010710135009118473
27218299399020899490018903597
27218299402024693715021878130
27218422840016477329015093959
27218529858026488476024135231
27218550164018952862015927301
27218550539022011036019696810
27218551063009122448008746546
27218574683022011036019696810
27218705869011107467009490400
27218778335022011036019696810
27218799014011504798009862326
27218799499010888344009862326
27218943409014683451012837741
27218970058022487935020390422
27218971224022011036019696810
27218972271021213242020391304
27218972603012696793010978107
27218977532008504355007630766
27218977567010888344009862326
27219098370018848901017313944
27219100138010889227009863209
27219100251015997063014067419
27219100294010312803008746546
27219100839010888344009862326
27219101126010491895009491281
27219101134024516386021135157
27219101487020772942018537878
27219101754022011036019696810
27219101797010889227009863209
27219101851030587433026817974
27219101991011504798009862326
27219150887034227079030224906
27219164012027067880024677581
27219164195010710135009118473
27219164640021409550019133782
27219256626008504355007630766
27219275124012478553011350915
27219350304012299461010606180
27219350339021479024019446077
27219350355010888577009862559
27219350525008107023007258839
27219350797020899491018903598
27219350835016424574015602636
27219351149010889227009863209
27219351866014683451012837741
27219352919010889227009863209
27219365344009902250009491281
27219369064009299900008375501
27219375404008041735007630766
27219482839020899491018903598
27219491447013094125011350034
27219491641021029007019024833
27219491706010889227009863209
27219493121010491895009491281
27219493210009299900008375501
27219494594008901687008002693
27219680703020982028018980800
27219681017008504355007630766
27219683907010889227009863209
27219684199019310164017415890
27219684369010889227009863209
27219684792008413662008002693
27219685098020502159018531671
27219685705010889227009863209
27219687511008901687008002693
27219692140014683451012837741
27219695204021694154019647451
27219740102022011036019696810
27219793826009915471008374619
27219891674012478021011350383
27219894223013805370012015803
27219936082025310168021878130
27220041145016974369015096522
27220074655020339729018902742
27220107928008504355007630766
27220162961010427431009862349
27220230061020898608018902715
27220258403010312803008746546
27220277769022011036019696810
27220279796019520051018903598
27220320710031404847028737199
27220320753012696793010978107
27220320818022011036019696810
27220466456020899491018903598
27220628138010889227009863209
27220738030018849030017314073
27220745118020772942018537878
27220782455010710135009118473
27220892021011683008010606180
27220892110009299900008375501
27220892889013094125011350034
27220899638022487935020390422
27221047074020156488018537878
27221078123013865163012837741
27221179590022011036019696810
27221197025020899491018903598
27221197211020808064018570755
27221234591022011036019696810
27221270733012477741011350103
27221275859008504370007630781
27221423955011504798009862326
27221429171011683358010606530
27221511609010889227009863209
27221549592020899491018903598
27221565520009530324009119355
27221717789010889227009863209
27221780774012080340010978107
27221884030010094564009119355
27221908193008901687008002693
27221911550018152268016661805
27221979112022011036019696810
27221979252020808064018570755
27221979481012081222010978989
27221981052020104827018159743
27222026992018988641017444701
27222041959018849030017314073
27222069691009299018008374619
27222071327025488727022622333
27222086448014683451012837741
27222086529022545619020390559
27222087061020156488018537878
27222087444011107467009490400
27222087517022011036019696810
27222104292024693715021878130
27222105000009916353008375501
27222118862019926617017415890
27222187643022387720020390423
27222230433010889227009863209
27222352415017719972015927317
27222399810014683451012837741
27222399942009518141008002693
27222420925020899491018903598
27222424238018848148017313191
27222425684010273295009862326
27222427091019605094017444701
27222427512016478211015094841
27222428608008901687008002693
27222431633010889227009863209
27222433962010889227009863209
27222435310010010264009040389
27222437259010889227009863209
27222437666008504355007630766
27222438115012696793010978107
27222487574020107779019696810
27222487949013095006011350915
27222487965011505680009863208
27222506188020899491018903598
27222526170009299900008375501
27222615513010888344009862326
27222710095011286558010235135
27222742477013094125011350034
27222755854013094125011350034
27222818066011683890010607062
27222818902013094261011350170
27222890743022059330019742016
27222891723023721723020391304
27223011050020808064018570755
27223011085021515061018902715
27223011964010093682009118473
27223082225017584593016130482
27223082470008504355007630766
27223082845009862326009862326
27223128209022011036019696810
27223168308014683451012837741
27223169428019926617017415890
27223259389011504798009862326
27223259680012299461010606180
27223342510014286120012465814
27223403781013094125011350034
27223452626013888787012093887
27223473119021394583019696810
27223486172013094125011350034
27223486466021394583019696810
27223486598010889227009863209
27223486652018849030017314073
27223486709018110560016622763
27223489449013094140011350049
27223522349022011036019696810
27223522640010889227009863209
27223522675011505681009863209
27223576090020899491018903598
27223732769012081222010978989
27223837048022011036019696810
27223847841018200180016129616
27223972247022011036019696810
27223989972009299900008375501
27224000796016130629014439594
27224055566017785670016318646
27224059065016582699015192592
27224090418009299018008374619
27224151026012299480010606199
27224151085010627599009041271
27224151093021337733018159743
27224151336009299018008374619
27224151506010889227009863209
27224151549009916353008375501
27224151689022011561019697335
27224151743010888344009862326
27224190323010888344009862326
27224209679024693715021878130
27224221601010889227009863209
27224221857028476797025996387
27224258998006204587005656629
27224356973011683008010606180
27224391566011683890010607062
27224392473012477808011350170
27224392597018472123017444701
27224392651007709693006886913
27224394344011505680009863208
27224400603026488475024135230
27224402177008901687008002693
27224402258023345718020946155
27224402347011505681009863209
27224404633022829590019556156
27224405303010710135009118473
27224405400025294286023017396
27224405516017093782015093959
27224405656020899491018903598
27224414787031638936027802245
27224461033012477672011350034
27224470350011505680009863208
27224492559014066998012837741
27224519996009299900008375501
27224559106010888344009862326
27224600750018988782017115001
27224639002022011036019696810
27224639355011683890010607062
27224639452011683358010606530
27224781747017800638015755619
27224896161010889227009863209
27225062671010710135009118473
27225178041014684332012838622
27225301943022131865018903065
27225311922014066998012837741
27225317556011757843010606412
27225320557019003609016881674
27225439341010889227009863209
27225439422023345718020946155
27225468392019464601017313191
27225472225010889227009863209
27225504011020240788018616844
27225526228010093682009118473
27225576535010711017009119355
27225611624011504798009862326
27225689615014683451012837741
27225689852011285676010234253
27225816153014066998012837741
27225840321022132041018903241
27225841638013095006011350915
27225843479022011036019696810
27225886356032021300028737199
27225918568017584375016130264
27225984013022011036019696810
27226000513014683451012837741
27226088836010889227009863209
27226124646020156488018537878
27226129346010312803008746546
27226171431017720838015928183
27226171725010491895009491281
27226172322020898608018902715
27226172713010889227009863209
27226174376010274178009863209
27226174910010889227009863209
27226175135020899491018903598
27226175240010889227009863209
27226176530010889227009863209
27226179122020899491018903598
27226180171010010264009040389
27226180236008504355007630766
27226181585017862985015814036
27226181836017720838015928183
27226184762008107023007258839
27226185432014683451012837741
27226187249010094564009119355
27226527015008901687008002693
27226635284010888584009862566
27226636000012477672011350034
27226636779022545483020390423
27226687098010889226009863208
27226698081009827089008799667
27226698367010711017009119355
27226699797010711017009119355
27226699908011505681009863209
27226744148018848148017313191
27226744334009529461009118492
27226773628011505680009863208
27226774128013888787012093887
27226811279009299018008374619
27226811813009299900008375501
27226812135022011036019696810
27226813077010888344009862326
27226813840008504355007630766
27226813913020899491018903598
27226814731021515943018903597
27226860091010888344009862326
27226869374009215600008296535
27226869617007709693006886913
27226869781011683661010606833
27227029973013094125011350034
27227032869014683451012837741
27227032915021394583019696810
27227052290013094151011350060
27227053211012300343010607062
27227053815022011036019696810
27227134114011505681009863209
27227221408010888360009862342
27227221858008901687008002693
27227221904020898624018902731
27227222110020899491018903598
27227222242010273295009862326
27227222285011505324009862852
27227222943026487665024134420
27227223206009696350008746546
27227223834018849030017314073
27227225918032021300028737199
27227227341020899491018903598
27227290779020156631018538021
27227322220018848148017313191
27227448585009916353008375501
27227460577012477815011350177
27227542840012477672011350034
27227542859008901687008002693
27227633307011683739010606911
27227633587011683890010607062
27227644171021394583019696810
27227644856020772942018537878
27227709389011683008010606180
27227980058010888344009862326
27228004931010889227009863209
27228042418010889226009863208
27228060092019605094017444701
27228200692008901687008002693
27228216262010889227009863209
27228388071009916353008375501
27228388519014684332012838622
27228389213009915490008374638
27228389744010094564009119355
27228389892012300343010607062
27228396058013865163012837741
27228446187022011036019696810
27228446268018870100017333739
27228490003009916353008375501
27228619162010312803008746546
27228641842014683451012837741
27228769245008107023007258839
27228801580010888344009862326
27228815743021777571019725535
27228935595014286120012465814
27228949316010805659009784974
27228970641010093682009118473
27229098204024694597021879012
27229098654010889227009863209
27229098883013888787012093887
27229244480014541305012951888
27229401713021478374019445427
27229401748009299018008374619
27229401845016477329015093959
27229411174024630378021763983
27229560153024693715021878129
27229560285013888787012093887
27229720614018153150016662687
27229736545008504355007630766
27229736642012696793010978107
27229866872022011036019696810
27229872597010889227009863209
27229951411022011036019696810
27229990824022011036019696810
27229994609010888344009862326
27230034740010804927009784242
27230043855016760511015359034
27230043944013094125011350034
27230178157008107023007258839
27230178211007626274006808828
27230203801012477808011350170
27230206525018870450017334089
27230313771018988641017444701
27230350324010889227009863209
27230350960010889227009863209
27230410211008504355007630766
27230410742010888344009862326
27230411145022405399020313220
27230411706013094125011350034
27230412273009915471008374619
27230413970011683008010606180
27230414071008901687008002693
27230415361019707495017787816
27230418131008901687008002693
27230418573020898758018902865
27230419359009299018008374619
27230421663010491895009491281
27230422538009299034008374635
27230424166018848148017313191
27230424409010274178009863209
27230424611010889227009863209
27230424824008504355007630766
27230426738013094125011350034
27230427262020899491018903598
27230428072015724152014439594
27230483154012477672011350034
27230483197020899491018903598
27230483758024546199024135230
27230484576020899491018903598
27230486161018696820016841706
27230486579019486553017333739
27230486862013094357011350266
27230487559010094564009119355
27230488938008504355007630766
27230511697022011036019696810
27230555198014683451012837741
27230569601022011036019696810
27230570928020104827018159743
27230800044007312360006514985
27230815378022011036019696810
27230821351006368064005957095
27230822404016478211015094841
27230822676010711017009119355
27230822692022132398018903598
27230822838010711017009119355
27230853334022059330019742016
27230854187020899491018903598
27230854470010889227009863209
27230854748009915471008374619
27230968964020542188017415008
27231076226010889227009863209
27231172039012477672011350034
27231320186019605094017444701
27231501717017800638015755619
27231503914009299018008374619
27231510120009299018008374619
27231510341010094564009119355
27231510465010889227009863209
27231580315022011036019696810
27231613817020104827018159743
27231614368008901687008002693
27231614562023104891020390925
27231615542008504355007630766
27231616085020899491018903598
27231626986012299986010606705
27231638690019003609016881674
27231640288014683470012837760
27231640407014683451012837741
27231695058011683008010606180
27231770629012300343010607062
27231878012022011036019696810
27231878330011683761010606933
27231878357012299461010606180
27231883628012299461010606180
27231912660012299700010606419
27232015670010491014009490400
27232034217020898608018902715
27232034411031026474027228943
27232286550013094125011350034
27232544614020899490018903597
27232809863032021300028737199
27232821952010889226009863208
27232821987018988660017444720
27232840108022487934020390422
27232840205014683451012837741
27232840574010888870009862852
27232901344022011036019696810
27232901476014683451012837741
27232906176010889227009863209
27232930816010889227009863209
27232942113007626274006808828
27232942296008786441008375472
27232942342023345718020946155
27232980090019605113017444720
27232980589010889227009863209
27233021526011683008010606180
27233058403009518141008002693
27233058764012696793010978107
27233058926009696350008746546
27233058977011504798009862326
27233059108009915471008374619
27233059132010094564009119355
27233059337012696793010978107
27233108060018848148017313191
27233119429010889227009863209
27233207042013094125011350034
27233216122022011036019696810
27233253842011424149011424149
27233333706022132398018903598
27233337019014684332012838622
27233340478020724232019696810
27233351747014683451012837741
27233351925033432436029481072
27233352093009299018008374619
27233352131022011036019696810
27233353308020033003018677564
27233353367010889227009863209
27233387237008504355007630766
27233399529010888344009862326
27233453299013272364012093917
27233454392010889227009863209
27233500106010093682009118473
27233504632011107467009490400
27233577095016477673015094303
27233577745017720023015927368
27233578296013094140011350049
27233578725010889226009863208
27233578865009518141008002693
27233668740010889227009863209
27233677944022487934020390422
27233738684022011036019696810
27233739125012300343010607062
27233739184010889227009863209
27233739788018474006017415761
27233890923014286732012466426
27233917228009299900008375501
27234054541008504355007630766
27234054622022729265020946155
27234100071006831612006064975
27234101612007709693006886913
27234104336009529442009118473
27234104530017719957015927302
27234104964010889227009863209
27234105537009299018008374619
27234106371010888344009862326
27234109478014683451012837741
27234110484009299900008375501
27234111162020899491018903598
27234111278008420938007552682
27234111456018200165016129601
27234112673023104621020390655
27234115338009299086008374687
27234115729008901687008002693
27234116261008901687008002693
27234119783009299034008374635
27234179190011018031010607062
27234179433010889227009863209
27234197482010889227009863209
27234197881018514619016671155
27234282390015284022013977006
27234282870009916353008375501
27234320950008901687008002693
27234321140012299461010606180
27234321744011107467009490400
27234509999017800638015755619
27234652597025031633022524275
27234652929008901687008002693
27234673691013094125011350034
27234721408021515062018902715
27234800057010889227009863209
27234800448009299900008375501
27234800472010888344009862326
27234984301012299484010606203
27234984433007709693006886913
27234985502008504355007630766
27234985995018849030017314073
27234986428008107023007258839
27234987688010889227009863209
27235099468010978107010978107
27235235345008901687008002693
27235250174009901369009490400
27235420274011350915011350915
27235440445010888344009862326
27235447210022011036019696810
27235516166018870100017333739
27235556478011504814009862342
27235577661012477808011350170
27235578811019748407016672036
27235578935003222265003071576
27235703187010093682009118473
27235708197014683451012837741
27235773134020898608018902715
27235773584011683761010606933
27235800859011286558010235135
27235878866011683358010606530
27235879552013094125011350034
27236150297018514618016671154
27236176474008901687008002693
27236257806008504355007630766
27236258098019310164017415890
27236258349010093682009118473
27236259647010888344009862326
27236301007010094564009119355
27236305088010093697009118488
27236305452012299487010606206
27236329963011683890010607062
27236360666013094144011350053
27236470100009299018008374619
27236470291019465483017314073
27236516100013094144011350053
27236557478021394583019696810
27236770554012477672011350034
27236875364018053952016185082
27236875488008504355007630766
27236875763020899490018903597
27236877960008901687008002693
27236878223020899491018903598
27236878673009299018008374619
27236878908009299034008374635
27236878916014683451012837741
27236879025010889227009863209
27236879378009299018008374619
27236930381010274178009863209
27236930667008901687008002693
27236947527019605094017444701
27237118133008504355007630766
27237281042018158200015183448
27237336335014683451012837741
27237336394011683240010606412
27237336408010010264009040389
27237336742021515078018902731
27237402133009696350008746546
27237402583014683451012837741
27237403105022488817020391304
27237403989019003609016881674
27237405426009299018008374619
27237405779013094140011350049
27237405973008901687008002693
27237514152011683890010607062
27237530050018336409015927301
27237742392018952862015927301
27237751197008504355007630766
27237788856010093682009118473
27237789348010888344009862326
27237793329010888344009862326
27237856789010889227009863209
27237860735011683890010607062
27238007580010710135009118473
27238007793022011036019696810
27238007939010888344009862326
27238008781013825451011979741
27238009060011683240010606412
27238026488009131305008206625
27238080032010889227009863209
27238081918020899491018903598
27238082086012299480010606199
27238084372010145895009118473
27238085972010889227009863209
27238087495023721723020391304
27238092138011504798009862326
27238110438014684332012838622
27238110675010491895009491281
27238251937018848148017313191
27238379178010094564009119355
27238379356009299018008374619
27238379437017184185015755619
27238379526014286135012465829
27238383752012477672011350034
27238410040028076921025622056
27238410989010491895009491281
27238518399014683451012837741
27238518607008107023007258839
27238519697012080340010978107
27238591282011683761010606933
27238602071011902129010234253
27238619241009120808007630766
27238663135016478211015094841
27238689681010889227009863209
27238851748012080340010978107
27238858521010889227009863209
27238860011010889227009863209
27238862634020772942018537878
27238864882008504355007630766
27238868381016597666014629564
27238869213021315698019293136
27238898582020773673018538609
27238959301010889227009863209
27238990004024778013021957095
27239168952019605109017444716
27239200562020104827018159743
27239232448012216043010528096
27239232510010888344009862326
27239248107022011036019696810
27239272385010093682009118473
27239347687020104827018159743
27239398869013888787012093887
27239579707007717069007630766
27239627744011504798009862326
27239655632010093682009118473
27239738775021394583019696810
27239762285008666407008374619
27239764032008901687008002693
27239765764010094564009119355
27239768097008901687008002693
27239817527009696350008746546
27239818647010407595009412315
27239820609010888874009862856
27239864371014066998012837741
27239945517010408478009413198
27240033203014684332012838622
27240035192012478438011350800
27240050159028077801025622937
27240051716017719956015927301
27240052402019464601017313191
27240052682010889227009863209
27240052747011505681009863209
27240054316009299034008374635
27240055347018849030017314073
27240092560017199152015192591
27240100822010710135009118473
27240100938009696350008746546
27240138811016925293015183448
27240139168010491014009490400
27240142460018336409015927301
27240348573010888344009862326
27240357106010010264009040389
27240357262011107467009490400
27240445072021409550019133782
27240448535021394583019696810
27240522174009299034008374635
27240527486010889227009863209
27240608079015616337014794399
27240608362007709693006886913
27240608591022011036019696810
27240609288022011036019696810
27240609970011902129010234253
27240630589018472123017444701
27240632336011504798009862326
27240634371008107023007258839
27240681426017982145015927301
27240682880017541745015183447
27240684506011505681009863209
27240728376022310456019647300
27240738649011683890010607062
27240745343008901687008002693
27240745696020772961018537897
27240748725013094125011350034
27240749438012300015010606734
27240750517009120808007630766
27240751637012478553011350915
27240855564008504355007630766
27240973060009299018008374619
27241016248008107023007258839
27241017112007312360006514985
27241019344013094125011350034
27241023821023345718020946155
27241058633020899491018903598
27241058919022011036019696810
27241160233011683761010606933
27241160462012477672011350034
27241190515022011036019696810
27241190760010889226009863208
27241230207020340585018903598
27241330015022011036019696810
27241330066013094125011350034
27241331909009696350008746546
27241350911021515944018903597
27241413956009915471008374619
27241456795009016935008110572
27241468718022131514018902715
27241470887010889227009863209
27241476176009299018008374619
27241476451016477329015093959
27241476850008901687008002693
27241528117009299018008374619
27241646489009696350008746546
27241682396020009153017493092
27241754389020856359018615962
27241813423022011036019696810
27241813563011505680009863208
27241898283020191611018570755
27241899506013273216012094769
27241916389008723477007258839
27241930098019309298017415024
27241930241009299018008374619
27241930438013888819012093919
27241930896009915471008374619
27241945915008901687008002693
27241977507020658018018677564
27241977515011045086010009102
27242003514008504355007630766
27242018872012696792010978106
27242035645011504798009862326
27242213012014683451012837741
27242213063019309282017415008
27242213705013888787012093887
27242385018015628269013722205
27242386375010010264009040389
27242404535009519022008003574
27242404691012696793010978107
27242404861018402123016318646
27242446157011108348009491281
27242513784008504355007630766
27242553042007669808007258839
27242607177011902129010234253
27242609080014286120012465814
27242620580008786470008375501
27242686980019605094017444701
27242687723021394583019696810
27242777862009299018008374619
27242778346009299900008375501
27242778923008504355007630766
27242779105009299034008374635
27242779830020899491018903598
27242798053016913776014925462
27242798355009299018008374619
27242798827010888364009862346
27242798975010889227009863209
27242855049012478553011350915
27243178040021394583019696810
27243199226018870854017334493
27243461710009299034008374635
27243464299009299900008375501
27243465635009299018008374619
27243467042008901687008002693
27243468103017719979015927324
27243468944008107023007258839
27243499114008723477007258839
27243518275011683247010606419
27243520881022729265020946155
27243605666009299018008374619
27243610902013094125011350034
27243630776008504355007630766
27243760211009120808007630766
27243761722010889227009863209
27243762990008901687008002693
27243765140010889227009863209
27243766155016477329015093959
27243767054008504355007630766
27243774476019333611017712755
27243845756010889227009863209
27243845977014684204012838494
27243987437007312360006514985
27243988492009120808007630766
27243988956010889227009863209
27244019930009121690007631648
27244054191009916353008375501
27244077655010889227009863209
27244147025022011036019696810
27244147041013094151011350060
27244147440020808064018570755
27244148579010889227009863209
27244238039011683890010607062
27244241005012299461010606180
27244292246021162522019725535
27244292904009529442009118473
27244293137014286120012465814
27244293862011107467009490400
27244296047020899491018903598
27244296284011683008010606180
27244297132011683890010607062
27244298449012696793010978107
27244299038022488816020391304
27244299690011107467009490400
27244299992010710135009118473
27244321068010888344009862326
27244321939022011036019696810
27244335328014683451012837741
27244385767010889226009863208
27244385783005039938004012516
27244512300020898608018902715
27244575647032021300028737199
27244596423004263294003852325
27244743779011683890010607062
27244745852009299900008375501
27244940264010889227009863209
27244941589010094564009119355
27245138070021028295019647451
27245138488008107023007258839
27245139034019309282017415008
27245139247022011036019696810
27245139522008413662008002693
27245139980008901687008002693
27245166651009299018008374619
27245193454008504355007630766
27245194019009299018008374619
27245194892020104827018159743
27245195961011108348009491281
27245196879009299018008374619
27245197573010711017009119355
27245232948008504355007630766
27245459144010889227009863209
27245476081014683451012837741
27245584062008723477007258839
27245599388011683761010606933
27245703037021336852018158862
27245703320006517697005771132
27245703770010888344009862326
27245704572008107023007258839
27245704602012696793010978107
27245705978010491895009491281
27245785939008504355007630766
27245786625010889227009863209
27245788229020899490018903597
27245788571008504355007630766
27245788636009299018008374619
27245789624008901687008002693
27245807770020899491018903598
27245819221011683008010606180
27245857271010094564009119355
27246026233011107467009490400
27246026829019309914017415640
27246057570008901687008002693
27246074114009299018008374619
27246077504010888344009862326
27246226372010312803008746546
27246264738010312803008746546
27246273702008901687008002693
27246319826009518141008002693
27246403754008901687008002693
27246616707011902129010234253
27246663144014066998012837741
27246720113021394583019696810
27246855418009915471008374619
27246855582009696350008746546
27246891686014683451012837741
27246963733009215616008296551
27246963776010710135009118473
27247008654009915471008374619
27247008905020772942018537878
27247009480010710135009118473
27247126312012081071010978838
27247126371018336408015927301
27247126614025310400021878362
27247244110018848148017313191
27247244293010491895009491281
27247260507014683451012837741
27247285070009530324009119355
27247285844008901687008002693
27247286018009299900008375501
27247289394012299992010606711
27247289696020542188017415008
27247296609010805602009784917
27247319021014683451012837741
27247328225010094564009119355
27247328268010711017009119355
27247328306010711017009119355
27247328527009916353008375501
27247328969008294368007266946
27247329116011108348009491281
27247329213012299461010606180
27247329302010711017009119355
27247329523009915487008374635
27247329868008901687008002693
27247329906009916353008375501
27247329922009518141008002693
27247329930019862399017300862
27247330009009915471008374619
27247375274007709693006886913
27247384192012477739011350101
27247468159008901687008002693
27247468507018988641017444701
27247469600020720399018158862
27247480868016298205014926344
27247480906008023606007180755
27247481007013889669012094769
27247636752010888344009862326
27247666090007963651007552682
27247666244012696793010978107
27247667593012299461010606180
27247668719009299018008374619
27247669618010491895009491281
27247752248010094564009119355
27247767091010889227009863209
27247873754011683890010607062
27247897157019605975017445582
27247897254008901687008002693
27247897742010093682009118473
27247940206020037720018903598
27247940303010889227009863209
27248074723008504355007630766
27248329322014683451012837741
27248390714023345718020946155
27248400965018336410015927302
27248407854007709693006886913
27248454607010094414009119205
27248580742019605975017445582
27248834841019361825017794024
27248927823009518141008002693
27248943578010710135009118473
27249129637010889227009863209
27249186967008504355007630766
27249432135010094564009119355
27249444397012394253011271949
27249444478011505680009863208
27249500777009299018008374619
27249505760008901687008002693
27249506775010094564009119355
27249507542011505651009863179
27249508638008901687008002693
27249508700010889227009863209
27249509022009299900008375501
27249509308018195002016372030
27249528485009030115008002693
27249540000023345718020946155
27249569289012696793010978107
27249569556009299018008374619
27249569823013888787012093887
27249670079008504355007630766
27249670605010093682009118473
27249671091008413662008002693
27249674201010094564009119355
27250022765016478211015094841
27250022862019605975017445582
27250278336009299018008374619
27250279359010889226009863208
27250424855019605094017444701
27250503461018989522017445582
27250603083013888817012093917
27250637115012300343010607062
27250959945020898608018902715
27251101898020721251018159714
27251101901014067138012837881
27251133978010711017009119355
27251140478009299018008374619
27251141830009299034008374635
27251143930008901687008002693
27251159667013888787012093887
27251248937011504798009862326
27251460553021632014019919083
27251597532010093682009118473
27251599489017855670017444701
27251683447019926618017415890
27251686063013888787012093887
27251688139009299018008374619
27251688635010094564009119355
27251688805010889227009863209
27251689232010710135009118473
27251698363023345718020946155
27251754018019003609016881674
27251754948012477672011350034
27251834410013094125011350034
27251847709014683451012837741
27251866886008901687008002693
27252009332009299018008374619
27252009537021694154019647451
27252009634029615358026485090
27252079063019605094017444701
27252080207011683890010607062
27252176107012080355010978122
27252176123011505681009863209
27252177316008504355007630766
27252177324013095006011350915
27252177863010710135009118473
27252328772013094140011350049
27252437741021394583019696810
27252457157010517822009490400
27252457173011902129010234253
27252615658022310607019647451
27252706653007626274006808828
27252707013019310164017415890
27252708508010890630009863208
27252760046021515944018903597
27252760178011504798009862326
27252760240008504355007630766
27252760593010889227009863209
27252816483009299018008374619
27252816858008504355007630766
27252816874010094564009119355
27252817013009491281009491281
27252817498022011036019696810
27252909341009120808007630766
27253011624009299900008375501
27253012442009299018008374619
27253012604010889227009863209
27253014062011902129010234253
27253014194008901687008002693
27253014518009299900008375501
27253018963019003609016881674
27253018971019926565017415837
27253111556007312360006514985
27253332137011108348009491281
27253334555009612932008668462
27253336671009299900008375501
27253337066010888344009862326
27253338364009696350008746546
27253338984014683451012837741
27253341284010804927009784242
27253372090010888344009862326
27253480683008901687008002693
27253577237012696793010978107
27253577385012299461010606180
27253577547010312803008746546
27253577601012299461010606180
27253735258010094564009119355
27253746861010094564009119355
27253754449013094125011350034
27253801269024078143021879011
27253828124009299018008374619
27253828612010491895009491281
27253885241026906478023949412
27253967043010889227009863209
27254080115010939947010528978
27254080395020543071017415890
27254080778010889226009863208
27254082266009299018008374619
27254327404010888360009862342
27254329687011107467009490400
27254378068008504355007630766
27254378696008420938007552682
27254382596007669808007258839
27254449720010888344009862326
27254466021019310164017415890
27254466080018402123016318646
27254511485013094408011350317
27254518080007928813006514985
27254597053013669666012465814
27254634218011504798009862326
27254634390013889669012094769
27254700954008107023007258839
27254701691010491895009491281
27254702930009299018008374619
27254706049008504355007630766
27254706510011504798009862326
27254707118009120808007630766
27254941226017207408015928183
27254979630010889226009863208
27254979843008901687008002693
27254997612009299018008374619
27254999844013670548012466696
27254999968009518141008002693
27255012369008504355007630766
27255013756009299900008375501
27255016321009216482008297417
27255016585009299018008374619
27255017662009120808007630766
27255088381008901687008002693
27255097879007709693006886913
27255171386008107023007258839
27255172226008107023007258839
27255172781016925308015183463
27255173117011505289009862817
27255174121010491014009490400
27255174482009299900008375501
27255174857015996181014066537
27255357293013094144011350053
27255418268010491014009490400
27255426503008901687008002693
27255777101017074149014858315
27255823022022011036019696810
27255842027008504355007630766
27255842353017719956015927301
27255842493009299018008374619
27255843007024693715021878129
27255960496009299900008375501
27255960933010889227009863209
27255961948019310164017415890
27255962464010889227009863209
27255965331009299018008374619
27255967407007542407006514985
27256179178009120808007630766
27256289968017541747015183448
27256420657018514620016671155
27256442103008723477007258839
27256457615010093682009118473
27256524274005800203004772781
27256538828020104827018159743
27256644350010094564009119355
27256656510011107467009490400
27256658629008504355007630766
27256680888010711017009119355
27256681159009863209009863209
27256681299020131635018159743
27256681620009916084008375232
27256681892024694596021879011
27256933085017720838015928183
27256933611009299018008374619
27256935622013094140011350049
27257000791012696793010978107
27257090081016478211015094841
27257091150009299018008374619
27257091576018514618016671154
27257119608009299018008374619
27257120592013094965011350874
27257300647009518141008002693
27257301597008107023007258839
27257301945010888344009862326
27257365846009299018008374619
27257366281010889227009863209
27257366370009299018008374619
27257367725009299900008375501
27257488069013095006011350915
27257488174009915471008374619
27257488557020808946018571637
27257771186022011036019696810
27257771801015379728014066537
27257801530008901687008002693
27257801840012696793010978107
27257818131018870708017334347
27258185035020898804018902911
27258187631009299018008374619
27258188492009299034008374635
27258189804009299900008375501
27258206105010312803008746546
27258377112010888344009862326
27258450626011683890010607062
27258497843011504798009862326
27258559075012080340010978107
27258559318020156517018537907
27258597961025031633022524275
27258609110009915471008374619
27258609447013888787012093887
27258609579009299900008375501
27258654310010094564009119355
27258739154007312360006514985
27258799017022729265020946155
27258799114010093682009118473
27258799238010491014009490400
27258799343021394583019696810
27258803804011107467009490400
27258804126010710135009118473
27258807958019605094017444701
27258807966018953744015928183
27258878170008041735007630766
27258878774019605094017444701
27258926728018402123016318646
27259025872019309301017415027
27259025937012094769012094769
27259026275009216332008297267
27259026798011505680009863208
27259154036008374635008374635
27259162012008413662008002693
27259260065010710872009119210
27259260529015880235014535042
27259260626011505680009863208
27259369962009148611009119355
27259462555021394598019696825
27259463306009299018008374619
27259463861008107023007258839
27259466496008901687008002693
27259468685020898608018902715
27259531352023721723020391304
27259552244012299461010606180
27259634305010491216009490602
27259646567012299461010606180
27259646672019605094017444701
27259646710010094564009119355
27259866117010888344009862326
27259867245010093697009118488
27259870475009299900008375501
27259924397009915487008374635
27259924869020188215018237798
27260036071017719956015927301
27260037892023345718020946155
27260117144010093682009118473
27260119120014683451012837741
27260124779010710135009118473
27260167842014683451012837741
27260204012011683008010606180
27260262268009915471008374619
27260262276023105270020391304
27260262462011505680009863208
27260262586011902129010234253
27260270201010093682009118473
27260316759009299900008375501
27260392234008420938007552682
27260401217012697530010978844
27260402760022011036019696810
27260402833006104017005693048
27260403007014089832012859171
27260403074008901687008002693
27260403953009613814008669344
27260404011009299900008375501
27260404658009915487008374635
27260530130010710135009118473
27260530866009915471008374619
27260723591009215600008296535
27260724148020156837018538227
27260724369007228943006436902
27260724636010710135009118473
27260785341007928813006514985
27260785406018953744015928183
27260785627009120808007630766
27260785716019605094017444701
27260786496011505079009862607
27260786712009916353008375501
27260786828008504355007630766
27260786887009915471008374619
27260894760012299461010606180
27260948852010888344009862326
27260950601008326146006886913
27260950652008326146006886913
27260950865019003609016881674
27260976058008901687008002693
27260976554017199153015192592
27260976589012299461010606180
27260990417009299900008375501
27260991391010889227009863209
27260992126012300343010607062
27260993009009915471008374619
27260993114010274177009863208
27260993653020808946018571637
27260993963021515063018902716
27260994129009299368008374969
27261089500014066998012837741
27261090282011504798009862326
27261137084008154751007630766
27261255540022310607019647451
27261255648008723477007258839
27261377913010274177009863208
27261419268007626274006808828
27261551514014683451012837741
27261557075010889227009863209
27261557806010491895009491281
27261558144009120808007630766
27261558616009299900008375501
27261559167011505593009863121
27261589759008504355007630766
27261591087008504355007630766
27261612262010094564009119355
27261617051008107023007258839
27261714820017199152015192591
27261715290019605094017444701
27261715371013889669012094769
27261767347009299018008374619
27261767525021515944018903598
27261768564012299461010606180
27261895132010888344009862326
27261895264008326146006886913
27261895949009120808007630766
27261896139012299461010606180
27261896171010344258009298169
27261896244022132397018903597
27261896724008901702008002708
27261896813011504798009862326
27261897003019925970017415243
27261920242009915487008374635
27262140305009299018008374619
27262206373010889227009863209
27262206497010093682009118473
27262207191008504355007630766
27262207329008580104007552682
27262207396017970067016491253
27262316365008901687008002693
27262316462009299900008375501
27262317515009299018008374619
27262526122008901687008002693
27262527056010312803008746546
27262527498017720838015928183
27262527633019310164017415890
27262622741010094564009119355
27262622970008326146006886913
27262648414012478291011350653
27262765143018870100017333739
27262917563018952878015927317
27263044415009299900008375501
27263046175009299034008374635
27263046752008901687008002693
27263089354006517697005771132
27263290092013889669012094769
27263290106010888344009862326
27263306525013888802012093902
27263363855010093682009118473
27263423394012696793010978107
27263469122011683008010606180
27263517593023899933021135158
27263518018010888360009862342
27263518069010888344009862326
27263518158012299461010606180
27263545678021776688019724652
27263545759019605094017444701
27263579335008901687008002693
27263579696007709693006886913
27263579793008504355007630766
27263681571008901687008002693
27263681806008107023007258839
27263683116029710234025996918
27263684333010094564009119355
27263684414010093682009118473
27263685895010093682009118473
27263686859009299900008375501
27263687898007312360006514985
27263689149009299034008374635
27263689505008504355007630766
27263698466008504355007630766
27263708658017720838015928183
27263754714011505680009863208
27263754935011286558010235135
27263785210009120808007630766
27263820571012377475011350053
27263840394010888344009862326
27263857424009916353008375501
27263893358022309724019646568
27263948365022132396018903597
27263948683012299461010606180
27263950246009915471008374619
27263967033018336410015927302
27263967041010094564009119355
27263967394008504355007630766
27263967424009299018008374619
27263967718008504355007630766
27263967971009915471008374619
27263968129008504355007630766
27263968293008504355007630766
27263968625010710135009118473
27263968943008504355007630766
27263998672013094125011350034
27264109227009915490008374638
27264109553023105269020391304
27264110349011683008010606180
27264141465012478021011350383
27264142348019310164017415890
27264142879009901369009490400
27264239422009696350008746546
27264283855009915471008374619
27264386441008901687008002693
27264388711007312360006514985
27264388746008901687008002693
27264390457009120808007630766
27264391895009696350008746546
27264392700008504355007630766
27264392727011285676010234253
27264431161017719956015927301
27264487183009518141008002693
27264487477010491895009491281
27264489151009518141008002693
27264590200009696350008746546
27264590294009299018008374619
27264590847008107023007258839
27264591592008107023007258839
27264591622008504355007630766
27264592858008420938007552682
27264593145010888344009862326
27264594370013272334012093887
27264594737018870100017333739
27264595857012696793010978107
27264595903009518141008002693
27264597221010889227009863209
27265178125009299900008375501
27265299348019528404017043082
27265300265009299018008374619
27265300354009299018008374619
27265357127009299018008374619
27265357429019605975017445582
27265357631008658188007630766
27265373734009299018008374619
27265462621017720838015928183
27265517949010094564009119355
27265528339022011036019696810
27265589710010649911010252641
27265700743016517558015206051
27265702851009235682008260473
27265705214008504355007630766
27265705753007709693006886913
27265858258011902129010234253
27265858878015668009014439594
27265859114007312360006514985
27265860953010491895009491281
27265864053009518141008002693
27265864592019836489017908530
27265865106028503426026351173
27265865505009299018008374619
27265963426008901687008002693
27265963647009120808007630766
27265980126011099343010688374
27266294080013094125011350034
27266294137010889226009863208
27266294374012299461010606180
27266294617011505680009863208
27266294684009915471008374619
27266294854009120808007630766
27266294986011108348009491281
27266353834020104827018159743
27266355896009518141008002693
27266361098010094414009119205
27266361659012696793010978107
27266399036009696350008746546
27266407047008504355007630766
27266407314007312360006514985
27266407500008420938007552682
27266408175009299018008374619
27266467996016321303014370886
27266472213008723477007258839
27266472221009915471008374619
27266570061008901687008002693
27266570207008107023007258839
27266951081008785588008374619
27266951324011107467009490400
27266952606009299900008375501
27267070879015996200014066556
27267074246008901687008002693
27267124936009299018008374619
27267183681013094125011350034
27267204522008901687008002693
27267293282010889748009862326
27267293487019310164017415890
27267296850020898608018902715
27267296966012477672011350034
27267412079008504355007630766
27267430778013095006011350915
27267437195008504355007630766
27267594738011504798009862326
27267630769008107023007258839
27267635701013094125011350034
27267678095011504798009862326
27267678176009916353008375501
27267678613008591220008375501
27267678672008326146006886913
27267744322010093682009118473
27267745280007709693006886913
27267748662021409550019133782
27267810260019926617017415890
27267814177017800638015755619
27267898311019842317017336924
27267898419010094564009119355
27267898974018952862015927301
27267899083008723477007258839
27267976304011504798009862326
27267991885019605094017444701
27268071895009916353008375501
27268072115020103946018158862
27268084652009696350008746546
27268132703010589797009582868
27268274591008785604008374635
27268349419008504355007630766
27268373905012080340010978107
27268402921011504798009862326
27268458676009696350008746546
27268522501021394583019696810
27268522609020239906018615962
27268559057007709693006886913
27268559103009518141008002693
27268559960006925954006514985
27268597617011703844011703844
27268680360009299900008375501
27268707706018514618016671154
27268762219010094564009119355
27268762766009299037008374638
27268769221019747525016671154
27268831822012696793010978107
27268832012011504798009862326
27268903920010312803008746546
27268905001009299018008374619
27268905788009299018008374619
27269090745019131072016671154
27269104568007709693006886913
27269104967012697675010978989
27269315569010094564009119355
27269391486032900784029559136
27269449514009915487008374635
27269549527008107023007258839
27269551181011504798009862326
27269553702009915494008374642
27269554296008413662008002693
27269554695009120808007630766
27269555934008901687008002693
27269557341012299461010606180
27269571786009696350008746546
27269756018020721280018159743
27269756891015157757012951887
27269806856010094564009119355
27269810918011634484010607062
27269931022018402123016318646
27270015196013095006011350915
27270051125019003609016881674
27270070928011902129010234253
27270102706010888344009862326
27270103613009299900008375501
27270103834010710135009118473
27270213990008326146006886913
27270223880009120808007630766
27270302837008901687008002693
27270303701010093711009118502
27270304309010093682009118473
27270305097009916353008375501
27270306034009215600008296535
27270306182007285553006886913
27270306247010491895009491281
27270306972011389076010978107
27270309009008504355007630766
27270309971019836131017908171
27270376032012300192010606911
27270376156008504355007630766
27270376806008504355007630766
27270377101009299018008374619
27270379562019131073016671155
27270405644009299034008374635
27270475383009120808007630766
27270479826008504355007630766
27270479982017199152015192591
27270573814013094125011350034
27270604698010889227009863209
27270640988023283480021135158
27270821001010312803008746546
27271100316011683008010606180
27271189856007312360006514985
27271228029010889227009863209
27271228312011683768010606940
27271228703014286610012466304
27271229386010710150009118488
27271229726019486553017333739
27271411206007626274006808828
27271691268017822979015927301
27271691519020808064018570755
27271769453023105270020391304
27271907120010093697009118488
27271907201009518141008002693
27271907864010889076009863058
27271909883007312360006514985
27271949834010710135009118473
27271984192008504355007630766
27271984834008504355007630766
27272216563011683890010607062
27272216571010711017009119355
27272217063009490400009490400
27272228154008901687008002693
27272228782008107023007258839
27272229991008107023007258839
27272252721022011036019696810
27272254279013094125011350034
27272289579016597666014629564
27272319281010145895009118473
27272420489008901687008002693
27272566564009299018008374619
27272672232013095006011350915
27272672569008901687008002693
27272713664016053572015755619
27272839900009120808007630766
27272931548009915471008374619
27272932048011683358010606530
27272932366019605094017444701
27272932374013094125011350034
27272932668010146777009119355
27273239346008504355007630766
27273358523011902129010234253
27273358973017556970015527531
27273358981014286120012465814
27273359139009915471008374619
27273482127009299034008374635
27273540844008107023007258839
27273694914010889226009863208
27273790026013888787012093887
27273901138017720838015928183
27273901286019926618017415890
27273901294008901687008002693
27273901707008785604008374635
27273903181008504355007630766
27273904455009299018008374619
27273906067007312360006514985
27273907209007709693006886913
27273907950008901687008002693
27273910501015335966013695741
27273911656007312360006514985
27273914914008901687008002693
27273915163010093682009118473
27273915805008504355007630766
27273920035010312803008746546
27273920183010094564009119355
27273921813019310164017415890
27273922534007200405006410188
27273924391009518141008002693
27273924693010094564009119355
27273927072008723477007258839
27273927471020808064018570755
27273928524008042617007631648
27273929717019837011017909052
27273929792008901687008002693
27273933196008504355007630766
27273933471008504355007630766
27273967570020808946018571637
27273967902017199153015192592
27274150241013094125011350034
27274152538017720838015928183
27274152880023310288021135157
27274228682009916353008375501
27274229042008658188007630766
27274286577009118488009118488
27274287123008504355007630766
27274287654011107467009490400
27274288324009299018008374619
27274333974012299461010606180
27274480519009299018008374619
27274483836022011036019696810
27274484859008504355007630766
27274552102011108348009491281
27274573118008901687008002693
27274756131008901687008002693
27274759939017719956015927301
27274855512014286120012465814
27274855652009299018008374619
27274855741009696350008746546
27274856721016925293015183448
27274858007011600472010528978
27274906354019310164017415890
27274909809010094564009119355
27274909949008723477007258839
27274909965018125528016059736
27274956742011024048009412315
27275027028010889226009863208
27275027249017650185017444701
27275071477012299461010606180
27275229445009915471008374619
27275229682017363552014439610
27275320361017199152015192591
27275419279013746639012208033
27275419384010093682009118473
27275474083008023606007180755
27275575521010710135009118473
27275575564011504798009862326
27275575599010312803008746546
27275597304019131072016671155
27275597649007297882006886913
27275620470010093682009118473
27275625847012477672011350034
27275665644008041735007630766
27275703651010312803008746546
27275704054022011036019696810
27275796021008413662008002693
27275816898009529442009118473
27275817800009299900008375501
27275828829011683008010606180
27275852398010889227009863209
27275984650013094125011350034
27276067465015996181014066537
27276067619008723477007258839
27276080232017457272016011302
27276085129020156488018537878
27276085137009518141008002693
27276085358010888344009862326
27276085927008901687008002693
27276087385010273295009862326
27276087466008901687008002693
27276088705021409550019133782
27276099499013095006011350915
27276101639008107023007258839
27276102775008041735007630766
27276114781017800638015755619
27276141355009299018008374619
27276146543019605094017444701
27276158010008901687008002693
27276192847008504355007630766
27276457956017363535014439594
27276737681009120808007630766
27276769451010094564009119355
27276791031011350034011350034
27276837406020808064018570755
27276864551010093697009118488
27276864977009862326009862326
27277211241007219797006808828
27277229043009299900008375501
27277415637021515063018902716
27277456163011683008010606180
27277491597008107023007258839
27277491724013094125011350034
27277627960009696350008746546
27277667903009120808007630766
27277715487008504355007630766
27277725539020898811018902918
27277725881017199153015192592
27277726519011504798009862326
27277726756007542407006514985
27278404256007845397006436902
27278404817008504355007630766
27278404957009518141008002693
27278525258008326146006886913
27278528222016130629014439594
27278529547012696793010978107
27278658711012299461010606180
27278659408009696350008746546
27278683147022488817020391304
27278683457008504355007630766
27278683635007332816005957095
27278683899011683008010606180
27278692375008107023007258839
27278736372013888787012093887
27278899263009299018008374619
27279039357010889226009863208
27279057290011504798009862326
27279057339009915471008374619
27279057665010888344009862326
27279057673010094564009119355
27279057924018402123016318646
27279061468008723477007258839
27279064394013094125011350034
27279066028008504355007630766
27279066222009120808007630766
27279067156021693884019647181
27279067512008107023007258839
27279068225020808414018571105
27279068470010312803008746546
27279069582018402123016318646
27279069655012299461010606180
27279069663008504355007630766
27279069671009696350008746546
27279075272020898609018902715
27279076473010888344009862326
27279076783009299018008374619
27279078255008326146006886913
27279079022013094125011350034
27279086053009915471008374619
27279087556017720838015928183
27279090433018989253017445313
27279135100013888787012093887
27279175757008818270007924609
27279176419010710135009118473
27279180017010710135009118473
27279180262012299461010606180
27279258784009120808007630766
27279259551009518141008002693
27279364630008107023007258839
27279368253008042184007631215
27279372056009299018008374619
27279447439008107023007258839
27279627941011902129010234253
27279702501009518141008002693
27279746347011285676010234253
27280154127011107467009490400
27280180489012216043010528096
27280485921010093682009118473
27280487088011902129010234253
27280487177008785604008374635
27280487401009299018008374619
27280488688009299900008375501
27280489382009299018008374619
27280489889008043687007144693
27280490518008723477007258839
27280491999009299018008374619
27280683618011504798009862326
27280861710008901687008002693
27281076219006517697005771132
27281251398010890630009863208
27281252114008699799008002693
27281252270009299900008375501
27281252408017541746015183448
27281252513012299461010606180
27281253188008023606007180755
27281254311008504355007630766
27281254664009299034008374635
27281390770010889098009863080
27281397201009299900008375501
27281397996017719956015927301
27281437823006993874006886913
27281944105008413662008002693
27282117032022011386019697160
27282118489021394583019696810
27282118586023720842020390423
27282126244019309297017415023
27282206442009120808007630766
27282455701008901687008002693
27282456406008723477007258839
27282456422009518141008002693
27282456627009120808007630766
27282457550009915471008374619
27282458352017800638015755619
27282459782012696793010978107
27282459863010312803008746546
27282461507019310164017415890
27282462937011504798009862326
27282463011007709693006886913
27282463550008925834008025296
27282475540007914335006886913
27282476512007914335006886913
27282478760008901687008002693
27282666710009299018008374619
27282666982017800638015755619
27282913807010093682009118473
27282922741010710150009118488
27283235500008901687008002693
27283400978011902129010234253
27283427701010710135009118473
27283501219008901687008002693
27283738936018439432015927301
27283788526011107467009490400
27283788690010710135009118473
27284290262008504355007630766
27284330876008504355007630766
27284421510011505680009863208
27284447404008901687008002693
27284583065009299018008374619
27284583561007709693006886913
27284583960009299034008374635
27284584010008107023007258839
27284585874009299900008375501
27284758035017109864015183448
27284758272008723477007258839
27284758450008504355007630766
27284758752010093682009118473
27284758809010312803008746546
27284764450010710135009118473
27284864595008504355007630766
27284969060019131072016671155
27284972355008326146006886913
27284972754019003609016881674
27284973505019605094017444701
27285030736008504355007630766
27285248642008504355007630766
27285306294012696793010978107
27285307541011683008010606180
27285311743013094140011350049
27285464825011902129010234253
27285610880007285553006886913
27285698745008326146006886913
27285941194009518141008002693
27285941607008901687008002693
27285941755009518141008002693
27285943081010491014009490400
27285943626008504355007630766
27285943952009915471008374619
27285945203012299461010606180
27285947435008326146006886913
27285949969011902129010234253
27286073757009696366008746562
27286378582007709693006886913
27286378736016597666014629564
27286772655008901687008002693
27286774909008107023007258839
27286777878007844470007258839
27286802791019605113017444720
27286966735016130629014439594
27287082628008504355007630766
27287242226009915471008374619
27287247090020721280018159743
27287247597012478553011350915
27287332233011107467009490400
27287335003008901687008002693
27287384667008504355007630766
27287440354008901687008002693
27287441202008107023007258839
27287442756009120808007630766
27287444384017206526015927301
27287444538009696350008746546
27287476642010094564009119355
27287541118011683008010606180
27287542157009032169008374619
27287546969010312803008746546
27287547191008504355007630766
27287547612007709693006886913
27287618153012005529010978107
27287792269019486785017333971
27287792595009915471008374619
27287845311008504355007630766
27287992586007928813006514985
27288126513017199152015192591
27288126726011505680009863208
27288127501016568874013695741
27288298462009518141008002693
27288399439008504355007630766
27288705416018515502016672037
27288705777011902129010234253
27288706374007709693006886913
27288708458017363535014439594
27288754719017720838015928183
27288854314009120808007630766
27288854411010094564009119355
27288985435007709693006886913
27288988450008107023007258839
27288989783009299900008375501
27288992369009915471008374619
27289000130009299018008374619
27289000653007709693006886913
27289001021009299900008375501
27289002249012300343010607062
27289003180007709693006886913
27289024234008901687008002693
27289024684009683595009119355
27289024900019003609016881674
27289176654017720838015928183
27289179688011504798009862326
27289189446009120808007630766
27289189470019605094017444701
27289189683011107467009490400
27289189802009120808007630766
27289210313014066998012837741
27289211719022487935020390422
27289441560010093682009118473
27289586712009120808007630766
27289693810009916353008375501
27289798442009773968008746546
27290061895008901687008002693
27290218743007626274006808828
27290245899011285676010234253
27290323547016442601015183448
27290375741009299018008374619
27290378120008785588008374619
27290379720016005386015183448
27290685481020399899017858854
27290685813016925292015183447
27290688502009299900008375501
27290854240009299018008374619
27290963511010093682009118473
27291034034010710135009118473
27291034972008901687008002693
27291035030012236125010492034
27291036002009518141008002693
27291235455010094211009119002
27291238721008723477007258839
27291425432008107023007258839
27291425815009299900008375501
27291427273008107023007258839
27291448467021515945018903598
27291794128012299461010606180
27291794918009299018008374619
27292140180010094564009119355
27292312925008901687008002693
27292348644008504355007630766
27292365441008413662008002693
27292366995007696055007258839
27292374254019464601017313191
27292374793022011918019697692
27292389995011683008010606180
27292422992008504355007630766
27292763781011902129010234253
27292763854015394696013503510
27293263553009299900008375501
27293263766010711017009119355
27293401808009145927008375501
27293659473012696793010978107
27293764811007709693006886913
27293765990020773677018538613
27293767063008504355007630766
27293768469007709693006886913
27293770234007709693006886913
27293770447008504355007630766
27293843096008901687008002693
27293846745008420938007552682
27293846850010888344009862326
27293846931008107023007258839
27293927494008901687008002693
27294051924011902129010234253
27294290058011683774010606946
27294290236020772961018537897
27294444942008504355007630766
27294516048009120808007630766
27294516293008326146006886913
27294517117016925293015183448
27294517451011504798009862326
27294517583009916353008375501
27294517907008107023007258839
27294529484009773968008746546
27294532353007626274006808828
27294532876009299018008374619
27294534739011505680009863208
27294535972016747082014439594
27294584558009299018008374619
27294584736007448065006064975
27294633257007928813006514985
27294865255008107023007258839
27294869285009299018008374619
27294869374009299018008374619
27295070493010312803008746546
27295073824009157515008746546
27295074294011099343010688374
27295091261007709693006886913
27295140610008041735007630766
27295341802020720399018158862
27295466168009299018008374619
27295488250009915471008374619
27295740464007669808007258839
27295740499017800638015755619
27295767907008504355007630766
27295768210008107905007259721
27295786855012299461010606180
27295787703010511469008932510
27295810918010312803008746546
27295827756008107023007258839
27295890768010511469008932510
27296045069008901687008002693
27296047231008413662008002693
27296047770016940517015527531
27296049773007709693006886913
27296131836012299461010606180
27296131879008242727006808828
27296132506009120808007630766
27296251386009915471008374619
27296251408008723477007258839
27296787502006925954006514985
27297165122009120808007630766
27297166323009299018008374619
27297167346008504355007630766
27297279780011683774010606946
27297790868008286261007258839
27297833354008413662008002693
27297835381008687116008374619
27297855102010093682009118473
27297856435008107023007258839
27297888078020899490018903597
27298109056016925293015183448
27298109358012299461010606180
27298109668010710135009118473
27298109781012299461010606180
27298115366013094125011350034
27298116540011505680009863208
27298140530013094125011350034
27298140778008901687008002693
27298142118009915471008374619
27298142576012696793010978107
27298146482010312803008746546
27298148655009696350008746546
27298152059009120808007630766
27298152261008723477007258839
27298152997010030344009004326
27298240144007928813006514985
27298317910011902129010234253
27298318933008901687008002693
27298370943009299034008374635
27298371435018336408015927301
27298447571010711017009119355
27298456473008326146006886913
27298607331010312803008746546
27298749934020804699018237828
27298801529008723477007258839
27298810900010312803008746546
27298821597008504355007630766
27298870091007709693006886913
27298871950007709693006886913
27298941207009299900008375501
27298979166009299900008375501
27299134127008504355007630766
27299139404008901687008002693
27299140038019605094017444701
27299291303021515944018903597
27299308540019605113017444720
27299308753010312803008746546
27299375396019003609016881674
27299767375017541747015183448
27299767553018515502016672037
27299768614007312360006514985
27299769009014541305012951888
27300050927009915471008374619
27300065851011504798009862326
27300255553008107023007258839
27300310287010312803008746546
27300587343008504355007630766
27300593610011107467009490400
27300593734007709693006886913
27300767406018514619016671155
27300883678019003609016881674
27301079244008640059007180755
27301079627008107023007258839
27301106985009299018008374619
27301181421006434726005693495
27301181545008107023007258839
27301184730008901687008002693
27301185796010491014009490400
27301329100009518141008002693
27301750019011504798009862326
27301750469009901369009490400
27301750515018952862015927301
27301750663012696793010978107
27301770311011504798009862326
27301771059007312360006514985
27301771180006517697005771132
27302009029009518141008002693
27302009134016747082014439594
27302080874008107023007258839
27302081315007709693006886913
27302082656019309282017415008
27302084268010312803008746546
27302412893008504355007630766
27302414241013094125011350034
27302414810008504355007630766
27302522060009916353008375501
27302522176010968118010234253
27302522575012080340010978107
27302522710009518141008002693
27302668405009518141008002693
27302716523008901687008002693
27302799445011902129010234253
27303002966008901687008002693
27303161142008504355007630766
27303163390008107023007258839
27303164036008504355007630766
27303168848011024048009412315
27303180015008504355007630766
27303180031009402041008374619
27303180902008107023007258839
27303182476008723477007258839
27303182700008723477007258839
27303198372008723477007258839
27303423287009299018008374619
27303423589008901687008002693
27303423872009773968008746546
27303536294007312360006514985
27303537339008723477007258839
27303538025011107467009490400
27303538823011504798009862326
27303550718008107023007258839
27303554179008041735007630766
27303554411012080340010978107
27303556503008901687008002693
27303729424007928813006514985
27303730074008504355007630766
27303731852017720838015928183
27303884055016187801013695741
27304339085009299018008374619
27304348165012299991010606710
27304354866019003609016881674
27304415628008107023007258839
27304415687007709693006886913
27304430147008504355007630766
27304430155008504355007630766
27304430597010010264009040389
27305067402010312803008746546
27305070705009299018008374619
27305070772008413662008002693
27305071485011107467009490400
27305071639006432961006064975
27305080298008901687008002693
27305223781009120808007630766
27305386524018402123016318646
27305507046008504355007630766
27305687737009299018008374619
27305777523010093682009118473
27305777590011504798009862326
27305778465017199153015192592
27305778511011107467009490400
27305778651023720841020390422
27305778953009518141008002693
27305839219011107467009490400
27305839359010093682009118473
27305839987018402123016318646
27305890028010312803008746546
27305906099011683362010606534
27306167087009915471008374619
27306167133009299018008374619
27306221375008107023007258839
27306222126009299018008374619
27306270155009518163008002715
27306272530010312803008746546
27306274460009120808007630766
27306274746008723477007258839
27306328773016130629014439594
27306410070007312360006514985
27306410100008504355007630766
27306457425009299018008374619
27306531838009299018008374619
27306556075009299018008374619
27306706107011683008010606180
27306811687019605109017444716
27306811806010710135009118473
27306841594008107023007258839
27306843244012299461010606180
27306843341009915471008374619
27306848238005523582005112613
27306848246008413662008002693
27306849153007312360006514985
27306850089008093386007630766
27306850151010312803008746546
27306901783010093682009118473
27306901961011504798009862326
27307073175016966205014067668
27307073426007845396006436901
27307073612012299461010606180
27307121102008107023007258839
27307123709007709693006886913
27307728228007312360006514985
27307729011010710135009118473
27307729895008242727006808828
27307983848008504355007630766
27307984437005242285004577268
27307988483007709693006886913
27307988998007312360006514985
27308072334009120808007630766
27308173912011107467009490400
27308217960012299480010606199
27308279869016597666014629564
27308725885008785588008374619
27308726997011107467009490400
27308727764009915471008374619
27308734191011634484010607062
27309176842008504355007630766
27309178527008504355007630766
27309534196017541747015183448
27309719846008504355007630766
27309737070012696793010978107
27309737895019925735017415008
27309939951011107467009490400
27309955256009518141008002693
27310448635008107023007258839
27310815158007332816005957095
27310815220007709693006886913
27310815255009518141008002693
27310815948008658188007630766
27310815956009120808007630766
27310816162008326146006886913
27310816855009915471008374619
27310817061008901687008002693
27310839790010273295009862326
27311202184008107023007258839
27311202702008504355007630766
27311209669018514620016671155
27311318778005800203004772781
27311411654016130629014439594
27311621039008504355007630766
27311621152008326146006886913
27311699607010888344009862326
27311787611010312803008746546
27311805075008326146006886913
27311806470008413662008002693
27311807221007709693006886913
27311892164012299461010606180
27311892326019747525016671154
27311892741011902129010234253
27312332227010710135009118473
27312486127007914335006886913
27312486178019003609016881674
27312500316009518141008002693
27312675582018194119016371147
27312683321009299034008374635
27312734988022476960020380149
27312963146008901687008002693
27313050632008107023007258839
27313052279007627415006886913
27313054859006925954006514985
27313115874009299018008374619
27313116889008107023007258839
27313358696007709693006886913
27313359021012299461010606180
27313370017012299461010606180
27313456612007709693006886913
27313740116011107467009490400
27313919736008504355007630766
27313919779008723477007258839
27313919841008107023007258839
27314145351008658188007630766
27314145742017324703015183448
27314145939010312803008746546
27314175269011902129010234253
27314177210008901687008002693
27314177598011261675010234253
27314618616008723477007258839
27314664197008504355007630766
27314664553007709693006886913
27314666823012299461010606180
27314746673008504355007630766
27314751642009518141008002693
27314815195011504798009862326
27314907758008901687008002693
27315067125008723477007258839
27315067915011902129010234253
27315068571016130629014439594
27315068628009490400009490400
27315097113008723477007258839
27315100017009915471008374619
27315100114011683008010606180
27315202510008107023007258839
27315798243007626274006808828
27315798375010710135009118473
27315798537012299461010606180
27315854038008723477007258839
27315960555012973787011814428
27315962825008723477007258839
27316134217009915471008374619
27316210207008901687008002693
27316210304012299461010606180
27316211785008504355007630766
27316211947010626717009040389
27316212781008901687008002693
27316564319009915471008374619
27316985667007709693006886913
27317133699009696350008746546
27317165280008723477007258839
27317294641008504355007630766
27317328740010312803008746546
27317374076009120808007630766
27317391671009299018008374619
27317394840008504355007630766
27317411753008107023007258839
27317413713007312360006514985
27317536319011902129010234253
27317545601009120808007630766
27317545806008326146006886913
27318197321008107023007258839
27318197917011504798009862326
27318245016009120808007630766
27318251814008504355007630766
27318252691007709693006886913
27318334817011107467009490400
27318377311007709693006886913
27318378067007709693006886913
27318378644007928813006514985
27318409078014191726012377456
27318409124018402123016318646
27318410793009915471008374619
27318593081007626274006808828
27318593731012299461010606180
27318593863012299461010606180
27318641310009518141008002693
27318641744010312803008746546
27318641809008901687008002693
27318886518015379728014066537
27318937139009696350008746546
27319065062010093682009118473
27319065348008723477007258839
27319066727010517822009490400
27319118298009529442009118473
27319118441011107467009490400
27319246938007312360006514985
27319625327010093682009118473
27319768322010312803008746546
27319768365017363535014439594
27319768578020129747017935808
27319769051008504355007630766
27319769728009518141008002693
27319769981009120808007630766
27319889871011683008010606180
27319909759008504355007630766
27319911052018158200015183448
27319911834006831612006064975
27319912040008326146006886913
27320535714005639616004949194
27320539442008044062006622865
27320540777017720838015928183
27320544012007709693006886913
27320544233008818270007924609
27320544462019003609016881674
27320544632017199153015192592
27320550586012005529010978107
27320553992008504355007630766
27320556568008504355007630766
27320561057010093682009118473
27320561391007928813006514985
27320607618014541305012951888
27320608118010312803008746546
27320608312008107023007258839
27320611879007914335006886913
27320774050008107023007258839
27320774301009915471008374619
27320774395007312360006514985
27320774840009518141008002693
27320824503009120808007630766
27320824554018541428016671155
27320824937010710135009118473
27321088398020720398018158861
27321154463011902129010234253
27321321602007669808007258839
27321322692008107023007258839
27321347555009915471008374619
27321383977009120808007630766
27321384582007709693006886913
27321397358009120808007630766
27321546310008504355007630766
27321548046008504355007630766
27321633191008107023007258839
27321679396008107023007258839
27322054500011504798009862326
27322070107008326146006886913
27322070255008504355007630766
27322070328009120808007630766
27322072363008326146006886913
27322072568016747082014439594
27322210561008326146006886913
27322210723012299461010606180
27322301214010312803008746546
27322497003009120808007630766
27322770761017363535014439594
27322771350009518141008002693
27322771687008504355007630766
27322772349007928813006514985
27322772535008901687008002693
27322772926011902129010234253
27322835138009299018008374619
27323019547016130629014439594
27323096711009120808007630766
27323146662007312360006514985
27323147014007297882006886913
27323331354008901687008002693
27323518586009518141008002693
27323555503012696793010978107
27323647386008413662008002693
27323649672014541305012951888
27323704266008504355007630766
27323825306007709693006886913
27324013321009518141008002693
27324140501011504798009862326
27324144043011902129010234253
27324144477011902129010234253
27324160146017199152015192591
27324160758010710135009118473
27324160839008504355007630766
27324160960008723477007258839
27324161177008723477007258839
27324161916008047753007203358
27324162777009518141008002693
27324386896008658188007630766
27324423368008107023007258839
27324593379008504355007630766
27324760569007709693006886913
27324760682008901687008002693
27324763290008901687008002693
27325061257011683008010606180
27325061818014793211012940483
27325062881012299461010606180
27325065813008723477007258839
27325066879008326146006886913
27325216331007928813006514985
27325240453016747082014439594
27325241727011107467009490400
27325241948008107023007258839
27325241999008504355007630766
27325299644011683008010606180
27325299660007914335006886913
27325388507008901687008002693
27325399142018402123016318646
27325399940008107023007258839
27325420591008658188007630766
27325422942008504355007630766
27325433316011902129010234253
27325477496010093682009118473
27325504612009120808007630766
27325506968010710135009118473
27325695809019925735017415008
27325706894009915471008374619
27325917526008041735007630766
27325917542004198771003787802
27325992978009915471008374619
27326120044009518141008002693
27326620918008107023007258839
27326624611008504355007630766
27326639228008901687008002693
27326639325013094140011350049
27326639597013094140011350049
27326639643012080340010978107
27326639961010889226009863208
27326640005011504798009862326
27326846444014129494012951888
27326851022012299461010606180
27326854749008504355007630766
27326856539008723477007258839
27326858183007297882006886913
27326858973010093682009118473
27326859090008901687008002693
27326885636008504355007630766
27327057648010312803008746546
27327131481018402123016318646
27327195595008107023007258839
27327196982009120808007630766
27327413940011285676010234253
27327495246008723477007258839
27327495386008845179008002693
27327495866010312803008746546
27327496250008504355007630766
27327496412007928813006514985
27327496498009120808007630766
27327739021008107023007258839
27327740852019605094017444701
27327742243012299461010606180
27327742472007709693006886913
27327745587007312360006514985
27327761345008504355007630766
27327761582008107023007258839
27327885605008107023007258839
27327997071008326146006886913
27328092870009696350008746546
27328361278009696350008746546
27328423575010491014009490400
27328553770008107023007258839
27328559205009915471008374619
27328559396009518141008002693
27328559639008901687008002693
27328591761012299461010606180
27328592385008107023007258839
27328593349008047753007203358
27328593462015335966013695741
27328597506008504355007630766
27328598332008504355007630766
27328598995008504355007630766
27328599274008504355007630766
27328629742007709693006886913
27328733906015952420013695741
27328885196008504355007630766
27328885684008504355007630766
27328885986009402041008374619
27328931848008107023007258839
27328961976008107023007258839
27328980148009120808007630766
27329001720010312803008746546
27329281480007312360006514985
27329283181007312360006514985
27329287144008504355007630766
27329288167009299018008374619
27329379995007050733005693048
27329380225007928813006514985
27329663332007928813006514985
27329804076007709693006886913
27329804696007709693006886913
27329804858007312360006514985
27330175708008901687008002693
27330546250005242285004577268
27330548172011107467009490400
27330548490008107023007258839
27330620213009915471008374619
27330620515009299018008374619
27330620655009299018008374619
27330620930020720414018158877
27330621805010888360009862342
27330622976011683008010606180
27330626742009120808007630766
27330627390014477966012837741
27330629164009120808007630766
27330631630008504355007630766
27330635083012299461010606180
27330650058007709693006886913
27330652395008107023007258839
27331309554008326146006886913
27331366620018402123016318646
27331366949011902129010234253
27331369190007228943006436902
27331369328009157515008746546
27331372108010888375009862357
27331373503011902129010234253
27331374097008901687008002693
27331408625007709693006886913
27331409796007312360006514985
27331410700012299461010606180
27331410727016925293015183448
27331420471011902129010234253
27331420544009120808007630766
27331420595010234253010234253
27331421818008504355007630766
27331423160010312803008746546
27331534744011902129010234253
27331649657011504798009862326
27331804830009915471008374619
27331878346008326146006886913
27331981120008504355007630766
27332064520010312803008746546
27332077096006736819005399205
27332077312009120808007630766
27332077525012299461010606180
27332077533009915471008374619
27332077746008504355007630766
27332078610008107023007258839
27332080275008326146006886913
27332081581010312803008746546
27332081999008504355007630766
27332102554011504798009862326
27332346097009120808007630766
27332889252007542407006514985
27332895139008504355007630766
27332895449009434723007924609
27332895694011902129010234253
27332934533012299461010606180
27333518185009120808007630766
27333518363010710135009118473
27333518924010888344009862326
27333719342007297882006886913
27333719970008504355007630766
27333720332007312360006514985
27333721134009518141008002693
27333850392011683008010606180
27333851151008504355007630766
27333851283009120808007630766
27334364629008107023007258839
27334464356009030115008002693
27334534117010889748009862326
27334535377005639616004949194
27334535393011902129010234253
27334535571011504798009862326
27334544015011107467009490400
27335201170007709693006886913
27335209376010312803008746546
27335210986007438262006808828
27336171135013094125011350034
27336219162008901687008002693
27336220217009518141008002693
27336220667008504355007630766
27336221582008107023007258839
27336221787007928813006514985
27336271121009120808007630766
27336271717007626274006808828
27336272276007709693006886913
27336290681008723477007258839
27336291564008504355007630766
27336291947008107023007258839
27336307045007050733005693048
27336346636010312803008746546
27336348027007312360006514985
27336348523010888344009862326
27336377809009915471008374619
27336381237008023606007180755
27336381962007448065006064975
27336390686011504798009862326
27336393111009120808007630766
27336477196008723477007258839
27336477242009915471008374619
27336478044009915471008374619
27336478249008326146006886913
27336713108010517822009490400
27336723006008326146006886913
27336931539009120808007630766
27336935429007709693006886913
27337266792008107023007258839
27337489546016913776014925462
27337492075008504355007630766
27337492636019131071016671154
27338197603007928813006514985
27338822532008504355007630766
27338829561008107023007258839
27338872386008888049008374619
27338872637017541745015183447
27338872688012696793010978107
27338873552012299461010606180
27338873587007312360006514985
27338873854010888344009862326
27338874796009299018008374619
27338878694007312360006514985
27338879909008504355007630766
27338885062009120808007630766
27338915212007228943006436902
27338915662009915471008374619
27339259378017365692015927301
27339263553007709693006886913
27339566327013094125011350034
27339584023008286261007258839
27339584066009518141008002693
27339585046008504355007630766
27339586166008423936008002693
27339586212009120808007630766
27340102458008723477007258839
27340607134008504355007630766
27340820865011107467009490400
27340820911007448065006064975
27340821578010526757009533582
27341050664012299461010606180
27341054430009120808007630766
27341054767011902129010234253
27341055216008326146006886913
27341055542009120808007630766
27341055550007709693006886913
27341055852008284086007258839
27341055879011504798009862326
27341069888009299018008374619
27341081349007709693006886913
27341671464007312360006514985
27341672819007312360006514985
27341688618011107467009490400
27341689126009120808007630766
27341689363011107467009490400
27341689827016747082014439594
27341692186008107023007258839
27341694790009120808007630766
27341721127007928813006514985
27341834398007709693006886913
27342241420008326146006886913
27342242257016597666014629564
27342311658007709693006886913
27342312859008326146006886913
27342417014008107023007258839
27342417316017800638015755619
27342417456007928813006514985
27342417804009120808007630766
27342418738007928813006514985
27342436086007709693006886913
27342436396011683008010606180
27342439824007312360006514985
27342636603008723477007258839
27343104176009915471008374619
27343145093007709693006886913
27343299082008107023007258839
27343531171010491014009490400
27343531295011902129010234253
27343531457008723477007258839
27343981770009421988008932510
27344230175019036279016005385
27344428102007312360006514985
27345820243007928813006514985
27346033229011107467009490400
27346371116007709693006886913
27346371426009518141008002693
27346379036011902129010234253
27346380646008504355007630766
27346380751008107023007258839
27346380840008326146006886913
27346383475010517822009490400
27346938841008901687008002693
27346940218008922143007444803
27346940234007312360006514985
27346953085011504798009862326
27346958540017184185015755619
27347842015008326146006886913
27347842058009120808007630766
27347842260009915471008374619
27347842651009915471008374619
27348638365011504798009862326
27348638624011902129010234253
27348638942008326146006886913
27348639027008723477007258839
27348639205010312803008746546
27348639663011902129010234253
27348789045006831612006064975
27348800154009299018008374619
27348801746007312360006514985
27348887136007928813006514985
27349183469008390688007630766
27349184163010517822009490400
27349190422009120808007630766
27349190856010312803008746546
27349192956008723477007258839
27349196765011902129010234253
27349197257012299461010606180
27349255699010511469008932510
27349255710011902129010234253
27349255915011107467009490400
27349258302008504355007630766
27349260471011107467009490400
27349260595011902129010234253
27349260714009518141008002693
27349260919008326146006886913
27349261400008723477007258839
27349261575008326146006886913
27349262172008901687008002693
27349265201008504355007630766
27349265775010427408009862326
27349266860007928813006514985
27349309357007709693006886913
27349810242011504798009862326
27349814264007709693006886913
27349816429007312360006514985
27349818642017199152015192591
27349943226007928813006514985
27349944222007709693006886913
27349945644007669808007258839
27349956190010312803008746546
27350525691012299461010606180
27350871352015996181014066537
27351053750011504798009862326
27351063551007709693006886913
27351064191008107023007258839
27351065260007709693006886913
27351065694010312803008746546
27351066291007709693006886913
27351648363007928813006514985
27351649149009120808007630766
27351649203012299461010606180
27351649327008041735007630766
27351649394011107467009490400
27351649564008107023007258839
27351649815011285676010234253
27351777023009299018008374619
27351777333018402123016318646
27351777988008723477007258839
27351993893007709693006886913
27352128789009915471008374619
27352469977007709693006886913
27352866240008326146006886913
27352866887008286261007258839
27352867980008107023007258839
27352868030008326146006886913
27352869347015952420013695741
27352869711009518141008002693
27352876572008107023007258839
27353437947007709693006886913
27353453780007312360006514985
27353454507008723477007258839
27353454574008504355007630766
27354529462008326146006886913
27354760717008107023007258839
27355042710007312360006514985
27355824476008326146006886913
27356847917009518141008002693
27357377582009518141008002693
27357377728010888344009862326
27357377965008326146006886913
27357382977008723477007258839
27357384112007709693006886913
27357384554008107023007258839
27357392190011504798009862326
27357392360007928813006514985
27357392638007928813006514985
27357395122007448065006064975
27357397540011107467009490400
27357400290010889748009862326
27357400452011285676010234253
27357400509008901687008002693
27357400959009299018008374619
27357401009016582698015192591
27357401963016597666014629564
27357402986009120808007630766
27357407155006434279005693048
27357407244007709693006886913
27357412205009120808007630766
27357422553009518141008002693
27357422588008326146006886913
27357424416007928813006514985
27357427466011107467009490400
27357428721009120808007630766
27357435345007709693006886913
27357435515009915471008374619
27357436554007050733005693048
27357436716009518141008002693
27357438468009518141008002693
27357439480008326146006886913
27357445162011504798009862326
27357445278011504798009862326
27357445529007709693006886913
27357448056010312803008746546
27357452282009915471008374619
27357452401009915471008374619
27357453122007312360006514985
27357454919016597666014629564
27357465295010889748009862326
27357465503009518141008002693
27357468928008326146006886913
27357469673007312360006514985
27358427419009915471008374619
27358429535016582698015192591
27358429829009518141008002693
27358430010007928813006514985
27358437503008326146006886913
27358440644008326146006886913
27358445204019747525016671154
27358446626007709693006886913
27358449080008107023007258839
27358451425010889748009862326
27358454629009518141008002693
27358455544009120808007630766
27358455633007914335006886913
27358458071007709693006886913
27358458179011107467009490400
27358459809008723477007258839
27358470306007561218006514985
27358472651008127480006700949
27358473178011902129010234253
27358997649006434279005693048
27359137600010312803008746546
27359177513007312360006514985
27359414108011902129010234253
27360447222007955555007117055
27361216607014793211012940483
27361220426007709693006886913
27361221791007928813006514985
27361366293013094125011350034
27361366323010093682009118473
27362283413011504798009862326
27362980823007312360006514985
27363922568008107023007258839
27363922762009518141008002693
27365174089011902129010234253
27365176367011504798009862326
27365176693008326146006886913
27365176898009518141008002693
27365180364009518141008002693
27365184440011504798009862326
27365188020009518141008002693
27365191544008901687008002693
27365191862011107467009490400
27365745256009120808007630766
27365906950008723477007258839
27366388171011504798009862326
27366389909011902129010234253
27366390281007312360006514985
27366390303007297882006886913
27366391857007228942006436901
27366398843010517822009490400
27366400112007709693006886913
27366401143011504798009862326
27366404126007542407006514985
27366407613008504355007630766
27366410657012299461010606180
27366417198008023606007180755
27366418127008107023007258839
27366418380007312360006514985
27366425328008326146006886913
27367133894009518141008002693
27367135633008326146006886913
27367137113015335966013695741
27367390943011504798009862326
27368788940007312360006514985
27369286930011107467009490400
27369287112007312360006514985
27369945659014793211012940483
27369947309009518141008002693
27369947880006434279005693048
27371029287007928813006514985
27371032075007312360006514985
27371193249007312360006514985
27371289289009299018008374619
27371291798009915471008374619
27371294622007928813006514985
27371294754007542407006514985
27371295718007134150005771132
27371302862009915471008374619
27371310393009518141008002693
27371316189011504798009862326
27371316227011504798009862326
27371316243009915471008374619
27371316286011504798009862326
27371316944008723477007258839
27373132727007928813006514985
27374104549007050733005693048
27374105189010312803008746546
27374108935008326146006886913
27374119228007312360006514985
27374119295007542407006514985
27374414807011107467009490400
27374419426008413662008002693
27374419493011107467009490400
27374423121010511469008932510
27374443122007117291006886913
27374443904008723477007258839
27375096647007709693006886913
27375099344009915471008374619
27375099654008326146006886913
27375100598007312360006514985
27375294104007050733005693048
27375300961007914335006886913
27375301348005838282005135158
27375329749007928813006514985
27376509481007928813006514985
27376521864008723477007258839
27376526874008127480006700949
27376536195007928813006514985
27377110566007542407006514985
27377343919007312360006514985
27377361976005639616004949194
27377508276009696350008746546
27379543001006434279005693048
27379843129011107467009490400
27380527133017199152015192591
27380985077008326146006886913
27381122757011107467009490400
27381133465008107023007258839
27381134127008107023007258839
27381137282007542407006514985
27381138777008901687008002693
27381141646007928813006514985
27381144106009895016008932510
27381759151007448065006064975
27381859318011504798009862326
27383252453007928813006514985
27383543660009612932008668462
27383674854007928813006514985
27383679244011504798009862326
27383686658007928813006514985
27383706764008723477007258839
27384840200014979546012208033
27384851652009696350008746546
27384852179007928813006514985
27385561607011107467009490400
27385574016007928813006514985
27385592723010491014009490400
27386389840008901687008002693
27386412834008326146006886913
27386413385011107467009490400
27387174511012696793010978107
27387175003019605094017444701
27387185831015261532014439594
27387213282007928813006514985
27387214556009518141008002693
27387804922009518141008002693
27387829186015981213014629564
27388338976008723477007258839
27394493495007845396006436901
27394523866007312360006514985
27395811385011107467009490400
27397938692007928813006514985
27397946903008107023007258839
27397948477007134150005771132
27411246871007928813006514985
27430733376011504798009862326