20142147182020971147019210494
20143149464016159555013972136
20143624375012847625011606451
20148242004010823725009711884
20160062739028014045025068667
20160975793015653859013498774
20161722279018688028016338942
20161912124018688053016338967
20163090660015654536013499451
20163462894009783573008765161
20164674054018688028016338942
20164680496028014045025068667
20164721087017903451016338942
20165248857018688028016338942
20165266219013858343012552501
20166147507024951938022202346
20166157936013857894012552052
20166200157026598230024058001
20166200432023275602020633193
20166202222028014045025068667
20166383022027229468025068667
20166623295028014045025068667
20166625093028014045025068667
20167156720039055240035099611
20167336796017676639015392220
20167537848028014045025068667
20168023171012740336011505949
20168206667024951938022202346
20168429402028014045025068667
20168580984028014045025068667
20168605138016665249014445497
20168848448028014045025068667
20168851678016665249014445497
20169728853028014045025068667
20169996467044799939040361507
20170427859014869282013498774
20170729146028014045025068667
20170805152022552671020271111
20170805977028014045025068667
20171239134028014045025068667
20171243611028014045025068667
20171396086022552671020271111
20171396760038640782034655018
20171398518023420884020769186
20171612714024951938022202346
20171649715016665273014445521
20171705968015753125014445497
20171839646024801068022061123
20171876878036242750033085865
20172153020013858339012552497
20172155082029676529027845850
20172960708015654982013499897
20172965866028014045025068667
20173225319018630875016338942
20173302003017676639015392220
20173453532013125386011131968
20173705221028014045025068667
20173933593028014045025068667
20173965649018688028016338942
20174248045025759880023693042
20174295795024010903022055892
20174563129016665249014445497
20174679631017676639015392220
20174679852017903451016338942
20174682136012113996010185245
20174837296011102607009238523
20174893382028014045025068667
20174982342017903451016338942
20174984086026482992023635507
20175024183036048423032275135
20175118374028014045025068667
20175141511018688028016338942
20175142364031428364027844892
20175242865017903451016338942
20175262114028014045025068667
20175484656028014045025068667
20175538551014643138012552720
20175622242029712732026658742
20175622838028014045025068667
20175638106016665249014445497
20175747517040981193037521339
20175747894027229468025068667
20175841769028014045025068667
20176191865018688028016338942
20176581612017204978015685128
20176707829017903451016338942
20176753529036258498031631782
20176753588018688028016338942
20176754126044799939040361507
20176772728013859016012553174
20176774836016665269014445517
20176784807017646570016338942
20176801469028014045025068667
20177314774028014045025068667
20177355004015881340014446165
20177390381028014045025068667
20177390799017903451016338942
20177442195025068667025068667
20177574156028928155026658742
20177649172016665249014445497
20177649245028014045025068667
20177649261013857923012552081
20177791629011835115010658607
20177791742028014045025068667
20177792501024773153022034994
20177792838025653712023593662
20177792919010596912008765161
20178065085028014045025068667
20178404831011835115010658607
20178405900014643138012552720
20178909380024773129022034970
20179089425018688028016338942
20179089565033711483030716443
20179089697044015362040361507
20179109582033712605030717565
20179118328028014045025068667
20179120411015607352013498774
20179121191026599352024059123
20179234816018688028016338942
20179319587015653859013498774
20179319943028014045025068667
20179611482029712732026658742
20179667879028014045025068667
20179668085018688028016338942
20179668298028014045025068667
20179669790012593656011368648
20179672503018688028016338942
20179914647028014045025068667
20180117165015148165013025413
20180370626028014045025068667
20180374079012765894011460052
20180405012013857894012552052
20180410156023420884020769186
20180410369024951938022202346
20180410539018688028016338942
20180577646029712732026658742
20180907751018689151016340065
20180981137018688028016338942
20181012693028014045025068667
20181013134026438288023593662
20181023059014642489012552071
20181023539015880672014445497
20181024128024167361022202346
20181548682010596912008765161
20181838931028014045025068667
20181845148028014045025068667
20181905639017903451016338942
20181976595018182333015865581
20182119084017903451016338942
20182119858028014045025068667
20182286436017646570016338942
20182540855028014045025068667
20182805212011835115010658607
20183126114024010903022055892
20183721446028014045025068667
20183768086013631080011605329
20183768167027315572024414853
20183768248018688028016338942
20183768310028015167025069789
20183891139027609618025004723
20184060699028014045025068667
20184405424028014045025068667
20184410584012620814010659729
20184715822017903451016338942
20184782368028014045025068667
20184785170018688028016338942
20184795419027229468025068667
20185150144028014045025068667
20185393160011835115010658607
20185426700023910047022034970
20185427146044015362040361507
20185592856028014045025068667
20185893252018688028016338942
20185917895028014045025068667
20185942717014991039014445672
20186038984018688028016338942
20186170661028014045025068667
20186204973026599352024059123
20186464282026438288023593662
20186671040013858118012552276
20186681542028928155026658742
20186921438044799939040361507
20187442096028014045025068667
20187574278029712732026658742
20187774382011329420010185245
20200047800013858852012553010
20200596987014869727013499219
20200606982027229468025068667
20200661495012619692010658607
20200726775028014045025068667
20201280835018688028016338942
20201519277028315786025351115
20201519935018688028016338942
20201523967012619692010658607
20201525323027229468025068667
20201525714018688028016338942
20201534497028014045025068667
20201534594028014045025068667
20201536228027229468025068667
20201536724034689345031631782
20201542392013076061012553010
20201543763024016491022061123
20201553580029712732026658742
20201557063028014045025068667
20201557209023988552022034970
20201561877028014045025068667
20201566399018688028016338942
20201570019017903451016338942
20201574146026482992023635507
20201588716028014045025068667
20201628130029712732026658742
20201706379024016664022061296
20201707316024951938022202346
20201905916021230471018718825
20202673210009306641008291800
20203071427015653859013498774
20203071753015654982013499897
20203271108027229468025068667
20203271388025699537023636629
20203337222026482992023635507
20203337419028014045025068667
20203349719027248518024352087
20203536411028014045025068667
20203791616013075103012552052
20203972408018688028016338942
20204204048017903451016338942
20204220264028014045025068667
20204792950022553793020272233
20204793671016665249014445497
20204866423024952718022203126
20205060236028014045025068667
20205060783013859016012553174
20205134450028014045025068667
20205380893027229468025068667
20205504045028014045025068667
20205577735028014045025068667
20205640100026438288023593662
20205640631016159850013972431
20205781421028014045025068667
20205782762028014045025068667
20205794426028014045025068667
20205898140029712732026658742
20205911112028014045025068667
20205912771040754381036574616
20205947494026438288023593662
20205947931017676639015392220
20206026759027229468025068667
20206048515023275602020633193
20206054221016665249014445497
20206129221013859016012553174
20206271745028014045025068667
20206349566018688028016338942
20206382482017903451016338942
20206583232027229468025068667
20206603934027336940024749551
20206728672029712732026658742
20206809699027944271026898169
20206809893026111912024022565
20206821354028014045025068667
20207190528024016491022061123
20207289222028014045025068667
20207324664028014045025068667
20207324923013353321012079813
20207326500023988552022034970
20207578224016665249014445497
20207600637027229468025068667
20207602877018688028016338942
20207773264028014045025068667
20207985997018688028016338942
20208577051026438288023593662
20208875591012619692010658607
20208980158018688028016338942
20208981049016665249014445497
20208981588018688028016338942
20209000416015547692013399395
20209166497010823725009711884
20209596459011836237010659729
20209597854025126260022610326
20209599059031428364027844891
20209599830026376295025068667
20209826683016665249014445497
20210182102028014045025068667
20210530275014642470012552052
20210695290027229468025068667
20211005123018688028016338942
20211124513013859016012553174
20211126834010823725009711884
20211394316013858852012553010
20211598019014642470012552052
20211706954028014045025068667
20213308700014642470012552052
20213333047018688028016338942
20213393511026598230024058001
20213397681009812335008765161
20213400046013857894012552052
20213407660021889830019336026
20213415574026484114023636629
20213417712015654914013499829
20213418328017380400016338942
20213422716013857894012552052
20213422961024951938022202346
20213424956013859016012553174
20213426169024951963022202371
20213432991018688028016338942
20213434641029712732026658742
20213435257026438288023593662
20213439236023420884020769186
20213439589013352198012078690
20213442032018688028016338942
20213450884032212941027844891
20213452429025360027022164556
20213454839027229468025068667
20213455959026482992023635507
20213911466018715967016365095
20215393950028014045025068667
20215478786028014045025068667
20215576222014806698013499070
20215628621024951963022202371
20216090862026599352024059123
20216313217041741732038164691
20216317247011835134010658626
20216321546027315572024414853
20216326491024801068022061123
20216328796015653859013498774
20216429436028014045025068667
20216786379017903451016338942
20216788975024951963022202371
20216869436027229468025068667
20216931239028014045025068667
20217011451024167361022202346
20217012083028014045025068667
20217090815028014045025068667
20217258813013631104011605353
20217455368011836237010659729
20217679967028014045025068667
20217836728028928155026658742
20217863555028014045025068667
20217966451015607648013499070
20218220658028014045025068667
20218248862012619692010658607
20218299351016159555013972136
20218305556018688028016338942
20218710523017676663015392244
20218970533028014045025068667
20218972560028014045025068667
20219063157025759880023693042
20219100052028014045025068667
20219100125011867977010560349
20219100966028014045025068667
20219135794024951938022202346
20219274255015376100013973258
20219426489018688028016338942
20219427566016559082014346118
20219481587028014045025068667
20219482001031428364027844891
20219685115012847625011606451
20219685158009706168008665782
20219696834028014045025068667
20219756276026598321024058092
20219872861015881122014445947
20219915730028014045025068667
20220089151018688028016338942
20220259219016665249014445497
20220277993018688028016338942
20220418058026599352024059123
20220493866012113996010185245
20220701310028014045025068667
20221047010028014045025068667
20221185995027229468025068667
20221423799023420884020769186
20221428251024951938022202346
20221691262013857894012552052
20221691319010823725009711884
20221780842027229468025068667
20221953305024951938022202346
20222117683018688028016338942
20222149313013857894012552052
20222185719024773129022034970
20222273138022101814020271135
20222300003014869736013499228
20222399921026438288023593662
20222399956013076225012553174
20222420246017989554015685128
20222420467014870405013499897
20222429774010823725009711884
20222430233011329420010185245
20222435227020971147019210494
20222436118022553793020272233
20222489297026530995024414853
20222489718014643428012553010
20222713987013631080011605329
20222742138017903451016338942
20222742235025698415023635507
20222796432018688028016338942
20223082565011835134010658626
20223473459013859016012553174
20223522085024186411021485766
20223991018013859016012553174
20224055774028014045025068667
20224151013028014045025068667
20224185260016159555013972136
20224221941014642470012552052
20224323868017903451016338942
20224539666018688333016339247
20225283495029712732026658742
20225995320015654528013499443
20225996025013859016012553174
20225996998028622131025952569
20226178709010808936010303320
20226245619018688028016338942
20226245740018688028016338942
20226620134027248518024352087
20226773755028014045025068667
20226773895026484114023636629
20226877623017903451016338942
20227220261028014045025068667
20227633426015376100013973258
20227633434028014045025068667
20227633469024951938022202346
20227633752017676639015392220
20227671026017903451016338942
20227709066028014045025068667
20227709473012619692010658607
20227830159023420884020769186
20227830205013859016012553174
20228064638008376364007461024
20228388700017676639015392220
20228389057011210054009711884
20228445305028014045025068667
20228867676014642470012552052
20228970620015653859013498774
20228970736018688028016338942
20229078551011355454009475203
20229098331024951938022202346
20229099036013857894012552052
20229560132015653859013498774
20229693272016665249014445497
20229951360027248518024352087
20230209600018688028016338942
20230390895017903451016338942
20230401722027229468025068667
20230412740028014172025068794
20230421235014021825013498774
20230428388009812335008765161
20230483303014869624013499116
20230485195015880672014445497
20231352571018688028016338942
20231376098024951938022202346
20231376365028014045025068667
20231393820016159555013972136
20231546775013632202011606451
20231613243027248518024352087
20231614959010823725009711884
20231626248026482992023635507
20231722085025586838023111278
20232127873014869282013498774
20232821729028014045025068667
20232906031015149287013026535
20232946890012846503011605329
20232983354013352198012078690
20232983591011329420010185245
20233207137021889830019336026
20233216225027488973024157380
20233216454024186411021485766
20233351106013631080011605329
20233386775014030608011979311
20234101588012847625011606451
20234102673017990677015686251
20234181220011329420010185245
20234320441028014045025068667
20234961501018688028016338942
20234989767010823725009711884
20235554020026482992023635507
20235556635011329420010185245
20236001394028014045025068667
20236217613017676639015392220
20236217788028014045025068667
20236258573015653859013498774
20236359698017903451016338942
20236546358012113996010185245
20236554415011835134010658626
20236843530028014045025068667
20236876307017646570016338942
20236906796024951938022202346
20237190484015881795014446620
20237191693012619692010658607
20237206267015148165013025413
20237274378028014045025068667
20237400500027229468025068667
20237403569028014045025068667
20237406797013125386011131968
20237407173012847625011606451
20237407874028014045025068667
20237789092009761574009238523
20237856520014642470012552052
20237856709013859016012553174
20238007179014869282013498774
20238007594012847625011606451
20238008809024951938022202346
20238047901002052315002052315
20238093105014136775012078690
20238110204028014045025068667
20238286760028014045025068667
20238899185011836237010659729
20238995664010823725009711884
20239200266015881795014446620
20239211314012234641011032588
20239272984012619692010658607
20239347976013125386011131968
20239353364018688028016338942
20239353518018182333015865581
20239629920014642470012552052
20239732551015653859013498774
20239761535022552690020271130
20239766030025587962023112401
20239945571013631080011605329
20240033713014642470012552052
20240051347011835115010658607
20240055660011835115010658607
20240061466025068667025068667
20240121000012340809011131968
20240139503011835134010658626
20240630061028493485025951470
20240631785014313978013049938
20240682940015880672014445497
20240745020017903451016338942
20241476090028014045025068667
20241682448015880672014445497
20241898645017676639015392220
20242019068013631080011605329
20242019297015148165013025413
20242213840012113996010185245
20242335121010823725009711884
20242404409026537188023266510
20242404875023420884020769186
20242405057012620814010659729
20242607342016159555013972136
20242612931012619692010658607
20242799942016665273014445521
20243116520028014045025068667
20243116970027382805024058001
20243462224011836237010659729
20243691924017676639015392220
20243763186011836237010659729
20243763682022345235019762313
20243796629026598230024058001
20243831254016665249014445497
20244234756017903451016338942
20244293698028014045025068667
20244320970017677084015392665
20244445803016666028014446276
20244512144009559488008528480
20244843132017676639015392220
20245129042018688028016338942
20245129131017676678015392259
20245206349016665249014445497
20245783494012846503011605329
20245785098012846523011605349
20245786531014741940013434312
20246593303008548098007581758
20246678066028014045025068667
20246855944011835115010658607
20247026860035150952031329535
20247126466011835115010658607
20247128000015653859013498774
20247260014028014045025068667
20247328476028014045025068667
20247328530012619692010658607
20247328999013632202011606451
20247329979014137898012079813
20247469266010318031009238523
20247473689036217393032327736
20247570137013857894012552052
20247750690015881118014445943
20247940635018688028016338942
20248074931012129502011606451
20248131161027229468025068667
20248404141015653859013498774
20248992795016665544014445792
20249016994025360026022164556
20249489477013631080011605329
20249507300025586839023111278
20249508854016160677013973258
20249566889015653859013498774
20249569764010823725009711884
20249672700015654528013499443
20249676595014136775012078690
20249896668027248518024352087
20249896862024953061022203469
20249896951013352198012078690
20250040564022637430020770309
20250086076024186411021485766
20250200316018688028016338942
20250279710011605329011605329
20250360844018688028016338942
20250637056024953061022203469
20250637218014643592012553174
20250750375018688028016338942
20250959037015653859013498774
20250990031016159555013972136
20251081272012619692010658607
20251140694012620814010659729
20251248991018182333015865581
20251599506028014045025068667
20251631795014642470012552052
20251689483013632202011606451
20251723525024953061022203469
20251723568014643592012553174
20251723606016665249014445497
20251723703016665278014445526
20251723975016665249014445497
20251743321015653859013498774
20251820474016159555013972136
20251866326018688028016338942
20251866709024953061022203469
20251866946028075511025126203
20251909408023420884020769186
20252009192018182333015865581
20252080512028014045025068667
20252080709015653859013498774
20252176390013859016012553174
20252177206020236968017788917
20252177362007950993007471529
20252177427010596912008765161
20252177648028014045025068667
20252177915013632202011606451
20252255096028015167025069789
20252346954010318030009238522
20252708961024575450022164556
20252760475028014045025068667
20252816462011835115010658607
20252816756013631080011605329
20252909428015881118014445943
20252909533017903451016338942
20252909746027229913025069112
20253113627037692720033708741
20253333473021930162020133603
20253337711014869282013498774
20253488035012340809011131968
20253577410024186411021485766
20253577836016159574013972155
20253680734026482992023635507
20253828847023420884020769186
20254080986014136775012078690
20254081222015753125014445497
20254241009013352198012078690
20254383776013632202011606451
20254460703013857894012552052
20254465489029712732026658742
20254465632015653859013498774
20254705544012113996010185245
20255013816013859016012553174
20255016475011836237010659729
20255170180013857894012552052
20255174046011836237010659729
20255291239023420884020769186
20255357175013353321012079813
20255948904012847625011606451
20255961129011329420010185245
20256442281024951938022202346
20256444381017676639015392220
20256659221020236968017788917
20256680158014642489012552071
20256680530013859016012553174
20256680735024951938022202346
20256799546017398716015866540
20256933803039970928036575739
20257000819013859016012553174
20257095240011835152010658644
20257096654011836237010659729
20257099777012847625011606451
20257300898015654982013499897
20257301746036421052032518354
20257417760015880672014445497
20258186959014136775012078690
20258285361014642657012552239
20258364016013860802012553174
20258596367021889830019336026
20258609086023420884020769186
20258807082016665249014445497
20258808070014643249012552831
20259122393015653859013498774
20259260044026482992023635507
20259260087009761573009238522
20259261075015148165013025413
20259646058010318031009238523
20259646198025717465022918927
20259646368012340809011131968
20259723907016665249014445497
20259867216014870405013499897
20260138872013125386011131968
20260401352011329420010185245
20260402421017903451016338942
20260599683014642470012552052
20260785673012619692010658607
20260786076014642470012552052
20260786416016665249014445497
20260786637024121849020271135
20260814312013631080011605329
20260814401014136775012078690
20260976355027248518024352087
20260976991015653859013498774
20260990048010823725009711884
20260991958013353321012079813
20261089190013859016012553174
20261253764024186411021485766
20261376394017676639015392220
20261435080014136775012078690
20261547636011728947010559227
20261589681030190161025951446
20261619971009306641008291800
20261895715024951938022202346
20261896916016665273014445521
20262094783018688028016338942
20262105157011608302009711884
20262105645012846503011605329
20262525490012846503011605329
20262527957013859016012553174
20262622739018688028016338942
20262622992016665249014445497
20262765041028014045025068667
20262793177016159555013972136
20262917917015653859013498774
20263290187011608302009711884
20263468628015653859013498774
20263469306015880672014445497
20263819986023420884020769186
20263857241013632202011606451
20263948514026482992023635507
20263948565016893184015393342
20263967152012619692010658607
20263968884022655357020052606
20264109796016665269014445517
20264109842015653859013498774
20264280541014246273013723222
20264386390026482992023635507
20264386420012846503011605329
20264392595015279764013972136
20264489459014136775012078690
20264489572015374978013972136
20264489742018688028016338942
20264497230016785894015292840
20265029117016665249014445497
20265029230023420884020769186
20265029311014642470012552052
20265300147024186411021485766
20265648933021889830019336026
20265976892015653859013498774
20266361034013631080011605329
20266467959012513523010559227
20266472561028014045025068667
20266553952015653859013498774
20266558520028621007025951446
20266912758027229468025068667
20266951192016665249014445497
20267242624018182333015865581
20267293393018688028016338942
20267636347041538958036574616
20267702099012619692010658607
20267702226018182333015865581
20267810207011329420010185245
20267954055013631100011605349
20267991821026463942024352087
20267991937030418097026899291
20268376209010823725009711884
20268522639014822775013498774
20268559044026438288023593662
20268559559016159555013972136
20268559575018182333015865581
20268905473010708296010185245
20269553651010318031009238523
20269641100024951938022202346
20269931230024186411021485766
20270101055011329420010185245
20270214100038699705035385797
20270375295011608302009711884
20270475699014642470012552052
20270479228023420884020769186
20271691107024951938022202346
20271691832018688028016338942
20272159735028168163024058781
20272216755013857894012552052
20272932388028014045025068667
20273010220013632202011606451
20273359835022658840020370491
20273909703024348636021217833
20273911007009288212008765161
20273924389012113996010185245
20273924680009306641008291800
20273931431009812335008765161
20273967266012847625011606451
20274154145011835115010658607
20274484889016666372014446620
20274956594016159555013972136
20275066754012847625011606451
20275220850013631105011605354
20275422003013631080011605329
20275819302011608302009711884
20276080599010823725009711884
20276086856016665249014445497
20276100468012619692010658607
20276103114016665249014445497
20276155084009306641008291800
20276512375012113996010185245
20276626974024348656021217853
20276737776024951938022202346
20276791134011608302009711884
20277491878012113996010185245
20277530474015148165013025413
20277584132015654982013499897
20278404383011835115010658607
20278529348024951938022202346
20278682014016665273014445521
20278720943012619692010658607
20279039190016665249014445497
20279039263014643592012553174
20279058241014642470012552052
20279069545011019512009711884
20279078811015148165013025413
20279087810013631080011605329
20279174306016666372014446620
20279363850016665249014445497
20279646291015148165013025413
20279804962028014045025068667
20280387186013631080011605329
20280489949009761574009238523
20281251946013631080011605329
20281252101014136775012078690
20281392841011329420010185245
20281436326012740336011505949
20281437551022552671020271111
20281437853009306641008291800
20281763483011329420010185245
20282118050028621007025951446
20282463491022552671020271111
20283548784013631080011605329
20283671861024951938022202346
20283766579013631080011605329
20283914640012113996010185245
20284006543026482992023635507
20284051263015653859013498774
20284587570024575450022164556
20284686420016160422013973003
20284758626014136775012078690
20284803672013554431013048815
20285306451015148165013025413
20285357439028014045025068667
20285357870028014045025068667
20285357986013631080011605329
20285771537015653859013498774
20285874875014642470012552052
20285949662016665249014445497
20285950334024186411021485766
20285951772016159555013972136
20286378383021889830019336026
20286444424013125386011131968
20286748148012340809011131968
20287156031009079828007345077
20287241810010318031009238523
20287247606014643592012553174
20287369981013125386011131968
20287543531011329420010185245
20287544120016159555013972136
20287985461026598228024058001
20288709662010596912008765161
20288780790011835115010658607
20289008900010318031009238523
20289177885011836237010659729
20289189387013125386011131968
20289189506011329420010185245
20289189743011329420010185245
20290061912011728947010559227
20290125759016159555013972136
20290512973015653859013498774
20290525757011329420010185245
20290688184023420884020769186
20291448411021889854019336050
20291499725011835115010658607
20291499849014136775012078690
20291675817010091218008291800
20291779353013631080011605329
20292312971016665249014445497
20292374497016665249014445497
20292389818014136775012078690
20292851813015653859013498774
20292899042013631080011605329
20293422886011608302009711884
20293842877012619692010658607
20293844373013631080011605329
20293968536012113996010185245
20294094831024186411021485766
20294485474013857894012552052
20294516094023420884020769186
20295341190012234641011032588
20296036227016665249014445497
20297168437011835115010658607
20297293398022099047018377666
20297788710011330543010186368
20297821882012340809011131968
20297873203011329420010185245
20298109590012113996010185245
20298142156012619711010658626
20298143004013352198012078690
20298149428015148165013025413
20298447712016159555013972136
20298801710017903451016338942
20299179754016665273014445521
20299308384014869282013498774
20299308570012620814010659729
20300883665013125386011131968
20301070358011608302009711884
20301070641014642470012552052
20301478691014363588013025413
20301772689015148165013025413
20302080780010645530010185245
20303181416012113996010185245
20303182404013352198012078690
20303198106012619692010658607
20303423762014642470012552052
20303553879010823725009711884
20303726269011608302009711884
20303728105013631080011605329
20303973819012619692010658607
20304406616011835115010658607
20305777111012340809011131968
20305777553012113996010185245
20305778312011835115010658607
20305778584015653859013498774
20305901459015653859013498774
20306063678023420884020769186
20306846532010234935009711884
20307702100011835115010658607
20307729076012619692010658607
20308329330015148165013025413
20308726925011476099010322546
20308811507023422007020770309
20309737874011835115010658607
20311206940011102607009238523
20311578112016159555013972136
20311689054014136775012078690
20312138302017676639015392220
20312486262015653859013498774
20312500273014642470012552052
20312967902020529893018377666
20313367127014869282013498774
20313588980016159555013972136
20314745184023420884020769186
20314907796021124304018619446
20315067171015653859013498774
20315098468010318031009238523
20315798109013631080011605329
20315989559011608302009711884
20316212922010823725009711884
20318376639010318031009238523
20319065181012340809011131968
20319065378011102607009238523
20319726838016531142014319965
20319769146014136775012078690
20319769766012619692010658607
20319909282012619692010658607
20319911341023420884020769186
20320608903010823725009711884
20321320369013125386011131968
20322072156022323065019321773
20322772778016159555013972136
20323648337012619692010658607
20324160214012619692010658607
20325061481012113996010185245
20325066483015653859013498774
20325068087011102606009238522
20325068346016159555013972136
20325089815015653859013498774
20325240319010596912008765161
20325399806015148165013025413
20326057232011608302009711884
20326639215016666372014446620
20326639401015148165013025413
20326639703014642470012552052
20326640396022655357020052606
20326641007015880672014445497
20326827704010318031009238523
20327130774014642470012552052
20327997123015653859013498774
20330621118021889830019336026
20330621363018688028016338942
20330622890019191436017544575
20330633507011608302009711884
20330886995020992921018377665
20330997282019593249017186285
20331370070020529893018377666
20331421791010072789008765161
20331804763014642470012552052
20332077016011102607009238523
20332077261013386318012078690
20332077601022655357020052606
20332077644012619692010658607
20332079930015148165013025413
20332103394014136775012078690
20333518342015653859013498774
20333850487013857894012552052
20333857252008814851008291800
20334516130015148165013025413
20334516688010596912008765161
20334516807009306641008291800
20334535054011608302009711884
20335498209011608302009711884
20336219141014642470012552052
20336221146010318031009238523
20336258333010596912008765161
20336258619013125386011131968
20336350698010596912008765161
20336381941008725797007461757
20336383596014136775012078690
20336394059015653859013498774
20336477019015653859013498774
20336477396014642470012552052
20337754350012340809011131968
20338872020024952718022203126
20338873701014642470012552052
20338888016014642470012552052
20338888318021889830019336026
20338888946011329420010185245
20339586048015148165013025413
20339586455014642470012552052
20339586463014642470012552052
20339950661011608302009711884
20340097514011835115010658607
20341033749012113996010185245
20341054304012619692010658607
20341689164011608302009711884
20341721262014363588013025413
20342417443014642470012552052
20343145773010823725009711884
20344098507009812335008765161
20346939282013125386011131968
20347888061012113996010185245
20348788486008989949008466898
20349190282011608302009711884
20349197155012820343011979311
20349252237009306641008291800
20349256127009288212008765161
20349256909008973659007245697
20349266890009985049008192420
20350525565023110435019324388
20350538055012113996010185245
20350539671014642470012552052
20351777851011329420010185245
20352148939011102607009238523
20352518701011608302009711884
20352865169010596912008765161
20353763378010596912008765161
20357382549009812335008765161
20357387311009812335008765161
20357392560011608302009711884
20357395063022099046018377666
20357395640021314468018377665
20357395810014642470012552052
20357397961021889830019336026
20357402418010596912008765161
20357407819014642470012552052
20357453721022655357020052606
20357465053021124304018619446
20357466777024186411021485766
20358427082010596912008765161
20358429263010091218008291800
20358453393014642470012552052
20358456597011966235010658607
20358457550009812335008765161
20358457984014642470012552052
20359137088011835115010658607
20359137142010596912008765161
20359174005010318031009238523
20361366310017676639015392220
20361751486009812335008765161
20362283796012619692010658607
20365168904012113996010185245
20365173142012619692010658607
20365178764010091218008291800
20365190098011355454009475203
20365908142009306641008291800
20366382268010596912008765161
20366398180010091218008291800
20366398687010091218008291800
20366404482009288212008765161
20366404563011608302009711884
20366404709011608302009711884
20366416332009306641008291800
20366418092021889830019336026
20366418289010596912008765161
20366422170013378233011368648
20367135493014136775012078690
20371313088010091218008291800
20374419103014869282013498774
20374441419010072789008765161
20375422213014642470012552052
20376533485013855273012591233
20377022921014136775012078690
20379554785009599428008291800
20380529670013125386011131968
20381128777009079828007345077
20381130984014642470012552052
20381141811018280301015537497
20381142311011102606009238522
20383679878014136775012078690
20383689423019976013017544575
20385591528010091218008291800
20386419605010091218008291800
20386419893010996439009139143
20394492362008548098007581758
23123871499011835115010658607
23125020844012847625011606451
23140789704024877754023635507
23144126459016665249014445497
23146370209013857894012552052
23148287694016665249014445497
23160077689018454242016340065
23164277259016665249014445497
23164477274025360027022164556
23165913264013860802012553174
23166579104017903451016338942
23166597994016665273014445521
23167337414024186411021485766
23168580584012846503011605329
23168847769028014045025068667
23169346569028014045025068667
23170665864015653859013498774
23175638369018688028016338942
23176557974010920132009612504
23176872489036898808032965563
23177279854010318031009238523
23177698679017676639015392220
23178898299028014045025068667
23179108569028014045025068667
23179109344013125386011131968
23179109689018689151016340065
23180384189017903451016338942
23180404074011835134010658626
23181600829023988552022034970
23181905549014869282013498774
23182145564026544457023693042
23182501204028044773026998671
23182905364013858562012552720
23183721224011836237010659729
23184513994020904352019211616
23184687984031095679026799085
23185150089028014045025068667
23185162974017646570016338942
23185184854021756691019211461
23185754774014643138012552720
23187343194029805111026325428
23201525489028014045025068667
23201528879020358796017902885
23201530024016159555013972136
23201555809028014045025068667
23201577934012113996010185245
23202606954014869456013498948
23202674704011835115010658607
23202675794010211862009139143
23203074484013857894012552052
23203270984026599352024059123
23203536364013858189012552347
23203938934012113996010185245
23204035164024951938022202346
23204226474018182333015865581
23204602549028014045025068667
23205008144011102607009238523
23205194134013859016012553174
23205194754033711483030716443
23205357254015654158013499073
23205639764039558595035455287
23205642544031429486027846014
23206501294020972269019211616
23206642394011835115010658607
23206728264028014340025068962
23206728884012619692010658607
23207327654011606451011606451
23207395234018688028016338942
23208058444012620814010659729
23208981374023001800020376898
23209000024018962047017430943
23209003244023157276020837129
23209006324011031095010659729
23209167344014642470012552052
23209603624029406708025952569
23211210354024088360022202478
23211804319016665249014445497
23211814179027229468025068667
23213394924012340809011131968
23213395394010740009010740009
23213396714013859016012553174
23213399659013859016012553174
23213406604014870405013499897
23213407864012847625011606451
23213409344022636307020769186
23213411594024016936022061568
23213422324011835115010658607
23213453114027385715024059123
23215972194028014045025068667
23216310454026599352024059123
23216311574013859016012553174
23216311809027229468025068667
23216312244013859016012553174
23216319214011836237010659729
23216426444040754381036574616
23216427033013857894012552052
23217257719014642494012552076
23217488974013859016012553174
23217500044023989674022036092
23217917034027383929024059123
23217919894012113996010185245
23217996724018688028016338942
23218401414012432913010413949
23219101414011103729009239645
23219101449016559082014346118
23219319584028014045025068667
23219684304023989519022035937
23219756364027229468025068667
23220258424012620814010659729
23220320804012846503011605329
23220893154016665269014445517
23221192974028014045025068667
23221770714011608302009711884
23221870484024951938022202346
23221910184026598230024058001
23222421764024951938022202346
23222433304016665249014445497
23222435099028014045025068667
23222997844015654982013499897
23223314864028014045025068667
23223364284026438288023593662
23223576494027610741025005846
23223932614018688028016338942
23224050054013859016012553174
23224055994026599352024059123
23224151314015653884013498799
23224151454014643592012553174
23224287364011181658010658607
23224400934023988552022034970
23224401094013859016012553174
23224450214023989674022036092
23224851804012234641011032588
23225283214020076267016484220
23225561419024951938022202346
23225721394012756042012232991
23226113924014642470012552052
23226171789028014045025068667
23226183264011835115010658607
23226426124013859016012553174
23226681779028014045025068667
23226698671018688028016338942
23226811044036946919032276258
23226813144009761574009238523
23226917764014137898012079813
23227053119028014045025068667
23227221534026599352024059123
23227224169012619692010658607
23227225874032212941027844892
23227470194026599352024059123
23227671114013631080011605329
23227671424040754381036574616
23228200824014136775012078690
23228323144011835476010658968
23228566284011102607009238523
23228641014020972269019211616
23229099914011102607009238523
23229159674012846503011605329
23229761439028014045025068667
23230034214016665249014445497
23230350264013076225012553174
23230414874024576572022165678
23230429219012619692010658607
23230511799027229468025068667
23231180834014869727013499219
23231580794010318031009238523
23231640304028014045025068667
23232139404016665249014445497
23232742534013857894012552052
23232984864014642470012552052
23233207209023988552022034970
23233739154013859016012553174
23234111469012846503011605329
23234868454014763115013399395
23234984659013857894012552052
23235297949021541283019324389
23235773384026482992023635507
23235773414016665273014445521
23235840774010823725009711884
23236151964023420884020769186
23236305244012846503011605329
23237406389028014045025068667
23238081734026599352024059123
23238082854018827723016469705
23238269504030416974026898169
23238523214009812335008765161
23238866804012740336011505949
23238869064013857894012552052
23239767869027229468025068667
23239818633022325858019324388
23240102129029712732026658742
23240139944011181658010658607
23240639459045584515040361507
23240646994012620814010659729
23240683334013857894012552052
23240879719013353558012045930
23240901684026372539023112401
23241058514011329420010185245
23241331644028014045025068667
23241584194014642470012552052
23241682145011966235010658607
23241898059029712732026658742
23241898229013631080011605329
23241980944014364710013026535
23242776534012847625011606451
23243467349023420884020769186
23243774179015653859013498774
23243987849015653859013498774
23244503659014870405013499897
23244660274035473922031631782
23244660444014643592012553174
23245786964011835115010658607
23246963584013859016012553174
23247333754043561737038468062
23247669094013857894012552052
23247669779016665249014445497
23248390484017903451016338942
23248402644011182780010659729
23248404604025587962023112401
23248599014013859016012553174
23248834854028621452025951891
23249444294008295251007345077
23249557064012340809011131968
23250086814025888680024058001
23250279469029712732026658742
23250750544016665249014445497
23251168814012846503011605329
23251597669011182780010659729
23251683794012113996010185245
23251688664038394352035099915
23251847843011102606009238522
23251848009014870405013499897
23252079459014643592012553174
23252141154013352650012079142
23252176144014137898012079813
23252437754027229468025068667
23252437789028014045025068667
23252708944025246915022793148
23252817689011608302009711884
23252817794013859016012553174
23252817824027157116023112401
23253338024011181658010658607
23254704504013632202011606451
23255200704022553793020272233
23255206184014536302012452672
23255842994028394195025004724
23257366804024576572022165678
23257619109023420884020769186
23257685934035473922031631782
23257801934013858316012552474
23258109384024951938022202346
23258878639017676639015392220
23259467314009812335008765161
23260038974015654155013499070
23260230484011835115010658607
23260286234011836237010659729
23260340964008973659007245697
23260402994010318031009238523
23260785834025587962023112401
23261255804015149287013026535
23261558254012113996010185245
23261635054010823725009711884
23261896354014869282013498774
23262308944017676639015392220
23262413594010823725009711884
23262525244015653859013498774
23263418824010875673009711884
23263545494030416974026898169
23263690109018688028016338942
23263857984014870405013499897
23263968654011835134010658626
23264035384023565181021218955
23264109124011835788010659280
23264109744012601741012078690
23264243084013632202011606451
23264386764014136775012078690
23264489334016159555013972136
23264594189013859016012553174
23264599784019889403017463503
23265540694011835134010658626
23266294204011146167010659729
23266361254012113996010185245
23266609299015880672014445497
23266951744020445894018718825
23266959079016665249014445497
23267071004023420884020769186
23267074534011835115010658607
23267293414014363588013025413
23267296324026599352024059123
23267744904010318031009238523
23267991839012100591011723994
23268135944015148165013025413
23268413634023337248020271111
23268762469012613325011606451
23269533404017676639015392220
23269553804012846503011605329
23269640774021755724019210494
23270224474017677761015393342
23270377424012846523011605349
23270378234013859016012553174
23270604374012847625011606451
23270642144013857894012552052
23270754554009812335008765161
23271189109011608302009711884
23272342814012619692010658607
23272972079016665269014445517
23273540644011835115010658607
23273901124014642470012552052
23273912444021541282019324388
23273913114011329420010185245
23273931619011329420010185245
23274150084012340809011131968
23274359609018062196015753125
23274855304011456260011131968
23275028614013859680012552052
23277491559010318031009238523
23277708884014642905012552487
23277938944013631080011605329
23278524094013631080011605329
23278528774012846503011605329
23279057554013857894012552052
23279060334009307763008292922
23279078209016159555013972136
23279091124022553793020272233
23280559814014642470012552052
23281252224011835115010658607
23282456184011608302009711884
23282457334014643592012553174
23282460734013125386011131968
23282464764012846503011605329
23282477874022636307020769186
23282479214011835115010658607
23283064379023337248020271110
23283191664014136775012078690
23284758544015653859013498774
23284972554010091218008291800
23285048834011608302009711884
23285307074015148165013025413
23285307554016159555013972136
23285464684021105254019336026
23285952654015653859013498774
23287547579013631080011605329
23288708134010717556009612504
23289189874015148165013025413
23290376254011312064010658607
23290689503010318031009238523
23291034179011608302009711884
23292363974013125386011131968
23292694814014869282013498774
23293263914016665269014445517
23293844844011329420010185245
23294439544016159555013972136
23294517529013631080011605329
23295072504014136775012078690
23295566264012340809011131968
23296036234024157380023111278
23296131814010318031009238523
23296654744014642470012552052
23298109484024186411021485766
23299182339014869282013498774
23300210694015653859013498774
23300881564010823725009711884
23301750374013352198012078690
23301900899015653859013498774
23302063559011608302009711884
23302083509010823725009711884
23302413444010823725009711884
23303032584024349758021218955
23303180834012619692010658607
23303181113014806402013498774
23303181334012439596011131968
23303424504011608302009711884
23304430184010318031009238523
23305385034013631080011605329
23305778559013386318012078690
23305778834015880672014445497
23305829544010318031009238523
23305900559015653859013498774
23305901504011835115010658607
23305906034016665249014445497
23306411624012113996010185245
23306950304013125386011131968
23307169789010596912008765161
23307730634012619692010658607
23307747774013524913011505949
23308726789014642470012552052
23310815284011608302009711884
23310883514020018446018377666
23311905104010596912008765161
23312500434014642470012552052
23312787164011608302009711884
23312914514010823725009711884
23313053164011835115010658607
23313878074021541282019324388
23313919579012113996010185245
23314145194015653859013498774
23314176634010823725009711884
23314672844010318031009238523
23314813324010318031009238523
23314889134015148165013025413
23315261384021889830019336026
23316211399010823725009711884
23319023984011102607009238523
23319065474012113996010185245
23319071954014642470012552052
23319768904012113996010185245
23319769404010318031009238523
23319769544013125386011131968
23320540534011102607009238523
23320549884013631080011605329
23320607604010318031009238523
23320824184012846503011605329
23320934184022655357020052606
23322210604012113996010185245
23322831714009706168008665782
23323079234014363588013025413
23324161414012113996010185245
23324162844012619692010658607
23324373284009812335008765161
23325241314015148165013025413
23325241799012007828010085865
23325241934009599428008291800
23326121304012619692010658607
23326610984011608302009711884
23326639974014642470012552052
23326640964014870242013499734
23326887404009812335008765161
23327743414007962271006298975
23329804844010318031009238523
23330617314023420884020769186
23330620854015653859013498774
23330656204012846503011605329
23330994444012619692010658607
23331366064008548098007581758
23331368024014136775012078690
23331372404028014045025068667
23331373753011329420010185245
23331420484014363588013025413
23331420654015148165013025413
23331420794014642470012552052
23331804924023110435019324388
23332351524013631080011605329
23332889869021889830019336026
23333327694020303080017430943
23334136914015148165013025413
23335990854014642470012552052
23336348579010596912008765161
23336477654014869282013498774
23336622204015653859013498774
23336711819009812335008765161
23336712904010091218008291800
23336933234009812335008765161
23338885199011492873010185245
23339273804013352198012078690
23339566054018507113016484220
23339584133022655357020052606
23339586144012619692010658607
23341054044014136775012078690
23341691974010318031009238523
23341834864010596912008765161
23341995914014642470012552052
23342416764011608302009711884
23342418104009200473008192420
23346386304013019218011032588
23348639714014642470012552052
23349184974010091218008291800
23349190214013125386011131968
23349814544009812335008765161
23349815494009812335008765161
23350525394009306641008291800
23351994894015653859013498774
23354765284010318031009238523
23357375614021889830019336026
23357445124011608302009711884
23358427774014136775012078690
23358459994014642470012552052
23361336054013352198012078690
23364536534021124304018619446
23365173834014136775012078690
23365223319010596912008765161
23365601119012619692010658607
23366411313011102606009238522
23371035664014136775012078690
23371392114014642470012552052
23371650164010823725009711884
23373131539012007828010085865
23376515974010596912008765161
23381132994014136775012078690
23381137414010596912008765161
23386434654010091218008291800
23387366024014136775012078690
23402861894008814851008291800
23402861924011608302009711884
23426988054009306641008291800
24184513893027924169025068667
24213429635013075103012552052
24213450766014870242013499734
24219135838013857894012552052
24219687962024576572022165678
24221428842011836237010659729
24221694127028014045025068667
24222742494029712732026658742
24240108867018182372015865620
24241476606024576572022165678
24251597053032212941027844892
24255168890011836237010659729
24255169706012846503011605329
24255174033011835134010658626
24256657534011836237010659729
24259131657021541282019324388
24259930630013859016012553174
24260786403012619692010658607
24260992224012113996010185245
24263259501026371416023111278
24265589584014364710013026535
24267411766011836237010659729
24267748965011728947010559227
24273967067015881795014446620
24277491962013125386011131968
24288128991011835115010658607
24295466347014642489012552071
24298370871015148165013025413
24303181888011608302009711884
24310815094011608302009711884
24315964713011329420010185245
24326640057015653859013498774
24329730375009288212008765161
24357400771018043146016469705
24357453085011102607009238523
24358452104009812335008765161
24362286804019518503017430943
24384852404013386318012078690
27116548475012740336011505949
27118338729013859016012553174
27120176884025587962023112401
27121940413027229468025068667
27125316145015653859013498774
27127690109013857894012552052
27128664888012912957011605329
27128998069013859016012553174
27130018381011181677010658626
27135110855012847625011606451
27135113722011181658010658607
27135119011011835134010658626
27135119232022217223020376898
27136032505019451268017787794
27136033145011836237010659729
27136672822028014045025068667
27137027963013631080011605329
27137753133026599352024059123
27137847294013632202011606451
27139129291033712605030717565
27139594237012741459011507072
27140472714026536472024059124
27142116885011835115010658607
27142721207010823725009711884
27142728376013859016012553174
27142728805011835115010658607
27142729194013125386011131968
27143982748015881795014446620
27144124540015573249013353497
27144231916013125386011131968
27145149695012620814010659729
27145149717014643592012553174
27145149733014137898012079813
27145463632011835115010658607
27145465279028395318025005846
27145992244010823725009711884
27145993291016665249014445497
27146481227010823725009711884
27146980630014642470012552052
27147403769028395318025005846
27147489205018688028016338942
27147591115014643592012553174
27147627306018183455015866703
27149866928023110435019324388
27160027679028014045025068667
27160173861018688028016338942
27160174531013353321012079813
27160987133016159555013972136
27161074735013859016012553174
27161185650014022948013499897
27161943857014870405013499897
27161944632012619692010658607
27163095845013353321012079813
27163104151012113996010185245
27163106502013353321012079813
27163106987011836237010659729
27163107428011836237010659729
27163302670011835115010658607
27163302824015148165013025413
27163399801022553793020272233
27163941290011836237010659729
27164170220024951963022202371
27164178701011329420010185245
27164395419013632202011606451
27165385131015279764013972136
27165385794012113996010185245
27165659002024951938022202346
27166410938014642470012552052
27166627430014643592012553174
27166676024013631080011605329
27167355353012765894011460052
27167712482014870405013499897
27167714671013859016012553174
27167716070025587962023112401
27167720868018688028016338942
27167823675011835134010658626
27168021920013857894012552052
27168026841011329420010185245
27168050408013857894012552052
27168052095011329420010185245
27168053393010318031009238523
27168848388028014045025068667
27170197076013526035011507072
27170284785024953061022203469
27170338192024167361022202346
27170585262011329420010185245
27171228439026482992023635507
27171242008017676639015392220
27171397761011329420010185245
27171649809027335818024748429
27171693174026598478024058249
27171694855010318031009238523
27171839322010823725009711884
27172151286011835115010658607
27172366711016600468016338942
27172599074024120115022812487
27173225488018182333015865581
27173616460014869282013498774
27173676455013631080011605329
27174140176011835115010658607
27174984323011329420010185245
27174991818023420884020769186
27175140048029406708025952569
27175639077011835115010658607
27175749735026371416023111278
27176121748012846503011605329
27176581773013125386011131968
27176633862018182358015865606
27176753531015881795014446620
27176753949033451374029738569
27176754260011836237010659729
27176769594011835638010659130
27177158971023988552022034970
27177180713015880672014445497
27177184441010823725009711884
27177204183013859016012553174
27177247001041538958036574616
27177659164015653859013498774
27177792190016616316014446620
27177792425013631080011605329
27177829779014869282013498774
27177829906027249640024353209
27178167990009706168008665782
27178402485020529893018377666
27178890544015653859013498774
27178909709011836237010659729
27179109668013859016012553174
27179109803011608302009711884
27179121420016665249014445497
27179526323014870405013499897
27179614907028014045025068667
27179668306017903451016338942
27179669817013859016012553174
27179698205023989674022036092
27179716688010823725009711884
27179736824012113996010185245
27179736972023989527022035945
27179770267011329420010185245
27180149711013125386011131968
27180372844013858852012553010
27180405467013631100011605349
27180625777013859699012552071
27180899699035745457032620369
27180900190013859016012553174
27180904439028622130025952569
27180905702022929332022165678
27180907225029712732026658742
27180908299012602864012079813
27181013678011835115010658607
27181013740012866332012552501
27181023452028014045025068667
27181024327028395318025005846
27181024351015654982013499897
27181024378024319546024058020
27181024904011836237010659729
27181024971023988552022034970
27181176402026482992023635507
27181176488021124304018619446
27181194494025698415023635507
27181194796013631080011605329
27181213146013859016012553174
27181318134014869282013498774
27181320759012846503011605329
27181548423012619692010658607
27181548717026599352024059123
27181555764020743170018997165
27181556132011108431010658607
27181570895022218345020378020
27181572405015653884013498799
27181574874023988552022034970
27181816029010823725009711884
27181830498013857894012552052
27181838383031656136028792574
27181849555011836237010659729
27182119666015880672014445497
27182171374033712605030717565
27182222467012913888011606260
27182528914016665249014445497
27182540892015753125014445497
27182546467026438288023593662
27182597150023989001022035419
27182597185016665249014445497
27182598130025759880023693042
27182599331012340809011131968
27182599528024907857023111298
27182600011023989511022035929
27182621728026372539023112401
27182905203015654648013499563
27183004501011181743010658692
27183016372013857894012552052
27183079196013857894012552052
27183079234011836237010659729
27183186782010823725009711884
27183187940013076225012553174
27183397554011835115010658607
27183655383013859016012553174
27183725489028014045025068667
27183768188013378233011368648
27183796068018688028016338942
27184003851030644910027846015
27184051589014870405013499897
27184060669023564059021217833
27184073493026599352024059123
27184091556013857894012552052
27184099549024801246022061301
27184151451027315572024414853
27184161147028014045025068667
27184262318014870405013499897
27184297936027229468025068667
27184318526024951938022202346
27184339701014869732013499224
27184352295028015167025069789
27184513817026599352024059123
27184513884013858852012553010
27184517251033712605030717565
27184519394028014045025068667
27184528474013859016012553174
27184528482013076225012553174
27184716548014870242013499734
27184733353011329420010185245
27184736751029178772025004724
27184783202023988552022034970
27184785140013075548012552497
27184795294039715053035601741
27184809201011835134010658626
27184947337027336940024749551
27184947493013859016012553174
27184947752040685798038855119
27184947876028621008025951446
27184951644011836237010659729
27185005483013125386011131968
27185056525014870405013499897
27185062096027229468025068667
27185062118011329420010185245
27185062584040754381036574616
27185147024018630875016338942
27185147032013352198012078690
27185147059024951938022202346
27185162740013858852012553010
27185162945027382806024058001
27185198346013859016012553174
27185209488023275602020633193
27185209496032192050029294189
27185326271028014045025068667
27185334843013857894012552052
27185373342024643131022647748
27185373474030568975030307449
27185420758013859016012553174
27185426209012847625011606451
27185437375013859016012553174
27185443308024576572022165678
27185509279028014045025068667
27185509619036161220032275135
27185511087024951938022202346
27185607084013859016012553174
27185642246028014045025068667
27185701854013858339012552497
27185753412016160677013973258
27185787651039969828036574640
27185792736012620814010659729
27185830298016665249014445497
27185844884022871443020989317
27185847220012846523011605349
27185910038011182780010659729
27185934948013076225012553174
27185935359028014045025068667
27186015687028014045025068667
27186036994025815439024058001
27186069566011835134010658626
27186113778023910047022034970
27186118842023989511022035929
27186140023015653884013498799
27186143731026598230024058001
27186163295010823725009711884
27186178098023989674022036092
27186194689026599352024059123
27186286362015653859013498774
27186422673020972105019211452
27186422886012846503011605329
27186485667034723830031664124
27186504610022217223020376898
27186681504028014045025068667
27186681539017903451016338942
27186686239040601839036431900
27186735000009812335008765161
27186899119025759880023693042
27186901199011836237010659729
27187114875014021825013498774
27187237373014870242013499734
27187883518012846503011605329
27187913336024951938022202346
27189084736014642470012552052
27200568139016665695014445943
27200620890010318031009238523
27201288016028014045025068667
27201423371013858852012553010
27201511068025816397024058959
27201512250013858339012552497
27201513400011835115010658607
27201514504023988552022034970
27201515055025759880023693042
27201515179011731552011731552
27201516337013075548012552497
27201517325014869282013498774
27201517600028014045025068667
27201518674013814935012552052
27201518690013859016012553174
27201521586026438288023593662
27201522310023834380021156244
27201523031013632202011606451
27201523201023110435019324388
27201523627033000147030716443
27201523678014642765012552347
27201523848034497182030717565
27201524135030614362027846014
27201524577012702279011506929
27201524682025477228022165678
27201526537028106442027844916
27201526960027335879024748490
27201530127013858595012552753
27201530224033711574030716534
27201533290013857894012552052
27201536540028014045025068667
27201536699028014045025068667
27201537946010318031009238523
27201539280029712732026658742
27201539299013631080011605329
27201539477024794588022989990
27201543709026599352024059123
27201543741028014045025068667
27201546244028014045025068667
27201546945025675605023693487
27201548352015148165013025413
27201548891022636307020769186
27201551256011329420010185245
27201551450028309774025005846
27201552481013859016012553174
27201552988015653859013498774
27201555138039189872036574616
27201555170025320618022164556
27201556347014869282013498774
27201559729023910047022034970
27201560425026598254024058025
27201561952018688028016338942
27201564382017570470015292840
27201565206017676639015392220
27201567314028014045025068667
27201572237013352198012078690
27201572474011835115010658607
27201572547028014045025068667
27201573063022636307020769186
27201573691012847434011606260
27201574329037097667036574616
27201575775017903451016338942
27201577115028014045025068667
27201579002011102607009238523
27201583468016666372014446620
27201585177013858562012552720
27201585185018688028016338942
27201587153018688028016338942
27201588370018688028016338942
27201601571013859016012553174
27201627856028014045025068667
27202204126022379268020528582
27202262819021157366020634315
27202464551035473922031631782
27202464578026544457023693042
27202464926014136775012078690
27202465302017903451016338942
27202605082016665249014445497
27202606380015653859013498774
27202606577024908960023112401
27202606755017903451016338942
27202671700023988552022034970
27202673223014870242013499734
27202675188027531210025351115
27202675943015653884013498799
27203008460025586862023111302
27203010007011800376010659729
27203070387013859016012553174
27203070867013857894012552052
27203072665012846503011605329
27203074188022552671020271111
27203074404028014045025068667
27203074609024582174024059123
27203077152024801068022061123
27203077314012620814010659729
27203077322023988997022035415
27203077357022552690020271130
27203078248017646570016338942
27203089576026599352024059123
27203141039024016491022061123
27203270289028014045025068667
27203270300027229468025068667
27203271072027383929024059123
27203271781013859016012553174
27203271870015573249013353497
27203337529018688028016338942
27203337766027382806024058001
27203337847013075103012552052
27203337944039969804036574616
27203344495028014045025068667
27203347257028014045025068667
27203429946014870405013499897
27203536041024951938022202346
27203536521028014045025068667
27203536750013859016012553174
27203564363026598230024058001
27203930831013857894012552052
27204324110014643592012553174
27204324900022491025020633193
27204344162011019512009711884
27204480317022552671020271111
27204480368028014045025068667
27204602978011835115010658607
27204652428007430541006535655
27204792211025587962023112401
27204792238013859016012553174
27204793250011835121010658613
27204793374023988552022034970
27204793714016665269014445517
27204793919013857894012552052
27204858573013859016012553174
27204866010028014045025068667
27204866746020358777017902866
27204951093023110435019324388
27204951190027383928024059123
27204967240014642470012552052
27205008344013858869012553027
27205025249030143173026641874
27205039266028014045025068667
27205060532028014494025069116
27205060710026599352024059123
27205060761021755724019210494
27205119715013858339012552497
27205187060011835115010658607
27205192153042453068038164691
27205192994010823725009711884
27205194636016665249014445497
27205196027013857894012552052
27205196132011835115010658607
27205196337010823725009711884
27205196361033711483030716443
27205196574024167361022202346
27205207924023989219022035637
27205240123027924169025068667
27205240786028014045025068667
27205357497013857894012552052
27205442303020971592019210939
27205442362036908142033708741
27205442907016160486013973067
27205503973014870405013499897
27205510163013631104011605353
27205510325013859016012553174
27205510430015653888013498803
27205511062013859016012553174
27205511348015880672014445497
27205511607028014045025068667
27205640970024388672021919898
27205641284033711483030716443
27205641845020971955019211302
27205641942013859016012553174
27205642868013857894012552052
27205645123026599352024059123
27205646340013859016012553174
27205646464013857894012552052
27205647096020972269019211616
27205647940013353321012079813
27205649331013859016012553174
27205649846021931547020271110
27205649978016665695014445943
27205780047024774251022036092
27205780993024216093023693042
27205781213013125386011131968
27205781892027229468025068667
27205781906015654982013499897
27205782465016665278014445526
27205832225013859016012553174
27205879051028014045025068667
27205898129021541282019324388
27205898161028014045025068667
27205906539014599512012552052
27205906687028315786025351115
27205906814015374978013972136
27205912784029405585025951446
27205946387013859016012553174
27205947030013859016012553174
27205948053026544457023693042
27205948169023989674022036092
27205948703013858852012553010
27206042724025759880023693042
27206044948023988552022034970
27206045278029712732026658742
27206045383025591718025068667
27206054064011835825010659317
27206054498028014045025068667
27206054749028014045025068667
27206054927027383929024059123
27206150802028014045025068667
27206169562026599352024059123
27206169716026599353024059124
27206247490028014045025068667
27206382649038394048035099611
27206382975028014045025068667
27206458300024951938022202346
27206472974028014045025068667
27206501532017903451016338942
27206603831013857894012552052
27206604226013859016012553174
27206604617012765894011460052
27206609104028168504024059123
27206609384016665249014445497
27206728413040975549036047293
27206728529014643592012553174
27206756654014643592012553174
27207105339013857894012552052
27207188412028014045025068667
27207216211037940445033206190
27207323808010823725009711884
27207324448011181658010658607
27207325789020972269019211616
27207326068012740336011505949
27207327366012619692010658607
27207329342013859016012553174
27207381212012128380011605329
27207381565024722489022061147
27207382111012846503011605329
27207382529023988552022034970
27207383223021541281019324388
27207395248028014045025068667
27207606257012847625011606451
27207697619018688028016338942
27207711603013857894012552052
27207870213029406708025952569
27207871112013859016012553174
27207871139030417419026898614
27207872429010717556009612504
27207872593013857894012552052
27207872798013859016012553174
27207873131022559143022036092
27208059403013860802012553174
27208059632033018991031188312
27208059799031428364027844891
27208145539013125386011131968
27208190127014333041013025413
27208238553030563176027699614
27208257957023989511022035929
27208388644026599188024058959
27208487219018688028016338942
27208498334024167361022202346
27208574901028014045025068667
27208577021022636307020769186
27208875510024017613022062245
27208939942021541282019324388
27208980071030190186025951471
27208980195013125386011131968
27208980721013857894012552052
27208980918013814999012552116
27208981523016665249014445497
27208981639013352198012078690
27208981981011181658010658607
27209002227013857894012552052
27209002367018688028016338942
27209002871013859016012553174
27209004424010234935009711884
27209006109013859016012553174
27209007202012846503011605329
27209105107026599352024059123
27209119140028014045025068667
27209166564015880847014445672
27209166750014643592012553174
27209166947011835115010658607
27209167137026599352024059123
27209310916029405609025951471
27209311033011836237010659729
27209378057026482992023635507
27209378529026599197024058968
27209573267014136775012078690
27209578935012847625011606451
27209586059028014045025068667
27209586865012129311011606260
27209595783015653859013498774
27209596127013631100011605349
27209596488012846503011605329
27209597409024121825020271111
27209599762012847625011606451
27209619194011835143010658635
27209741542028014045025068667
27209768726031950830030716443
27209872167013859016012553174
27210058554026599353024059124
27210250544026438288023593662
27210251109029712732026658742
27210270421017903451016338942
27210292166029405585025951446
27210316405018688028016338942
27210316472012846527011605353
27210365511011102607009238523
27210394066013777282012406774
27210443237016665249014445497
27210558506028928155026658742
27210673550011835115010658607
27210676045014136775012078690
27210762677022491049020633217
27210800161027248518024352087
27210894077016159555013972136
27210894875026599352024059123
27211000223013859016012553174
27211050875014869282013498774
27211123023033712605030717565
27211125719014869727013499219
27211126235017646570016338942
27211126812014869282013498774
27211127215022491199020633367
27211127401018688028016338942
27211128262030191284025952569
27211128742012847625011606451
27211210376012340809011131968
27211599273028014045025068667
27211720609027610741025005846
27211793150015880672014445497
27211801099028928155026658742
27211803962023988552022034970
27211813933018688474016339388
27213062307010318031009238523
27213209715010823725009711884
27213302081024017458022062090
27213336032041246107037034902
27213336083015881118014445943
27213341087012552071012552071
27213391319013076225012553174
27213393036010318031009238523
27213393125012847625011606451
27213395306034829999031763504
27213396396011605329011605329
27213396434011836237010659729
27213397716012847625011606451
27213399212013859016012553174
27213400067013859016012553174
27213400571014869282013498774
27213400652026371415023111278
27213400962023989674022036092
27213401748023988552022034970
27213401934011836237010659729
27213404720027229468025068667
27213404739015654982013499897
27213405956016665249014445497
27213406022030416974026898169
27213406057024801092022061147
27213406154018689151016340065
27213407363026517356024059123
27213409129010823725009711884
27213410666013857927012552085
27213412898014600180012552720
27213413215011181658010658607
27213415064014364710013026535
27213416583013857894012552052
27213417792012129502011606451
27213418381014870405013499897
27213418500014869282013498774
27213418640017903451016338942
27213419019014870405013499897
27213419183029633520026899292
27213421153029712732026658742
27213422184010823725009711884
27213422567028014045025068667
27213422907018688028016338942
27213423717018688028016338942
27213423776013859016012553174
27213424608013859016012553174
27213427224016159555013972136
27213427593014869727013499219
27213428573010823725009711884
27213429901018688028016338942
27213430349026599352024059123
27213431027010823725009711884
27213431116014643592012553174
27213431345013857894012552052
27213431434016665249014445497
27213432678029712732026658742
27213433100028014045025068667
27213433712014642470012552052
27213433771024575450022164556
27213435227013857894012552052
27213435480013526036011507072
27213435545032340015028791614
27213438153026482992023635507
27213438315014869727013499219
27213438722014870242013499734
27213439303026150206025104104
27213439338018688028016338942
27213439478028014045025068667
27213439494013859016012553174
27213439540018688028016338942
27213440816013857894012552052
27213441596018688987016339901
27213442436027229468025068667
27213442746016665249014445497
27213442770018688028016338942
27213444781025892473025068667
27213445370025718396022919858
27213446032014869282013498774
27213446369012513523010559227
27213447195012847625011606451
27213447772021541282019324388
27213447977016666372014446620
27213448027028014045025068667
27213448086028014045025068667
27213448582018688028016338942
27213452695010091218008291800
27213452997010318031009238523
27213998817013859016012553174
27214183248013859016012553174
27214210733027229468025068667
27214403566017064776014819479
27214731288026598230024058001
27214843450014870405013499897
27214898026018688028016338942
27215199350013859016012553174
27215410191026599352024059123
27215478926012847625011606451
27215504730015653884013498799
27215558962019574224017902890
27215807261012741295011506908
27215807547040754381036574616
27215807598012619692010658607
27215837896025105225024059123
27215908580017903451016338942
27216090670010318031009238523
27216091413020972269019211616
27216091561009306641008291800
27216093467011329420010185245
27216094560033712458030717418
27216094943013857894012552052
27216294764010546151009238523
27216310182010596912008765161
27216314196012847625011606451
27216314676022553793020272233
27216314730033712605030717565
27216315303013859016012553174
27216315605012619692010658607
27216317373023988552022034970
27216317586011836237010659729
27216318833013076225012553174
27216320064011329420010185245
27216321834011836237010659729
27216324582011182780010659729
27216325325015654155013499070
27216326062011967357010659729
27216326518026599352024059123
27216326801014870405013499897
27216327751011835134010658626
27216329274027610741025005846
27216425044011836237010659729
27216426040011835115010658607
27216427683014642470012552052
27216429147013858869012553027
27216430153014536302012452672
27216450359022552671020271111
27216695912014869727013499219
27216708607018688028016338942
27216709751013857894012552052
27216780146028014045025068667
27216786438028014045025068667
27216786799028014045025068667
27216787264018688028016338942
27216787469026599352024059123
27216788007041491969037265044
27216788058026599352024059123
27216788074017397777015865601
27216790508028014045025068667
27216790745022178108020340284
27216807206013857894012552052
27216820970023988552022034970
27216852023026599352024059123
27216852724016666372014446620
27216852899028014045025068667
27216853828026598230024058001
27216854115020972269019211616
27216854425013859016012553174
27216854522034689345031631782
27216854654013859680012552052
27216854972024801068022061123
27216855227022655357020052606
27216855847018126955015865581
27216931144022218154020377829
27217010735018688028016338942
27217010808025587962023112401
27217011111023988552022034970
27217011383031429486027846014
27217011790014536302012452672
27217011952012620814010659729
27217120468010823725009711884
27217120794020971147019210494
27217232797016665249014445497
27217256408028014045025068667
27217256645028014045025068667
27217257781033712605030717565
27217257943015653859013498774
27217258982012846503011605329
27217267388020972269019211616
27217472747039179747035100734
27217474278018688028016338942
27217522396010717556009612504
27217522450021756392019211162
27217522930013815151012552268
27217523287010596912008765161
27217523821013859016012553174
27217524739018688028016338942
27217524976011835115010658607
27217657909018182333015865581
27217677926026145725022165678
27217688898016159555013972136
27217729535029406708025952569
27217733621043561737038468062
27217767437028014045025068667
27217822195014870405013499897
27217822497012113996010185245
27217836811015880672014445497
27217863657014870405013499897
27217894080010318031009238523
27217915223013859016012553174
27217915568011835115010658607
27217916971032214062027846014
27217917188011835115010658607
27217918265016665695014445943
27217940317012340809011131968
27217980599012619692010658607
27217991310038931434035602700
27218053896013859016012553174
27218057581026598879024058650
27218121093028014045025068667
27218180448024167361022202346
27218180537017676639015392220
27218248158024187534021486889
27218248417011836237010659729
27218263645017903451016338942
27218299380013631080011605329
27218299399026599353024059124
27218299402031428364027844891
27218422840020971147019210494
27218529858033712605030717565
27218550164024121825020271111
27218550539028014045025068667
27218551063011610388011131968
27218574683028014045025068667
27218705869014136775012078690
27218778335028014045025068667
27218799014014642470012552052
27218799499013857894012552052
27218943409018688028016338942
27218970058028621007025951446
27218971224028014045025068667
27218972271026998671025952569
27218972603016159555013972136
27218977532010823725009711884
27218977567013857894012552052
27219098370023989511022035929
27219100138013859016012553174
27219100251020359899017903988
27219100294013125386011131968
27219100839013857894012552052
27219101126013353321012079813
27219101134031202674026899292
27219101487026438288023593662
27219101754028014045025068667
27219101797013859016012553174
27219101851038929461034131967
27219101991014642470012552052
27219150887043561737038468062
27219164012034450029031407829
27219164195013631080011605329
27219164640027248518024352087
27219256626010823725009711884
27219275124015881795014446620
27219350304015653859013498774
27219350339027336940024749551
27219350355013858189012552347
27219350525010318031009238523
27219350797026599352024059123
27219350835020904002019857900
27219351149013859016012553174
27219351866018688028016338942
27219352919013859016012553174
27219365344012602864012079813
27219369064011836237010659729
27219375404010234935009711884
27219482839026599352024059123
27219491447016665249014445497
27219491641026764191024213423
27219491706013859016012553174
27219493121013353321012079813
27219493210011836237010659729
27219494594011329420010185245
27219680703026704396024157380
27219681017010823725009711884
27219683907013859016012553174
27219684199024576572022165678
27219684369013859016012553174
27219684792010708296010185245
27219685098026093657023585762
27219685705013859016012553174
27219687511011329420010185245
27219692140018688028016338942
27219695204027610741025005846
27219740102028014045025068667
27219793826012619692010658607
27219891674015881118014445943
27219894223017570470015292840
27219936082032212941027844892
27220041145021603741019213754
27220074655025886927024058034
27220107928010823725009711884
27220162961013271276012552080
27220230061026598230024058001
27220258403013125386011131968
27220277769028014045025068667
27220279796024843701024059123
27220320710039969804036574616
27220320753016159555013972136
27220320818028014045025068667
27220466456026599352024059123
27220628138013859016012553174
27220738030023989674022036092
27220745118026438288023593662
27220782455013631080011605329
27220892021014869282013498774
27220892110011836237010659729
27220892889016665249014445497
27220899638028621007025951446
27221047074025653712023593662
27221078123017646570016338942
27221179590028014045025068667
27221197025026599352024059123
27221197211026482992023635507
27221234591028014045025068667
27221270733015880761014445586
27221275859010823745009711904
27221423955014642470012552052
27221429171014869727013499219
27221511609013859016012553174
27221549592026599352024059123
27221565520012129502011606451
27221717789013859016012553174
27221780774015374978013972136
27221884030012847625011606451
27221908193011329420010185245
27221911550023102888021205934
27221979112028014045025068667
27221979252026482992023635507
27221979481015376100013973258
27221981052025587962023112401
27222026992024167361022202346
27222041959023989674022036092
27222069691011835115010658607
27222071327032440198028792059
27222086448018688028016338942
27222086529028694424025951621
27222087061025653712023593662
27222087444014136775012078690
27222087517028014045025068667
27222104292031428364027844891
27222105000012620814010659729
27222118862025361149022165678
27222187643028493461025951446
27222230433013859016012553174
27222352415022552690020271130
27222399810018688028016338942
27222399942012113996010185245
27222420925026599352024059123
27222424238023988552022034970
27222425684013075103012552052
27222427091024951938022202346
27222427512020972269019211616
27222428608011329420010185245
27222431633013859016012553174
27222433962013859016012553174
27222435310012740336011505949
27222437259013859016012553174
27222437666010823725009711884
27222438115016159555013972136
27222487574025591718025068667
27222487949016666372014446620
27222487965014643592012553174
27222506188026599352024059123
27222526170011836237010659729
27222615513013857894012552052
27222710095014364710013026535
27222742477016665249014445497
27222755854016665249014445497
27222818066014870405013499897
27222818902016665424014445672
27222890743028075511025126203
27222891723030191284025952569
27223011050026482992023635507
27223011085027382807024058002
27223011964012846503011605329
27223082225022380391020529705
27223082470010823725009711884
27223082845012552052012552052
27223128209028014045025068667
27223168308018688028016338942
27223169428025361149022165678
27223259389014642470012552052
27223259680015653859013498774
27223342510018182333015865581
27223403781016665249014445497
27223452626017676639015392220
27223473119027229468025068667
27223486172016665249014445497
27223486466027229468025068667
27223486598013859016012553174
27223486652023989674022036092
27223486709023049803021156244
27223489449016665269014445517
27223522349028014045025068667
27223522640013859016012553174
27223522675014643592012553174
27223576090026599352024059123
27223732769015376100013973258
27223837048028014045025068667
27223847841023163865020528602
27223972247028014045025068667
27223989972011836237010659729
27224000796020529893018377666
27224055566022636307020769186
27224059065021105254019336026
27224090418011835115010658607
27224151026015653884013498799
27224151085013526036011507072
27224151093027157116023112401
27224151336011835115010658607
27224151506013859016012553174
27224151549012620814010659729
27224151689028014713025069335
27224151743013857894012552052
27224190323013857894012552052
27224209679031428364027844891
27224221601013859016012553174
27224221857036243194033086309
27224258998007896748007199346
27224356973014869282013498774
27224391566014870405013499897
27224392473015880847014445672
27224392597023509974022202346
27224392651009812335008765161
27224394344014643592012553174
27224400603033712605030717565
27224402177011329420010185245
27224402258029712732026658742
27224402347014643592012553174
27224404633029055841024889653
27224405303013631080011605329
27224405400032192727029294866
27224405516021755724019210494
27224405656026599352024059123
27224414787040267736035384674
27224461033015880672014445497
27224470350014643592012553174
27224492559017903451016338942
27224519996011836237010659729
27224559106013857894012552052
27224600750024167543021782729
27224639002028014045025068667
27224639355014870405013499897
27224639452014869727013499219
27224781747022655357020052606
27224896161013859016012553174
27225062671013631080011605329
27225178041018689151016340065
27225301943028167828024058446
27225311922017903451016338942
27225317556014964528013499070
27225320557024186411021485766
27225439341013859016012553174
27225439422029712732026658742
27225468392024773129022034970
27225472225013859016012553174
27225504011025761002023694164
27225526228012846503011605329
27225576535013632202011606451
27225611624014642470012552052
27225689615018688028016338942
27225689852014363588013025413
27225816153017903451016338942
27225840321028168051024058669
27225841638016666372014446620
27225843479028014045025068667
27225886356040754381036574616
27225918568022380113020529427
27225984013028014045025068667
27226000513018688028016338942
27226088836013859016012553174
27226124646025653712023593662
27226129346013125386011131968
27226171431022553793020272233
27226171725013353321012079813
27226172322026598230024058001
27226172713013859016012553174
27226174376013076225012553174
27226174910013859016012553174
27226175135026599352024059123
27226175240013859016012553174
27226176530013859016012553174
27226179122026599352024059123
27226180171012740336011505949
27226180236010823725009711884
27226181585022734709020126956
27226181836022553793020272233
27226184762010318031009238523
27226185432018688028016338942
27226187249012847625011606451
27226527015011329420010185245
27226635284013858198012552356
27226636000015880672014445497
27226636779028694249025951446
27226687098013859016012553174
27226698081012507205011199577
27226698367013632202011606451
27226699797013632202011606451
27226699908014643592012553174
27226744148023988552022034970
27226744334012128405011605354
27226773628014643592012553174
27226774128017676639015392220
27226811279011835115010658607
27226811813011836237010659729
27226812135028014045025068667
27226813077013857894012552052
27226813840010823725009711884
27226813913026599352024059123
27226814731027383928024059123
27226860091013857894012552052
27226869374011728947010559227
27226869617009812335008765161
27226869781014870114013499606
27227029973016665249014445497
27227032869018688028016338942
27227032915027229468025068667
27227052290016665282014445530
27227053211015654982013499897
27227053815028014045025068667
27227134114014643592012553174
27227221408013857913012552071
27227221858011329420010185245
27227221904026598249024058020
27227222110026599352024059123
27227222242013075103012552052
27227222285014643138012552720
27227222943033711574030716534
27227223206012340809011131968
27227223834023989674022036092
27227225918040754381036574616
27227227341026599352024059123
27227290779025653896023593846
27227322220023988552022034970
27227448585012620814010659729
27227460577015880855014445680
27227542840015880672014445497
27227542859011329420010185245
27227633307014870214013499706
27227633587014870405013499897
27227644171027229468025068667
27227644856026438288023593662
27227709389014869282013498774
27227980058013857894012552052
27228004931013859016012553174
27228042418013859016012553174
27228060092024951938022202346
27228200692011329420010185245
27228216262013859016012553174
27228388071012620814010659729
27228388519018689151016340065
27228389213012619716010658631
27228389744012847625011606451
27228389892015654982013499897
27228396058017646570016338942
27228446187028014045025068667
27228446268024016491022061123
27228490003012620814010659729
27228619162013125386011131968
27228641842018688028016338942
27228769245010318031009238523
27228801580013857894012552052
27228815743027716910025105226
27228935595018182333015865581
27228949316013752656012453603
27228970641012846503011605329
27229098204031429486027846014
27229098654013859016012553174
27229098883017676639015392220
27229244480018507113016484220
27229401713027336113024748724
27229401748011835115010658607
27229401845020971147019210494
27229411174031347753027699614
27229560153031428364027844892
27229560285017676639015392220
27229720614023104010021207056
27229736545010823725009711884
27229736642016159555013972136
27229866872028014045025068667
27229872597013859016012553174
27229951411028014045025068667
27229990824028014045025068667
27229994609013857894012552052
27230034740013751725012452672
27230043855021331559019547862
27230043944016665249014445497
27230178157010318031009238523
27230178211009706168008665782
27230203801015880847014445672
27230206525024016936022061568
27230313771024167361022202346
27230350324013859016012553174
27230350960013859016012553174
27230410211010823725009711884
27230410742013857894012552052
27230411145028515963025853190
27230411706016665249014445497
27230412273012619692010658607
27230413970014869282013498774
27230414071011329420010185245
27230415361025082268022639040
27230418131011329420010185245
27230418573026598421024058192
27230419359011835115010658607
27230421663013353321012079813
27230422538011835134010658626
27230424166023988552022034970
27230424409013076225012553174
27230424611013859016012553174
27230424824010823725009711884
27230426738016665249014445497
27230427262026599352024059123
27230428072020012558018377666
27230483154015880672014445497
27230483197026599352024059123
27230483758031240616030717565
27230484576026599352024059123
27230486161023795955021434900
27230486579024801068022061123
27230486862016665544014445792
27230487559012847625011606451
27230488938010823725009711884
27230511697028014045025068667
27230555198018688028016338942
27230569601028014045025068667
27230570928025587962023112401
27230800044009306641008291800
27230815378028014045025068667
27230821351008104809007581758
27230822404020972269019211616
27230822676013632202011606451
27230822692028168505024059123
27230822838013632202011606451
27230853334028075511025126203
27230854187026599352024059123
27230854470013859016012553174
27230854748012619692010658607
27230968964026144604022164556
27231076226013859016012553174
27231172039015880672014445497
27231320186024951938022202346
27231501717022655357020052606
27231503914011835115010658607
27231510120011835115010658607
27231510341012847625011606451
27231510465013859016012553174
27231580315028014045025068667
27231613817025587962023112401
27231614368011329420010185245
27231614562029406224025952086
27231615542010823725009711884
27231616085026599352024059123
27231626986015654528013499443
27231638690024186411021485766
27231640288018688053016338967
27231640407018688028016338942
27231695058014869282013498774
27231770629015654982013499897
27231878012028014045025068667
27231878330014870242013499734
27231878357015653859013498774
27231883628015653859013498774
27231912660015654164013499079
27232015670013352198012078690
27232034217026598230024058001
27232034411039488239034655018
27232286550016665249014445497
27232544614026599353024059124
27232809863040754381036574616
27232821952013859016012553174
27232821987024167386022202371
27232840108028621009025951447
27232840205018688028016338942
27232840574013858562012552720
27232901344028014045025068667
27232901476018688028016338942
27232906176013859016012553174
27232930816013859016012553174
27232942113009706168008665782
27232942296011182742010659691
27232942342029712732026658742
27232980090024951963022202371
27232980589013859016012553174
27233021526014869282013498774
27233058403012113996010185245
27233058764016159555013972136
27233058926012340809011131968
27233058977014642470012552052
27233059108012619692010658607
27233059132012847625011606451
27233059337016159555013972136
27233108060023988552022034970
27233119429013859016012553174
27233207042016665249014445497
27233216122028014045025068667
27233253842014539827014539827
27233333706028168505024059123
27233337019018689151016340065
27233340478026376295025068667
27233351747018688028016338942
27233351925042550371037521363
27233352093011835115010658607
27233352131028014045025068667
27233353308025496550023771446
27233353367013859016012553174
27233387237010823725009711884
27233399529013857894012552052
27233453299016892101015392259
27233454392013859016012553174
27233500106012846503011605329
27233504632014136775012078690
27233577095020971583019210930
27233577745022552757020271197
27233578296016665269014445517
27233578725013859016012553174
27233578865012113996010185245
27233668740013859016012553174
27233677944028621009025951447
27233738684028014045025068667
27233739125015654982013499897
27233739184013859016012553174
27233739788023512373022165516
27233890923018183113015866361
27233917228011836237010659729
27234054541010823725009711884
27234054622028928155026658742
27234100071008694778007719059
27234101612009812335008765161
27234104336012128380011605329
27234104530022552671020271110
27234104964013859016012553174
27234105537011835115010658607
27234106371013857894012552052
27234109478018688028016338942
27234110484011836237010659729
27234111162026599352024059123
27234111278010717556009612504
27234111456023163845020528582
27234112673029405880025951741
27234115338011835200010658692
27234115729011329420010185245
27234116261011329420010185245
27234119783011835134010658626
27234179190014022948013499897
27234179433013859016012553174
27234197482013859016012553174
27234197881023564061021217833
27234282390019452391017788917
27234282870012620814010659729
27234320950011329420010185245
27234321140015653859013498774
27234321744014136775012078690
27234509999022655357020052606
27234652597031858443028667259
27234652929011329420010185245
27234673691016665249014445497
27234721408027382805024058001
27234800057013859016012553174
27234800448011836237010659729
27234800472013857894012552052
27234984301015653888013498803
27234984433009812335008765161
27234985502010823725009711884
27234985995023989674022036092
27234986428010318031009238523
27234987688013859016012553174
27235099468013972136013972136
27235235345011329420010185245
27235250174012601741012078690
27235420274014446620014446620
27235440445013857894012552052
27235447210028014045025068667
27235516166024016491022061123
27235556478014642489012552071
27235577661015880847014445672
27235578811025134337021218956
27235578935004101063003909278
27235703187012846503011605329
27235708197018688028016338942
27235773134026598230024058001
27235773584014870242013499734
27235800859014364710013026535
27235878866014869727013499219
27235879552016665249014445497
27236150297023564062021217834
27236176474011329420010185245
27236257806010823725009711884
27236258098024576572022165678
27236258349012846503011605329
27236259647013857894012552052
27236301007012847625011606451
27236305088012846523011605349
27236305452015653893013498808
27236329963014870405013499897
27236360666016665273014445521
27236470100011835115010658607
27236470291024774251022036092
27236516100016665273014445521
27236557478027229468025068667
27236770554015880672014445497
27236875364022977754020599194
27236875488010823725009711884
27236875763026599353024059124
27236877960011329420010185245
27236878223026599352024059123
27236878673011835115010658607
27236878908011835134010658626
27236878916018688028016338942
27236879025013859016012553174
27236879378011835115010658607
27236930381013076225012553174
27236930667011329420010185245
27236947527024951938022202346
27237118133010823725009711884
27237281042023110435019324388
27237336335018688028016338942
27237336394014869578013499070
27237336408012740336011505949
27237336742027382826024058021
27237402133012340809011131968
27237402583018688028016338942
27237403105028622130025952569
27237403989024186411021485766
27237405426011835115010658607
27237405779016665269014445517
27237405973011329420010185245
27237514152014870405013499897
27237530050023337248020271111
27237742392024121825020271111
27237751197010823725009711884
27237788856012846503011605329
27237789348013857894012552052
27237793329013857894012552052
27237856789013859016012553174
27237860735014870405013499897
27238007580013631080011605329
27238007793028014045025068667
27238007939013857894012552052
27238008781017596028015246942
27238009060014869578013499070
27238026488011621661010444796
27238080032013859016012553174
27238081918026599352024059123
27238082086015653884013498799
27238084372012912957011605329
27238085972013859016012553174
27238087495030191284025952569
27238092138014642470012552052
27238110438018689151016340065
27238110675013353321012079813
27238251937023988552022034970
27238379178012847625011606451
27238379356011835115010658607
27238379437021870780020052606
27238379526018182353015865601
27238383752015880672014445497
27238410040035734261032609888
27238410989013353321012079813
27238518399018688028016338942
27238518607010318031009238523
27238519697015374978013972136
27238591282014870242013499734
27238602071015148165013025413
27238619241011608302009711884
27238663135020972269019211616
27238689681013859016012553174
27238851748015374978013972136
27238858521013859016012553174
27238860011013859016012553174
27238862634026438288023593662
27238864882010823725009711884
27238868381021124304018619446
27238869213027129068024554900
27238898582026439220023594594
27238959301013859016012553174
27238990004031535655027945394
27239168952024951958022202366
27239200562025587962023112401
27239232448015547692013399395
27239232510013857894012552052
27239248107028014045025068667
27239272385012846503011605329
27239347687025587962023112401
27239398869017676639015392220
27239579707009821725009711884
27239627744014642470012552052
27239655632012846503011605329
27239738775027229468025068667
27239762285011029973010658607
27239764032011329420010185245
27239765764012847625011606451
27239768097011329420010185245
27239817527012340809011131968
27239818647013246031011979311
27239820609013858567012552725
27239864371017903451016338942
27239945517013247153011980433
27240033203018689151016340065
27240035192015881647014446472
27240050159035735384032611011
27240051716022552671020271111
27240052402024773129022034970
27240052682013859016012553174
27240052747014643592012553174
27240054316011835134010658626
27240055347023989674022036092
27240092560021889830019336026
27240100822013631080011605329
27240100938012340809011131968
27240138811021541282019324388
27240139168013352198012078690
27240142460023337248020271111
27240348573013857894012552052
27240357106012740336011505949
27240357262014136775012078690
27240445072027248518024352087
27240448535027229468025068667
27240522174011835134010658626
27240527486013859016012553174
27240608079019875337018829235
27240608362009812335008765161
27240608591028014045025068667
27240609288028014045025068667
27240609970015148165013025413
27240630589023509974022202346
27240632336014642470012552052
27240634371010318031009238523
27240681426022886367020271111
27240682880022325860019324389
27240684506014643592012553174
27240728376028395127025005655
27240738649014870405013499897
27240745343011329420010185245
27240745696026438313023593687
27240748725016665249014445497
27240749438015654565013499480
27240750517011608302009711884
27240751637015881795014446620
27240855564010823725009711884
27240973060011835115010658607
27241016248010318031009238523
27241017112009306641008291800
27241019344016665249014445497
27241023821029712732026658742
27241058633026599352024059123
27241058919028014045025068667
27241160233014870242013499734
27241160462015880672014445497
27241190515028014045025068667
27241190760013859016012553174
27241230207025888016024059123
27241330015028014045025068667
27241330066016665249014445497
27241331909012340809011131968
27241350911027383927024059123
27241413956012619692010658607
27241456795011476099010322546
27241468718028167384024058002
27241470887013859016012553174
27241476176011835115010658607
27241476451020971147019210494
27241476850011329420010185245
27241528117011835115010658607
27241646489012340809011131968
27241682396025466195022263936
27241754389026544457023693042
27241813423028014045025068667
27241813563014643592012553174
27241898283025698415023635507
27241899506016893184015393342
27241916389011102607009238523
27241930098024575469022164575
27241930241011835115010658607
27241930438017676679015392260
27241930896012619692010658607
27241945915011329420010185245
27241977507026292023023771445
27241977515014057383012738858
27242003514010823725009711884
27242018872016159555013972136
27242035645014642470012552052
27242213012018688028016338942
27242213063024575450022164556
27242213705017676639015392220
27242385018019890525017464625
27242386375012740336011505949
27242404535012115119010186368
27242404691016159555013972136
27242404861023420884020769186
27242446157014137898012079813
27242513784010823725009711884
27242553042009761574009238523
27242607177015148165013025413
27242609080018182333015865581
27242620580011182780010659729
27242686980024951938022202346
27242687723027229468025068667
27242777862011835115010658607
27242778346011836237010659729
27242778923010823725009711884
27242779105011835134010658626
27242779830026599352024059123
27242798053021526625018996043
27242798355011835115010658607
27242798827013857918012552076
27242798975013859016012553174
27242855049015881795014446620
27243178040027229468025068667
27243199226024017449022062081
27243461710011835134010658626
27243464299011836237010659729
27243465635011835115010658607
27243467042011329420010185245
27243468103022552699020271139
27243468944010318031009238523
27243499114011102607009238523
27243518275014869587013499079
27243520881028928155026658742
27243605666011835115010658607
27243610902016665249014445497
27243630776010823725009711884
27243760211011608302009711884
27243761722013859016012553174
27243762990011329420010185245
27243765140013859016012553174
27243766155020971147019210494
27243767054010823725009711884
27243774476024606415022543507
27243845756013859016012553174
27243845977018688987016339901
27243987437009306641008291800
27243988492011608302009711884
27243988956013859016012553174
27244019930011609424009713006
27244054191012620814010659729
27244077655013859016012553174
27244147025028014045025068667
27244147041016665282014445530
27244147440026482992023635507
27244148579013859016012553174
27244238039014870405013499897
27244241005015653859013498774
27244292246026934119025105226
27244292904012128380011605329
27244293137018182333015865581
27244293862014136775012078690
27244296047026599352024059123
27244296284014869282013498774
27244297132014870405013499897
27244298449016159555013972136
27244299038028622131025952569
27244299690014136775012078690
27244299992013631080011605329
27244321068013857894012552052
27244321939028014045025068667
27244335328018688028016338942
27244385767013859016012553174
27244385783006414467005106839
27244512300026598230024058001
27244575647040754381036574616
27244596423005426010004902959
27244743779014870405013499897
27244745852011836237010659729
27244940264013859016012553174
27244941589012847625011606451
27245138070026763284025005846
27245138488010318031009238523
27245139034024575450022164556
27245139247028014045025068667
27245139522010708296010185245
27245139980011329420010185245
27245166651011835115010658607
27245193454010823725009711884
27245194019011835115010658607
27245194892025587962023112401
27245195961014137898012079813
27245196879011835115010658607
27245197573013632202011606451
27245232948010823725009711884
27245459144013859016012553174
27245476081018688028016338942
27245584062011102607009238523
27245599388014870242013499734
27245703037027155993023111278
27245703320008295251007345077
27245703770013857894012552052
27245704572010318031009238523
27245704602016159555013972136
27245705978013353321012079813
27245785939010823725009711884
27245786625013859016012553174
27245788229026599353024059124
27245788571010823725009711884
27245788636011835115010658607
27245789624011329420010185245
27245807770026599352024059123
27245819221014869282013498774
27245857271012847625011606451
27246026233014136775012078690
27246026829024576254022165360
27246057570011329420010185245
27246074114011835115010658607
27246077504013857894012552052
27246226372013125386011131968
27246264738013125386011131968
27246273702011329420010185245
27246319826012113996010185245
27246403754011329420010185245
27246616707015148165013025413
27246663144017903451016338942
27246720113027229468025068667
27246855418012619692010658607
27246855582012340809011131968
27246891686018688028016338942
27246963733011728966010559246
27246963776013631080011605329
27247008654012619692010658607
27247008905026438288023593662
27247009480013631080011605329
27247126312015375909013973067
27247126371023337249020271111
27247126614032213236027845187
27247244110023988552022034970
27247244293013353321012079813
27247260507018688028016338942
27247285070012129502011606451
27247285844011329420010185245
27247286018011836237010659729
27247289394015654536013499451
27247289696026144604022164556
27247296609013752584012453531
27247319021018688028016338942
27247328225012847625011606451
27247328268013632202011606451
27247328306013632202011606451
27247328527012620814010659729
27247328969010556468009248840
27247329116014137898012079813
27247329213015653859013498774
27247329302013632202011606451
27247329523012619711010658626
27247329868011329420010185245
27247329906012620814010659729
27247329922012113996010185245
27247329930025279417022019279
27247330009012619692010658607
27247375274009812335008765161
27247384192015880757014445582
27247468159011329420010185245
27247468507024167361022202346
27247469600026371417023111279
27247480868020743170018997165
27247480906010211862009139143
27247481007017677761015393342
27247636752013857894012552052
27247666090010135555009612504
27247666244016159555013972136
27247667593015653859013498774
27247668719011835115010658607
27247669618013353321012079813
27247752248012847625011606451
27247767091013859016012553174
27247873754014870405013499897
27247897157024953061022203469
27247897254011329420010185245
27247897742012846503011605329
27247940206025502552024059123
27247940303013859016012553174
27248074723010823725009711884
27248329322018688028016338942
27248390714029712732026658742
27248400965023337248020271110
27248407854009812335008765161
27248454607012847434011606260
27248580742024953061022203469
27248834841024642323022646940
27248927823012113996010185245
27248943578013631080011605329
27249129637013859016012553174
27249186967010823725009711884
27249432135012847625011606451
27249444397015774505014346118
27249444478014643592012553174
27249500777011835115010658607
27249505760011329420010185245
27249506775012847625011606451
27249507542014643555012553137
27249508638011329420010185245
27249508700013859016012553174
27249509022011836237010659729
27249509308023157274020837128
27249528485011492873010185245
27249540000029712732026658742
27249569289016159555013972136
27249569556011835115010658607
27249569823017676639015392220
27249670079010823725009711884
27249670605012846503011605329
27249671091010708296010185245
27249674201012847625011606451
27250022765020972269019211616
27250022862024953061022203469
27250278336011835115010658607
27250279359013859016012553174
27250424855024951938022202346
27250503461024168484022203469
27250603083017676678015392259
27250637115015654982013499897
27250959945026598230024058001
27251101898026372500023112363
27251101901017903631016339122
27251133978013632202011606451
27251140478011835115010658607
27251141830011835134010658626
27251143930011329420010185245
27251159667017676639015392220
27251248937014642470012552052
27251460553027531655025351560
27251597532012846503011605329
27251599489022725397022202346
27251683447025361148022165678
27251686063017676639015392220
27251688139011835115010658607
27251688635012847625011606451
27251688805013859016012553174
27251689232013631080011605329
27251698363029712732026658742
27251754018024186411021485766
27251754948015880672014445497
27251834410016665249014445497
27251847709018688028016338942
27251866886011329420010185245
27252009332011835115010658607
27252009537027610741025005846
27252009634037692274033708295
27252079063024951938022202346
27252080207014870405013499897
27252176107015374997013972155
27252176123014643592012553174
27252177316010823725009711884
27252177324016666372014446620
27252177863013631080011605329
27252328772016665269014445517
27252437741027229468025068667
27252457157013386318012078690
27252457173015148165013025413
27252615658028395317025005846
27252706653009706168008665782
27252707013024576572022165678
27252708508013860802012553174
27252760046027383927024059123
27252760178014642470012552052
27252760240010823725009711884
27252760593013859016012553174
27252816483011835115010658607
27252816858010823725009711884
27252816874012847625011606451
27252817013012079813012079813
27252817498028014045025068667
27252909341011608302009711884
27253011624011836237010659729
27253012442011835115010658607
27253012604013859016012553174
27253014062015148165013025413
27253014194011329420010185245
27253014518011836237010659729
27253018963024186411021485766
27253018971025361081022165611
27253111556009306641008291800
27253332137014137898012079813
27253334555012234641011032588
27253336671011836237010659729
27253337066013857894012552052
27253338364012340809011131968
27253338984018688028016338942
27253341284013751725012452672
27253372090013857894012552052
27253480683011329420010185245
27253577237016159555013972136
27253577385015653859013498774
27253577547013125386011131968
27253577601015653859013498774
27253735258012847625011606451
27253746861012847625011606451
27253754449016665249014445497
27253801269030644909027846014
27253828124011835115010658607
27253828612013353321012079813
27253885241034244609030481070
27253967043013859016012553174
27254080115013923568013400517
27254080395026145725022165678
27254080778013859016012553174
27254082266011835115010658607
27254327404013857913012552071
27254329687014136775012078690
27254378068010823725009711884
27254378696010717556009612504
27254382596009761573009238522
27254449720013857894012552052
27254466021024576572022165678
27254466080023420884020769186
27254511485016665609014445857
27254518080010091218008291800
27254597053017397757015865581
27254634218014642470012552052
27254634390017677761015393342
27254700954010318031009238523
27254701691013353321012079813
27254702930011835115010658607
27254706049010823725009711884
27254706510014642470012552052
27254707118011608302009711884
27254941226021900336020272233
27254979630013859016012553174
27254979843011329420010185245
27254997612011835115010658607
27254999844017398879015866703
27254999968012113996010185245
27255012369010823725009711884
27255013756011836237010659729
27255016321011730069010560349
27255016585011835115010658607
27255017662011608302009711884
27255088381011329420010185245
27255097879009812335008765161
27255171386010318031009238523
27255172226010318031009238523
27255172781021541302019324408
27255173117014643095012552677
27255174121013352198012078690
27255174482011836237010659729
27255174857020358777017902866
27255357293016665273014445521
27255418268013352198012078690
27255426503011329420010185245
27255777101021730736018910582
27255823022028014045025068667
27255842027010823725009711884
27255842353022552671020271111
27255842493011835115010658607
27255843007031428364027844892
27255960496011836237010659729
27255960933013859016012553174
27255961948024576572022165678
27255962464013859016012553174
27255965331011835115010658607
27255967407009599428008291800
27256179178011608302009711884
27256289968022325858019324388
27256420657023564060021217833
27256442103011102607009238523
27256457615012846503011605329
27256524274007382077006074449
27256538828025587962023112401
27256644350012847625011606451
27256656510014136775012078690
27256658629010823725009711884
27256680888013632202011606451
27256681159012553174012553174
27256681299025622082023112401
27256681620012620471010659386
27256681892031429487027846014
27256933085022553793020272233
27256933611011835115010658607
27256935622016665269014445517
27257000791016159555013972136
27257090081020972269019211616
27257091150011835115010658607
27257091576023564062021217834
27257119608011835115010658607
27257120592016666319014446567
27257300647012113996010185245
27257301597010318031009238523
27257301945013857894012552052
27257365846011835115010658607
27257366281013859016012553174
27257366370011835115010658607
27257367725011836237010659729
27257488069016666372014446620
27257488174012619692010658607
27257488557026484114023636629
27257771186028014045025068667
27257771801019574200017902866
27257801530011329420010185245
27257801840016159555013972136
27257818131024017264022061896
27258185035026598479024058250
27258187631011835115010658607
27258188492011835134010658626
27258189804011836237010659729
27258206105013125386011131968
27258377112013857894012552052
27258450626014870405013499897
27258497843014642470012552052
27258559075015374978013972136
27258559318025653750023593700
27258597961031858443028667259
27258609110012619692010658607
27258609447017676639015392220
27258609579011836237010659729
27258654310012847625011606451
27258739154009306641008291800
27258799017028928155026658742
27258799114012846503011605329
27258799238013352198012078690
27258799343027229468025068667
27258803804014136775012078690
27258804126013631080011605329
27258807958024951938022202346
27258807966024122947020272233
27258878170010234935009711884
27258878774024951938022202346
27258926728023420884020769186
27259025872024575475022164581
27259025937015393342015393342
27259026275011729878010560158
27259026798014643592012553174
27259154036010658626010658626
27259162012010708296010185245
27259260065013632019011606268
27259260529020211207018499144
27259260626014643592012553174
27259369962011643687011606451
27259462555027229488025068687
27259463306011835115010658607
27259463861010318031009238523
27259466496011329420010185245
27259468685026598230024058001
27259531352030191284025952569
27259552244015653859013498774
27259634305013352455012078947
27259646567015653859013498774
27259646672024951938022202346
27259646710012847625011606451
27259866117013857894012552052
27259867245012846523011605349
27259870475011836237010659729
27259924397012619711010658626
27259924869025694093023211743
27260036071022552671020271111
27260037892029712732026658742
27260117144012846503011605329
27260119120018688028016338942
27260124779013631080011605329
27260167842018688028016338942
27260204012014869282013498774
27260262268012619692010658607
27260262276029406707025952569
27260262462014643592012553174
27260262586015148165013025413
27260270201012846503011605329
27260316759011836237010659729
27260392234010717556009612504
27260401217016160493013973074
27260402760028014045025068667
27260402833007768748007245697
27260403007017932512016366217
27260403074011329420010185245
27260403953012235763011033710
27260404011011836237010659729
27260404658012619711010658626
27260530130013631080011605329
27260530866012619692010658607
27260723591011728947010559227
27260724148025654158023594108
27260724369009200473008192420
27260724636013631080011605329
27260785341010091218008291800
27260785406024122947020272233
27260785627011608302009711884
27260785716024951938022202346
27260786496014642828012552410
27260786712012620814010659729
27260786828010823725009711884
27260786887012619692010658607
27260894760015653859013498774
27260948852013857894012552052
27260950601010596912008765161
27260950652010596912008765161
27260950865024186411021485766
27260976058011329420010185245
27260976554021889830019336026
27260976589015653859013498774
27260990417011836237010659729
27260991391013859016012553174
27260992126015654982013499897
27260993009012619692010658607
27260993114013076225012553174
27260993653026484114023636629
27260993963027382805024058001
27260994129011835560010659052
27261089500017903451016338942
27261090282014642470012552052
27261137084010378775009711884
27261255540028395318025005846
27261255648011102606009238522
27261377913013076225012553174
27261419268009706168008665782
27261551514018688028016338942
27261557075013859016012553174
27261557806013353321012079813
27261558144011608302009711884
27261558616011836237010659729
27261559167014643482012553064
27261589759010823725009711884
27261591087010823725009711884
27261612262012847625011606451
27261617051010318031009238523
27261714820021889830019336026
27261715290024951938022202346
27261715371017677761015393342
27261767347011835115010658607
27261767525027383929024059123
27261768564015653859013498774
27261895132013857894012552052
27261895264010596912008765161
27261895949011608302009711884
27261896139015653859013498774
27261896171013165420011834033
27261896244028168504024059123
27261896724011329440010185265
27261896813014642470012552052
27261897003025360326022164855
27261920242012619711010658626
27262140305011835115010658607
27262206373013859016012553174
27262206497012846503011605329
27262207191010823725009711884
27262207329010920132009612504
27262207396022870994020988868
27262316365011329420010185245
27262316462011836237010659729
27262317515011835115010658607
27262526122011329420010185245
27262527056013125386011131968
27262527498022553793020272233
27262527633024576572022165678
27262622741012847625011606451
27262622970010596912008765161
27262648414015881461014446286
27262765143024016491022061123
27262917563024121844020271130
27263044415011836237010659729
27263046175011835134010658626
27263046752011329420010185245
27263089354008295251007345077
27263290092017677761015393342
27263290106013857894012552052
27263306525017676659015392240
27263363855012846503011605329
27263423394016159555013972136
27263469122014869282013498774
27263517593030418097026899292
27263518018013857913012552071
27263518069013857894012552052
27263518158015653859013498774
27263545678027715788025104104
27263545759024951938022202346
27263579335011329420010185245
27263579696009812335008765161
27263579793010823725009711884
27263681571011329420010185245
27263681806010318031009238523
27263683116037813026033086987
27263684333012847625011606451
27263684414012846503011605329
27263685895012846503011605329
27263686859011836237010659729
27263687898009306641008291800
27263689149011835134010658626
27263689505010823725009711884
27263698466010823725009711884
27263708658022553793020272233
27263754714014643592012553174
27263754935014364710013026535
27263785210011608302009711884
27263820571015753149014445521
27263840394013857894012552052
27263857424012620814010659729
27263893358028394196025004724
27263948365028168506024059124
27263948683015653859013498774
27263950246012619692010658607
27263967033023337248020271110
27263967041012847625011606451
27263967394010823725009711884
27263967424011835115010658607
27263967718010823725009711884
27263967971012619692010658607
27263968129010823725009711884
27263968293010823725009711884
27263968625013631080011605329
27263968943010823725009711884
27263998672016665249014445497
27264109227012619716010658631
27264109553029406708025952569
27264110349014869282013498774
27264141465015881118014445943
27264142348024576572022165678
27264142879012601741012078690
27264239422012340809011131968
27264283855012619692010658607
27264386441011329420010185245
27264388711009306641008291800
27264388746011329420010185245
27264390457011608302009711884
27264391895012340809011131968
27264392700010823725009711884
27264392727014363588013025413
27264431161022552671020271111
27264487183012113996010185245
27264487477013353321012079813
27264489151012113996010185245
27264590200012340809011131968
27264590294011835115010658607
27264590847010318031009238523
27264591592010318031009238523
27264591622010823725009711884
27264592858010717556009612504
27264593145013857894012552052
27264594370016892062015392220
27264594737024016491022061123
27264595857016159555013972136
27264595903012113996010185245
27264597221013859016012553174
27265178125011836237010659729
27265299348024854332021691194
27265300265011835115010658607
27265300354011835115010658607
27265357127011835115010658607
27265357429024953061022203469
27265357631011019512009711884
27265373734011835115010658607
27265462621022553793020272233
27265517949012847625011606451
27265528339028014045025068667
27265589710013554431013048815
27265700743021022347019353156
27265702851011754503010513329
27265705214010823725009711884
27265705753009812335008765161
27265858258015148165013025413
27265858878019941103018377666
27265859114009306641008291800
27265860953013353321012079813
27265864053012113996010185245
27265864592025246444022792676
27265865106036277087033537857
27265865505011835115010658607
27265963426011329420010185245
27265963647011608302009711884
27265980126014126436013603385
27266294080016665249014445497
27266294137013859016012553174
27266294374015653859013498774
27266294617014643592012553174
27266294684012619692010658607
27266294854011608302009711884
27266294986014137898012079813
27266353834025587962023112401
27266355896012113996010185245
27266361098012847434011606260
27266361659016159555013972136
27266399036012340809011131968
27266407047010823725009711884
27266407314009306641008291800
27266407500010717556009612504
27266408175011835115010658607
27266467996020772569018290219
27266472213011102607009238523
27266472221012619692010658607
27266570061011329420010185245
27266570207010318031009238523
27266951081011181658010658607
27266951324014136775012078690
27266952606011836237010659729
27267070879020358801017902890
27267074246011329420010185245
27267124936011835115010658607
27267183681016665249014445497
27267204522011329420010185245
27267293282013859680012552052
27267293487024576572022165678
27267296850026598229024058001
27267296966015880672014445497
27267412079010823725009711884
27267430778016666372014446620
27267437195010823725009711884
27267594738014642470012552052
27267630769010318031009238523
27267635701016665249014445497
27267678095014642470012552052
27267678176012620814010659729
27267678613010934281010659729
27267678672010596912008765161
27267744322012846503011605329
27267745280009812335008765161
27267748662027248518024352087
27267810260025361149022165678
27267814177022655357020052606
27267898311025253860022065177
27267898419012847625011606451
27267898974024121825020271111
27267899083011102606009238522
27267976304014642470012552052
27267991885024951938022202346
27268071895012620814010659729
27268072115025586839023111278
27268084652012340809011131968
27268132703013477924012196377
27268274591011181677010658626
27268349419010823725009711884
27268373905015374978013972136
27268402921014642470012552052
27268458676012340809011131968
27268522501027229468025068667
27268522609025759880023693042
27268559057009812335008765161
27268559103012113996010185245
27268559960008814851008291800
27268597617014895801014895801
27268680360011836237010659729
27268707706023564062021217834
27268762219012847625011606451
27268762766011835139010658631
27268769221025133215021217834
27268831822016159555013972136
27268832012014642470012552052
27268903920013125386011131968
27268905001011835115010658607
27268905788011835115010658607
27269090745024348638021217834
27269104568009812335008765161
27269104967016160677013973258
27269315569012847625011606451
27269391486041873725037620719
27269449514012619711010658626
27269549527010318031009238523
27269551181014642470012552052
27269553702012619720010658635
27269554296010708296010185245
27269554695011608302009711884
27269555934011329420010185245
27269557341015653859013498774
27269571786012340809011131968
27269756018026372539023112401
27269756891019291690016484220
27269806856012847625011606451
27269810918014807525013499897
27269931022023420884020769186
27270015196016666372014446620
27270051125024186411021485766
27270070928015148165013025413
27270102706013857894012552052
27270103613011836237010659729
27270103834013631080011605329
27270213990010596912008765161
27270223880011608302009711884
27270302837011329420010185245
27270303701012846541011605367
27270304309012846503011605329
27270305097012620814010659729
27270306034011728947010559227
27270306182009272521008765161
27270306247013353321012079813
27270306972014495187013972136
27270309009010823725009711884
27270309971025245984022792217
27270376032015654791013499706
27270376156010823725009711884
27270376806010823725009711884
27270377101011835115010658607
27270379562024348637021217833
27270405644011835134010658626
27270475383011608302009711884
27270479826010823725009711884
27270479982021889830019336026
27270573814016665249014445497
27270604698013859016012553174
27270640988029633520026899291
27270821001013125386011131968
27271100316014869282013498774
27271189856009306641008291800
27271228029013859016012553174
27271228312014870249013499741
27271228703018182958015866206
27271229386013631100011605349
27271229726024801068022061123
27271411206009706168008665782
27271691268022683791020271111
27271691519026482992023635507
27271769453029406707025952569
27271907120012846523011605349
27271907201012113996010185245
27271907864013858825012552983
27271909883009306641008291800
27271949834013631080011605329
27271984192010823725009711884
27271984834010823725009711884
27272216563014870405013499897
27272216571013632202011606451
27272217063012078690012078690
27272228154011329420010185245
27272228782010318031009238523
27272229991010318031009238523
27272252721028014045025068667
27272254279016665249014445497
27272289579021124304018619446
27272319281012912957011605329
27272420489011329420010185245
27272566564011835115010658607
27272672232016666372014446620
27272672569011329420010185245
27272713664020431818020052606
27272839900011608302009711884
27272931548012619692010658607
27272932048014869727013499219
27272932366024951938022202346
27272932374016665249014445497
27272932668012914079011606451
27273239346010823725009711884
27273358523015148165013025413
27273358973022345235019762313
27273358981018182333015865581
27273359139012619692010658607
27273482127011835134010658626
27273540844010318031009238523
27273694914013859016012553174
27273790026017676639015392220
27273901138022553793020272233
27273901286025361148022165678
27273901294011329420010185245
27273901707011181677010658626
27273903181010823725009711884
27273904455011835115010658607
27273906067009306641008291800
27273907209009812335008765161
27273907950011329420010185245
27273910501019518504017430943
27273911656009306641008291800
27273914914011329420010185245
27273915163012846503011605329
27273915805010823725009711884
27273920035013125386011131968
27273920183012847625011606451
27273921813024576572022165678
27273922534009164152008158422
27273924391012113996010185245
27273924693012847625011606451
27273927072011102606009238522
27273927471026482992023635507
27273928524010236057009713006
27273929717025247108022793340
27273929792011329420010185245
27273933196010823725009711884
27273933471010823725009711884
27273967570026484114023636629
27273967902021889830019336026
27274150241016665249014445497
27274152538022553793020272233
27274152880029667640026899292
27274228682012620814010659729
27274229042011019512009711884
27274286577011605349011605349
27274287123010823725009711884
27274287654014136775012078690
27274288324011835115010658607
27274333974015653859013498774
27274480519011835115010658607
27274483836028014045025068667
27274484859010823725009711884
27274552102014137898012079813
27274573118011329420010185245
27274756131011329420010185245
27274759939022552671020271111
27274855512018182333015865581
27274855652011835115010658607
27274855741012340809011131968
27274856721021541282019324388
27274858007014764237013400517
27274906354024576572022165678
27274909809012847625011606451
27274909949011102607009238523
27274909965023068853020439664
27274956742014030608011979311
27275027028013859016012553174
27275027249022463872022202346
27275071477015653859013498774
27275229445012619692010658607
27275229682022099066018377685
27275320361021889830019336026
27275419279017495724015537497
27275419384012846503011605329
27275474083010211862009139143
27275575521013631080011605329
27275575564014642470012552052
27275575599013125386011131968
27275597304024348638021217833
27275597649009288212008765161
27275620470012846503011605329
27275625847015880672014445497
27275665644010234935009711884
27275703651013125386011131968
27275704054028014045025068667
27275796021010708296010185245
27275816898012128380011605329
27275817800011836237010659729
27275828829014869282013498774
27275852398013859016012553174
27275984650016665249014445497
27276067465020358777017902866
27276067619011102607009238523
27276080232022218345020378020
27276085129025653712023593662
27276085137012113996010185245
27276085358013857894012552052
27276085927011329420010185245
27276087385013075103012552052
27276087466011329420010185245
27276088705027248518024352087
27276099499016666372014446620
27276101639010318031009238523
27276102775010234935009711884
27276114781022655357020052606
27276141355011835115010658607
27276146543024951938022202346
27276158010011329420010185245
27276192847010823725009711884
27276457956022099047018377666
27276737681011608302009711884
27276769451012847625011606451
27276791031014445497014445497
27276837406026482992023635507
27276864551012846523011605349
27276864977012552052012552052
27277211241009188833008665782
27277229043011836237010659729
27277415637027382805024058001
27277456163014869282013498774
27277491597010318031009238523
27277491724016665249014445497
27277627960012340809011131968
27277667903011608302009711884
27277715487010823725009711884
27277725539026598487024058258
27277725881021889830019336026
27277726519014642470012552052
27277726756009599428008291800
27278404256009985049008192420
27278404817010823725009711884
27278404957012113996010185245
27278525258010596912008765161
27278528222020529893018377666
27278529547016159555013972136
27278658711015653859013498774
27278659408012340809011131968
27278683147028622130025952569
27278683457010823725009711884
27278683635009332675007581758
27278683899014869282013498774
27278692375010318031009238523
27278736372017676639015392220
27278899263011835115010658607
27279039357013859016012553174
27279057290014642470012552052
27279057339012619692010658607
27279057665013857894012552052
27279057673012847625011606451
27279057924023420884020769186
27279061468011102607009238523
27279064394016665249014445497
27279066028010823725009711884
27279066222011608302009711884
27279067156027610398025005503
27279067512010318031009238523
27279068225026483437023635952
27279068470013125386011131968
27279069582023420884020769186
27279069655015653859013498774
27279069663010823725009711884
27279069671012340809011131968
27279075272026598228024058001
27279076473013857894012552052
27279076783011835115010658607
27279078255010596912008765161
27279079022016665249014445497
27279086053012619692010658607
27279087556022553793020272233
27279090433024168141022203126
27279135100017676639015392220
27279175757011223251010085865
27279176419013631080011605329
27279180017013631080011605329
27279180262015653859013498774
27279258784011608302009711884
27279259551012113996010185245
27279364630010318031009238523
27279368253010235507009712456
27279372056011835115010658607
27279447439010318030009238522
27279627941015148165013025413
27279702501012113996010185245
27279746347014363588013025413
27280154127014136775012078690
27280180489015547692013399395
27280485921012846503011605329
27280487088015148165013025413
27280487177011181677010658626
27280487401011835115010658607
27280488688011836237010659729
27280489382011835115010658607
27280489889010237420009093245
27280490518011102607009238523
27280491999011835115010658607
27280683618014642470012552052
27280861710011329420010185245
27281076219008295251007345077
27281251398013860802012553174
27281252114011072470010185245
27281252270011836237010659729
27281252408022325859019324388
27281252513015653859013498774
27281253188010211862009139143
27281254311010823725009711884
27281254664011835134010658626
27281390770013858852012553010
27281397201011836237010659729
27281397996022552671020271111
27281437823008901294008765161
27281944105010708296010185245
27282117032028014490025069112
27282118489027229468025068667
27282118586030190162025951446
27282126244024575470022164576
27282206442011608302009711884
27282455701011329420010185245
27282456406011102607009238523
27282456422012113996010185245
27282456627011608302009711884
27282457550012619692010658607
27282458352022655357020052606
27282459782016159555013972136
27282459863013125386011131968
27282461507024576572022165678
27282462937014642470012552052
27282463011009812335008765161
27282463550011360153010214013
27282475540010072789008765161
27282476512010072789008765161
27282478760011329420010185245
27282666710011835115010658607
27282666982022655357020052606
27282913807012846503011605329
27282922741013631100011605349
27283235500011329420010185245
27283400978015148165013025413
27283427701013631080011605329
27283501219011329420010185245
27283738936023468368020271111
27283788526014136775012078690
27283788690013631080011605329
27284290262010823725009711884
27284330876010823725009711884
27284421510014643592012553174
27284447404011329420010185245
27284583065011835115010658607
27284583561009812335008765161
27284583960011835134010658626
27284584010010318031009238523
27284585874011836237010659729
27284758035021776191019324388
27284758272011102606009238522
27284758450010823725009711884
27284758752012846503011605329
27284758809013125386011131968
27284764450013631080011605329
27284864595010823725009711884
27284969060024348638021217833
27284972355010596912008765161
27284972754024186411021485766
27284973505024951938022202346
27285030736010823725009711884
27285248642010823725009711884
27285306294016159555013972136
27285307541014869282013498774
27285311743016665269014445517
27285464825015148165013025413
27285610880009272521008765161
27285698745010596912008765161
27285941194012113996010185245
27285941607011329420010185245
27285941755012113996010185245
27285943081013352198012078690
27285943626010823725009711884
27285943952012619692010658607
27285945203015653859013498774
27285947435010596912008765161
27285949969015148165013025413
27286073757012340828011131987
27286378582009812335008765161
27286378736021124304018619446
27286772655011329420010185245
27286774909010318031009238523
27286777878009983870009238522
27286802791024951963022202371
27286966735020529893018377666
27287082628010823725009711884
27287242226012619692010658607
27287247090026372539023112401
27287247597015881795014446620
27287332233014136775012078690
27287335003011329420010185245
27287384667010823725009711884
27287440354011329420010185245
27287441202010318031009238523
27287442756011608302009711884
27287444384021899214020271111
27287444538012340809011131968
27287476642012847625011606451
27287541118014869282013498774
27287542157011495489010658607
27287546969013125386011131968
27287547191010823725009711884
27287547612009812335008765161
27287618153015279764013972136
27287792269024801363022061418
27287792595012619692010658607
27287845311010823725009711884
27287992586010091218008291800
27288126513021889830019336026
27288126726014643592012553174
27288127501021087656017430943
27288298462012113996010185245
27288399439010823725009711884
27288705416023565181021218955
27288705777015148165013025413
27288706374009812335008765161
27288708458022099047018377666
27288754719022553793020272233
27288854314011608302009711884
27288854411012847625011606451
27288985435009812335008765161
27288988450010318031009238523
27288989783011836237010659729
27288992369012619692010658607
27289000130011835115010658607
27289000653009812335008765161
27289001021011836237010659729
27289002249015654982013499897
27289003180009812335008765161
27289024234011329420010185245
27289024684012324574011606451
27289024900024186411021485766
27289176654022553793020272233
27289179688014642470012552052
27289189446011608302009711884
27289189470024951938022202346
27289189683014136775012078690
27289189802011608302009711884
27289210313017903451016338942
27289211719028621007025951446
27289441560012846503011605329
27289586712011608302009711884
27289693810012620814010659729
27289798442012439596011131968
27290061895011329420010185245
27290218743009706168008665782
27290245899014363588013025413
27290323547020926947019324388
27290375741011835115010658607
27290378120011181658010658607
27290379720020370490019324388
27290685481025963509022729452
27290685813021541283019324389
27290688502011836237010659729
27290854240011835115010658607
27290963511012846503011605329
27291034034013631080011605329
27291034972011329420010185245
27291035030015573249013353497
27291036002012113996010185245
27291235455012847176011606002
27291238721011102607009238523
27291425432010318031009238523
27291425815011836237010659729
27291427273010318031009238523
27291448467027383928024059123
27291794128015653859013498774
27291794918011835115010658607
27292140180012847625011606451
27292312925011329420010185245
27292348644010823725009711884
27292365441010708296010185245
27292366995009794979009238523
27292374254024773129022034970
27292374793028015167025069789
27292389995014869282013498774
27292422992010823725009711884
27292763781015148165013025413
27292763854019593249017186285
27293263553011836237010659729
27293263766013632202011606451
27293401808011640272010659729
27293659473016159555013972136
27293764811009812335008765161
27293765990026439224023594598
27293767063010823725009711884
27293768469009812335008765161
27293770234009812335008765161
27293770447010823725009711884
27293843096011329420010185245
27293846745010717556009612504
27293846850013857894012552052
27293846931010318031009238523
27293927494011329420010185245
27294051924015148165013025413
27294290058014870257013499749
27294290236026438313023593687
27294444942010823725009711884
27294516048011608302009711884
27294516293010596912008765161
27294517117021541282019324388
27294517451014642470012552052
27294517583012620814010659729
27294517907010318031009238523
27294529484012439596011131968
27294532353009706168008665782
27294532876011835115010658607
27294534739014643592012553174
27294535972021314470018377666
27294584558011835115010658607
27294584736009479355007719059
27294633257010091218008291800
27294865255010318031009238523
27294869285011835115010658607
27294869374011835115010658607
27295070493013125386011131968
27295073824011655019011131968
27295074294014126435013603384
27295091261009812335008765161
27295140610010234935009711884
27295341802026371415023111278
27295466168011835115010658607
27295488250012619692010658607
27295740464009761574009238523
27295740499022655357020052606
27295767907010823725009711884
27295768210010319153009239645
27295786855015653859013498774
27295787703013378233011368648
27295810918013125386011131968
27295827756010318030009238522
27295890768013378233011368648
27296045069011329420010185245
27296047231010708296010185245
27296047770021560658019762313
27296049773009812335008765161
27296131836015653859013498774
27296131879010490745008665782
27296132506011608302009711884
27296251386012619692010658607
27296251408011102606009238522
27296787502008814851008291800
27297165122011608302009711884
27297166323011835115010658607
27297167346010823725009711884
27297279780014870257013499749
27297790868010546151009238523
27297833354010708296010185245
27297835381011056330010658607
27297855102012846503011605329
27297856435010318031009238523
27297888078026599353024059124
27298109056021541282019324388
27298109358015653859013498774
27298109668013631080011605329
27298109781015653859013498774
27298115366016665249014445497
27298116540014643592012553174
27298140530016665249014445497
27298140778011329420010185245
27298142118012619692010658607
27298142576016159555013972136
27298146482013125386011131968
27298148655012340809011131968
27298152059011608302009711884
27298152261011102607009238523
27298152997012765894011460052
27298240144010091218008291800
27298317910015148165013025413
27298318933011329420010185245
27298370943011835134010658626
27298371435023337249020271111
27298447571013632202011606451
27298456473010596912008765161
27298607331013125386011131968
27298749934026478705023211780
27298801529011102607009238523
27298810900013125386011131968
27298821597010823725009711884
27298870091009812335008765161
27298871950009812335008765161
27298941207011836237010659729
27298979166011836237010659729
27299134127010823725009711884
27299139404011329420010185245
27299140038024951938022202346
27299291303027383927024059123
27299308540024951963022202371
27299308753013125386011131968
27299375396024186411021485766
27299767375022325858019324388
27299767553023565181021218955
27299768614009306641008291800
27299769009018507113016484220
27300050927012619692010658607
27300065851014642470012552052
27300255553010318031009238523
27300310287013125386011131968
27300587343010823725009711884
27300593610014136775012078690
27300593734009812335008765161
27300767406023564061021217833
27300883678024186411021485766
27301079244010996439009139143
27301079627010318031009238523
27301106985011835115010658607
27301181421008189653007246267
27301181545010318031009238523
27301184730011329420010185245
27301185796013352198012078690
27301329100012113996010185245
27301750019014642470012552052
27301750469012601741012078690
27301750515024121825020271111
27301750663016159555013972136
27301770311014642470012552052
27301771059009306641008291800
27301771180008295251007345077
27302009029012113996010185245
27302009134021314470018377666
27302080874010318031009238523
27302081315009812335008765161
27302082656024575450022164556
27302084268013125386011131968
27302412893010823725009711884
27302414241016665249014445497
27302414810010823725009711884
27302522060012620814010659729
27302522176013959424013025413
27302522575015374978013972136
27302522710012113996010185245
27302668405012113996010185245
27302716523011329420010185245
27302799445015148165013025413
27303002966011329420010185245
27303161142010823725009711884
27303163390010318031009238523
27303164036010823725009711884
27303168848014030608011979311
27303180015010823725009711884
27303180031011966235010658607
27303180902010318031009238523
27303182476011102607009238523
27303182700011102607009238523
27303198372011102607009238523
27303423287011835115010658607
27303423589011329420010185245
27303423872012439596011131968
27303536294009306641008291800
27303537339011102607009238523
27303538025014136775012078690
27303538823014642470012552052
27303550718010318031009238523
27303554179010234935009711884
27303554411015374978013972136
27303556503011329420010185245
27303729424010091218008291800
27303730074010823725009711884
27303731852022553793020272233
27303884055020602655017430943
27304339085011835115010658607
27304348165015654535013499450
27304354866024186411021485766
27304415628010318031009238523
27304415687009812335008765161
27304430147010823725009711884
27304430155010823725009711884
27304430597012740336011505949
27305067402013125386011131968
27305070705011835115010658607
27305070772010708296010185245
27305071485014136775012078690
27305071639008187404007719059
27305080298011329420010185245
27305223781011608302009711884
27305386524023420884020769186
27305507046010823725009711884
27305687737011835115010658607
27305777523012846503011605329
27305777590014642470012552052
27305778465021889830019336026
27305778511014136775012078690
27305778651030190162025951447
27305778953012113996010185245
27305839219014136775012078690
27305839359012846503011605329
27305839987023420884020769186
27305890028013125386011131968
27305906099014869732013499224
27306167087012619692010658607
27306167133011835115010658607
27306221375010318031009238523
27306222126011835115010658607
27306270155012114025010185274
27306272530013125386011131968
27306274460011608302009711884
27306274746011102607009238523
27306328773020529893018377666
27306410070009306641008291800
27306410100010823725009711884
27306457425011835115010658607
27306531838011835115010658607
27306556075011835115010658607
27306706107014869282013498774
27306811687024951958022202366
27306811806013631080011605329
27306841594010318031009238523
27306843244015653859013498774
27306843341012619692010658607
27306848238007030013006506962
27306848246010708296010185245
27306849153009306641008291800
27306850089010300674009711884
27306850151013125386011131968
27306901783012846503011605329
27306901961014642470012552052
27307073175021593351017904304
27307073426009985049008192420
27307073612015653859013498774
27307121102010318031009238523
27307123709009812335008765161
27307728228009306641008291800
27307729011013631080011605329
27307729895010490745008665782
27307983848010823725009711884
27307984437006671998005825613
27307988483009812335008765161
27307988998009306641008291800
27308072334011608302009711884
27308173912014136775012078690
27308217960015653884013498799
27308279869021124304018619446
27308725885011181658010658607
27308726997014136775012078690
27308727764012619692010658607
27308734191014807525013499897
27309176842010823725009711884
27309178527010823725009711884
27309534196022325858019324388
27309719846010823725009711884
27309737070016159555013972136
27309737895025360027022164556
27309939951014136775012078690
27309955256012113996010185245
27310448635010318031009238523
27310815158009332675007581758
27310815220009812335008765161
27310815255012113996010185245
27310815948011019512009711884
27310815956011608302009711884
27310816162010596912008765161
27310816855012619692010658607
27310817061011329420010185245
27310839790013075103012552052
27311202184010318031009238523
27311202702010823725009711884
27311209669023564060021217833
27311318778007382077006074449
27311411654020529893018377666
27311621039010823725009711884
27311621152010596912008765161
27311699607013857894012552052
27311787611013125386011131968
27311805075010596912008765161
27311806470010708296010185245
27311807221009812335008765161
27311892164015653859013498774
27311892326025133215021217834
27311892741015148165013025413
27312332227013631080011605329
27312486127010072789008765161
27312486178024186411021485766
27312500316012113996010185245
27312675582023156154020836007
27312683321011835134010658626
27312734988028607039025938370
27312963146011329420010185245
27313050632010318031009238523
27313052279009707618008765161
27313054859008814851008291800
27313115874011835115010658607
27313116889010318031009238523
27313358696009812335008765161
27313359021015653859013498774
27313370017015653859013498774
27313456612009812335008765161
27313740116014136775012078690
27313919736010823725009711884
27313919779011102607009238523
27313919841010318031009238523
27314145351011019512009711884
27314145742022049622019324388
27314145939013125386011131968
27314175269015148165013025413
27314177210011329420010185245
27314177598014333041013025413
27314618616011102607009238523
27314664197010823725009711884
27314664553009812335008765161
27314666823015653859013498774
27314746673010823725009711884
27314751642012113996010185245
27314815195014642470012552052
27314907758011329420010185245
27315067125011102606009238522
27315067915015148165013025413
27315068571020529893018377666
27315068628012078690012078690
27315097113011102607009238523
27315100017012619692010658607
27315100114014869282013498774
27315202510010318031009238523
27315798243009706168008665782
27315798375013631080011605329
27315798537015653859013498774
27315854038011102607009238523
27315960555016512092015036545
27315962825011102606009238522
27316134217012619692010658607
27316210207011329420010185245
27316210304015653859013498774
27316211785010823725009711884
27316211947013524913011505949
27316212781011329420010185245
27316564319012619692010658607
27316985667009812335008765161
27317133699012340809011131968
27317165280011102607009238523
27317294641010823725009711884
27317328740013125386011131968
27317374076011608302009711884
27317391671011835115010658607
27317394840010823725009711884
27317411753010318031009238523
27317413713009306641008291800
27317536319015148165013025413
27317545601011608302009711884
27317545806010596912008765161
27318197321010318031009238523
27318197917014642470012552052
27318245016011608302009711884
27318251814010823725009711884
27318252691009812335008765161
27318334817014136775012078690
27318377311009812335008765161
27318378067009812335008765161
27318378644010091218008291800
27318409078018062196015753125
27318409124023420884020769186
27318410793012619692010658607
27318593081009706168008665782
27318593731015653859013498774
27318593863015653859013498774
27318641310012113996010185245
27318641744013125386011131968
27318641809011329420010185245
27318886518019574200017902866
27318937139012340809011131968
27319065062012846503011605329
27319065348011102606009238522
27319066727013386318012078690
27319118298012128380011605329
27319118441014136775012078690
27319246938009306641008291800
27319625327012846503011605329
27319768322013125386011131968
27319768365022099047018377666
27319768578025619679022827393
27319769051010823725009711884
27319769728012113996010185245
27319769981011608302009711884
27319889871014869282013498774
27319909759010823725009711884
27319911052023110435019324388
27319911834008694778007719059
27319912040010596912008765161
27320535714007177694006298975
27320539442010237897008429101
27320540777022553793020272233
27320544012009812335008765161
27320544233011223251010085865
27320544462024186411021485766
27320544632021889830019336026
27320550586015279764013972136
27320553992010823725009711884
27320556568010823725009711884
27320561057012846503011605329
27320561391010091218008291800
27320607618018507113016484220
27320608118013125386011131968
27320608312010318031009238523
27320611879010072789008765161
27320774050010318031009238523
27320774301012619692010658607
27320774395009306641008291800
27320774840012113996010185245
27320824503011608302009711884
27320824554023598180021217833
27320824937013631080011605329
27321088398026371417023111279
27321154463015148165013025413
27321321602009761574009238523
27321322692010318031009238523
27321347555012619692010658607
27321383977011608302009711884
27321384582009812335008765161
27321397358011608302009711884
27321546310010823725009711884
27321548046010823725009711884
27321633191010318031009238523
27321679396010318030009238522
27322054500014642470012552052
27322070107010596912008765161
27322070255010823725009711884
27322070328011608302009711884
27322072363010596912008765161
27322072568021314470018377666
27322210561010596912008765161
27322210723015653859013498774
27322301214013125386011131968
27322497003011608302009711884
27322770761022099047018377666
27322771350012113996010185245
27322771687010823725009711884
27322772349010091218008291800
27322772535011329420010185245
27322772926015148165013025413
27322835138011835115010658607
27323019547020529893018377666
27323096711011608302009711884
27323146662009306641008291800
27323147014009288212008765161
27323331354011329420010185245
27323518586012113996010185245
27323555503016159555013972136
27323647386010708296010185245
27323649672018507113016484220
27323704266010823725009711884
27323825306009812335008765161
27324013321012113996010185245
27324140501014642470012552052
27324144043015148165013025413
27324144477015148165013025413
27324160146021889830019336026
27324160758013631080011605329
27324160839010823725009711884
27324160960011102607009238523
27324161177011102606009238522
27324161916010242595009167911
27324162777012113996010185245
27324386896011019512009711884
27324423368010318031009238523
27324593379010823725009711884
27324760569009812335008765161
27324760682011329420010185245
27324763290011329420010185245
27325061257014869282013498774
27325061818018827723016469705
27325062881015653859013498774
27325065813011102607009238523
27325066879010596912008765161
27325216331010091218008291800
27325240453021314470018377666
27325241727014136775012078690
27325241948010318031009238523
27325241999010823725009711884
27325299644014869282013498774
27325299660010072789008765161
27325388507011329420010185245
27325399142023420884020769186
27325399940010318031009238523
27325420591011019512009711884
27325422942010823725009711884
27325433316015148165013025413
27325477496012846503011605329
27325504612011608302009711884
27325506968013631080011605329
27325695809025360027022164556
27325706894012619692010658607
27325917526010234935009711884
27325917542005343890004820839
27325992978012619692010658607
27326120044012113996010185245
27326620918010318031009238523
27326624611010823725009711884
27326639228011329420010185245
27326639325016665269014445517
27326639597016665269014445517
27326639643015374978013972136
27326639961013859016012553174
27326640005014642470012552052
27326846444017982990016484220
27326851022015653859013498774
27326854749010823725009711884
27326856539011102607009238523
27326858183009288212008765161
27326858973012846503011605329
27326859090011329420010185245
27326885636010823725009711884
27327057648013125386011131968
27327131481023420884020769186
27327195595010318030009238522
27327196982011608302009711884
27327413940014363588013025413
27327495246011102607009238523
27327495386011257500010185245
27327495866013125386011131968
27327496250010823725009711884
27327496412010091218008291800
27327496498011608302009711884
27327739021010318031009238523
27327740852024951938022202346
27327742243015653859013498774
27327742472009812335008765161
27327745587009306641008291800
27327761345010823725009711884
27327761582010318031009238523
27327885605010318030009238522
27327997071010596912008765161
27328092870012340809011131968
27328361278012340809011131968
27328423575013352198012078690
27328553770010318031009238523
27328559205012619692010658607
27328559396012113996010185245
27328559639011329420010185245
27328591761015653859013498774
27328592385010318031009238523
27328593349010242595009167911
27328593462019518504017430943
27328597506010823725009711884
27328598332010823725009711884
27328598995010823725009711884
27328599274010823725009711884
27328629742009812335008765161
27328733906020303080017430943
27328885196010823725009711884
27328885684010823725009711884
27328885986011966235010658607
27328931848010318030009238522
27328961976010318030009238522
27328980148011608302009711884
27329001720013125386011131968
27329281480009306641008291800
27329283181009306641008291800
27329287144010823725009711884
27329288167011835115010658607
27329379995008973659007245697
27329380225010091218008291800
27329663332010091218008291800
27329804076009812335008765161
27329804696009812335008765161
27329804858009306641008291800
27330175708011329420010185245
27330546250006671998005825613
27330548172014136775012078690
27330548490010318031009238523
27330620213012619692010658607
27330620515011835115010658607
27330620655011835115010658607
27330620930026371435023111298
27330621805013857913012552071
27330622976014869282013498774
27330626742011608302009711884
27330627390018426504016338943
27330629164011608302009711884
27330631630010823725009711884
27330635083015653859013498774
27330650058009812335008765161
27330652395010318031009238523
27331309554010596912008765161
27331366620023420884020769186
27331366949015148165013025413
27331369190009200473008192420
27331369328011655019011131968
27331372108013857932012552090
27331373503015148165013025413
27331374097011329420010185245
27331408625009812335008765161
27331409796009306641008291800
27331410700015653859013498774
27331410727021541282019324388
27331420471015148165013025413
27331420544011608302009711884
27331420595013025413013025413
27331421818010823725009711884
27331423160013125386011131968
27331534744015148165013025413
27331649657014642470012552052
27331804830012619692010658607
27331878346010596912008765161
27331981120010823725009711884
27332064520013125386011131968
27332077096008574133006871716
27332077312011608302009711884
27332077525015653859013498774
27332077533012619692010658607
27332077746010823725009711884
27332078610010318031009238523
27332080275010596912008765161
27332081581013125386011131968
27332081999010823725009711884
27332102554014642470012552052
27332346097011608302009711884
27332889252009599428008291800
27332895139010823725009711884
27332895449012007828010085865
27332895694015148165013025413
27332934533015653859013498774
27333518185011608302009711884
27333518363013631080011605329
27333518924013857894012552052
27333719342009288212008765161
27333719970010823725009711884
27333720332009306641008291800
27333721134012113996010185245
27333850392014869282013498774
27333851151010823725009711884
27333851283011608302009711884
27334364629010318031009238523
27334464356011492873010185245
27334534117013859680012552052
27334535377007177694006298975
27334535393015148165013025413
27334535571014642470012552052
27334544015014136775012078690
27335201170009812335008765161
27335209376013125386011131968
27335210986009466879008665782
27336171135016665249014445497
27336219162011329420010185245
27336220217012113996010185245
27336220667010823725009711884
27336221582010318031009238523
27336221787010091218008291800
27336271121011608302009711884
27336271717009706168008665782
27336272276009812335008765161
27336290681011102607009238523
27336291564010823725009711884
27336291947010318031009238523
27336307045008973659007245697
27336346636013125386011131968
27336348027009306641008291800
27336348523013857894012552052
27336377809012619692010658607
27336381237010211862009139143
27336381962009479355007719059
27336390686014642470012552052
27336393111011608302009711884
27336477196011102607009238523
27336477242012619692010658607
27336478044012619692010658607
27336478249010596912008765161
27336713108013386318012078690
27336723006010596912008765161
27336931539011608302009711884
27336935429009812335008765161
27337266792010318031009238523
27337489546021526624018996042
27337492075010823725009711884
27337492636024348639021217834
27338197603010091218008291800
27338822532010823725009711884
27338829561010318031009238523
27338872386011312064010658607
27338872637022325860019324389
27338872688016159555013972136
27338873552015653859013498774
27338873587009306641008291800
27338873854013857894012552052
27338874796011835115010658607
27338878694009306641008291800
27338879909010823725009711884
27338885062011608302009711884
27338915212009200473008192420
27338915662012619692010658607
27339259378022101790020271111
27339263553009812335008765161
27339566327016665249014445497
27339584023010546151009238523
27339584066012113996010185245
27339585046010823725009711884
27339586166010721373010185245
27339586212011608302009711884
27340102458011102607009238523
27340607134010823725009711884
27340820865014136775012078690
27340820911009479355007719059
27340821578013397690012133650
27341050664015653859013498774
27341054430011608302009711884
27341054767015148165013025413
27341055216010596912008765161
27341055542011608302009711884
27341055550009812335008765161
27341055852010543381009238522
27341055879014642470012552052
27341069888011835115010658607
27341081349009812335008765161
27341671464009306641008291800
27341672819009306641008291800
27341688618014136775012078690
27341689126011608302009711884
27341689363014136775012078690
27341689827021314470018377666
27341692186010318031009238523
27341694790011608302009711884
27341721127010091218008291800
27341834398009812335008765161
27342241420010596912008765161
27342242257021124304018619446
27342311658009812335008765161
27342312859010596912008765161
27342417014010318031009238523
27342417316022655357020052606
27342417456010091218008291800
27342417804011608302009711884
27342418738010091218008291800
27342436086009812335008765161
27342436396014869282013498774
27342439824009306641008291800
27342636603011102607009238523
27343104176012619692010658607
27343145093009812335008765161
27343299082010318031009238523
27343531171013352198012078690
27343531295015148165013025413
27343531457011102607009238523
27343981770011991619011368648
27344230175024227994020370491
27344428102009306641008291800
27345820243010091218008291800
27346033229014136775012078690
27346371116009812335008765161
27346371426012113996010185245
27346379036015148165013025413
27346380646010823725009711884
27346380751010318030009238522
27346380840010596912008765161
27346383475013386318012078690
27346938841011329420010185245
27346940218011355454009475203
27346940234009306641008291800
27346953085014642470012552052
27346958540021870780020052606
27347842015010596912008765161
27347842058011608302009711884
27347842260012619692010658607
27347842651012619692010658607
27348638365014642470012552052
27348638624015148165013025413
27348638942010596912008765161
27348639027011102607009238523
27348639205013125386011131968
27348639663015148165013025413
27348789045008694778007719059
27348800154011835115010658607
27348801746009306641008291800
27348887136010091218008291800
27349183469010679057009711884
27349184163013386318012078690
27349190422011608302009711884
27349190856013125386011131968
27349192956011102607009238523
27349196765015148165013025413
27349197257015653859013498774
27349255699013378233011368648
27349255710015148165013025413
27349255915014136775012078690
27349258302010823725009711884
27349260471014136775012078690
27349260595015148165013025413
27349260714012113996010185245
27349260919010596912008765161
27349261400011102606009238522
27349261575010596912008765161
27349262172011329420010185245
27349265201010823725009711884
27349265775013271248012552052
27349266860010091218008291800
27349309357009812335008765161
27349810242014642470012552052
27349814264009812335008765161
27349816429009306641008291800
27349818642021889830019336026
27349943226010091218008291800
27349944222009812335008765161
27349945644009761574009238523
27349956190013125386011131968
27350525691015653859013498774
27350871352020358777017902866
27351053750014642470012552052
27351063551009812335008765161
27351064191010318031009238523
27351065260009812335008765161
27351065694013125386011131968
27351066291009812335008765161
27351648363010091218008291800
27351649149011608302009711884
27351649203015653859013498774
27351649327010234935009711884
27351649394014136775012078690
27351649564010318031009238523
27351649815014363588013025413
27351777023011835115010658607
27351777333023420884020769186
27351777988011102607009238523
27351993893009812335008765161
27352128789012619692010658607
27352469977009812335008765161
27352866240010596912008765161
27352866887010546151009238523
27352867980010318031009238523
27352868030010596912008765161
27352869347020303080017430943
27352869711012113996010185245
27352876572010318031009238523
27353437947009812335008765161
27353453780009306641008291800
27353454507011102606009238522
27353454574010823725009711884
27354529462010596912008765161
27354760717010318031009238523
27355042710009306641008291800
27355824476010596912008765161
27356847917012113996010185245
27357377582012113996010185245
27357377728013857894012552052
27357377965010596912008765161
27357382977011102607009238523
27357384112009812335008765161
27357384554010318031009238523
27357392190014642470012552052
27357392360010091218008291800
27357392638010091218008291800
27357395122009479355007719059
27357397540014136775012078690
27357400290013859680012552052
27357400452014363588013025413
27357400509011329420010185245
27357400959011835115010658607
27357401009021105254019336026
27357401963021124304018619446
27357402986011608302009711884
27357407155008189083007245697
27357407244009812335008765161
27357412205011608302009711884
27357422553012113996010185245
27357422588010596912008765161
27357424416010091218008291800
27357427466014136775012078690
27357428721011608302009711884
27357435345009812335008765161
27357435515012619692010658607
27357436554008973659007245697
27357436716012113996010185245
27357438468012113996010185245
27357439480010596912008765161
27357445162014642470012552052
27357445278014642470012552052
27357445529009812335008765161
27357448056013125386011131968
27357452282012619692010658607
27357452401012619692010658607
27357453122009306641008291800
27357454919021124304018619446
27357465295013859680012552052
27357465503012113996010185245
27357468928010596912008765161
27357469673009306641008291800
27358427419012619692010658607
27358429535021105254019336026
27358429829012113996010185245
27358430010010091218008291800
27358437503010596912008765161
27358440644010596912008765161
27358445204025133215021217834
27358446626009812335008765161
27358449080010318031009238523
27358451425013859680012552052
27358454629012113996010185245
27358455544011608302009711884
27358455633010072789008765161
27358458071009812335008765161
27358458179014136775012078690
27358459809011102606009238522
27358470306009623369008291800
27358472651010344064008528480
27358473178015148165013025413
27358997649008189083007245697
27359137600013125386011131968
27359177513009306641008291800
27359414108015148165013025413
27360447222010125251009058070
27361216607018827723016469705
27361220426009812335008765161
27361221791010091218008291800
27361366293016665249014445497
27361366323012846503011605329
27362283413014642470012552052
27362980823009306641008291800
27363922568010318030009238522
27363922762012113996010185245
27365174089015148165013025413
27365176367014642470012552052
27365176693010596912008765161
27365176898012113996010185245
27365180364012113996010185245
27365184440014642470012552052
27365188020012113996010185245
27365191544011329420010185245
27365191862014136775012078690
27365745256011608302009711884
27365906950011102606009238522
27366388171014642470012552052
27366389909015148165013025413
27366390281009306641008291800
27366390303009288212008765161
27366391857009200473008192420
27366398843013386318012078690
27366400112009812335008765161
27366401143014642470012552052
27366404126009599428008291800
27366407613010823725009711884
27366410657015653859013498774
27366417198010211862009139143
27366418127010318031009238523
27366418380009306641008291800
27366425328010596912008765161
27367133894012113996010185245
27367135633010596912008765161
27367137113019518504017430943
27367390943014642470012552052
27368788940009306641008291800
27369286930014136775012078690
27369287112009306641008291800
27369945659018827723016469705
27369947309012113996010185245
27369947880008189083007245697
27371029287010091218008291800
27371032075009306641008291800
27371193249009306641008291800
27371289289011835115010658607
27371291798012619692010658607
27371294622010091218008291800
27371294754009599428008291800
27371295718009079828007345077
27371302862012619692010658607
27371310393012113996010185245
27371316189014642470012552052
27371316227014642470012552052
27371316243012619692010658607
27371316286014642470012552052
27371316944011102606009238522
27373132727010091218008291800
27374104549008973659007245697
27374105189013125386011131968
27374108935010596912008765161
27374119228009306641008291800
27374119295009599428008291800
27374414807014136775012078690
27374419426010708296010185245
27374419493014136775012078690
27374423121013378233011368648
27374443122009058370008765161
27374443904011102606009238522
27375096647009812335008765161
27375099344012619692010658607
27375099654010596912008765161
27375100598009306641008291800
27375294104008973659007245697
27375300961010072789008765161
27375301348007430541006535655
27375329749010091218008291800
27376509481010091218008291800
27376521864011102606009238522
27376526874010344064008528480
27376536195010091218008291800
27377110566009599428008291800
27377343919009306641008291800
27377361976007177694006298975
27377508276012340809011131968
27379543001008189083007245697
27379843129014136775012078690
27380527133021889830019336026
27380985077010596912008765161
27381122757014136775012078690
27381133465010318030009238522
27381134127010318030009238522
27381137282009599428008291800
27381138777011329420010185245
27381141646010091218008291800
27381144106012593656011368648
27381759151009479355007719059
27381859318014642470012552052
27383252453010091218008291800
27383543660012234641011032588
27383674854010091218008291800
27383679244014642470012552052
27383686658010091218008291800
27383706764011102606009238522
27384840200019064877015537497
27384851652012340809011131968
27384852179010091218008291800
27385561607014136775012078690
27385574016010091218008291800
27385592723013352198012078690
27386389840011329420010185245
27386412834010596912008765161
27386413385014136775012078690
27387174511016159555013972136
27387175003024951938022202346
27387185831019423768018377666
27387213282010091218008291800
27387214556012113996010185245
27387804922012113996010185245
27387829186020339727018619446
27388338976011102606009238522
27394493495009985049008192420
27394523866009306641008291800
27395811385014136775012078690
27397938692010091218008291800
27397946903010318030009238522
27397948477009079828007345077
27411246871010091218008291800
27430733376014642470012552052