20142147182016851814015437004
20143149464012985356011227609
20143624375010323985009326613
20148242004008697637007804193
20160062739022511287020144465
20160975793012578994010847229
20161722279015017165013129507
20161912124015017185013129527
20163090660012579538010847773
20163462894007861799007043433
20164674054015017165013129507
20164680496022511287020144465
20164721087014386702013129507
20165248857015017165013129507
20165266219011136168010086831
20166147507020050664017841171
20166157936011135807010086470
20166200157021373577019332322
20166200432018703608016580244
20166202222022511287020144465
20166383022021880823020144465
20166623295022511287020144465
20166625093022511287020144465
20167156720031383676028205045
20167336796014204442012368748
20167537848022511287020144465
20168023171010237770009245852
20168206667020050664017841171
20168429402022511287020144465
20168580984022511287020144465
20168605138013391718011607989
20168848448022511287020144465
20168851678013391718011607989
20169728853022511287020144465
20169996467035999951032433354
20170427859011948530010847229
20170729146022511287020144465
20170805152018122683016289286
20170805977022511287020144465
20171239134022511287020144465
20171243611022511287020144465
20171396086018122683016289286
20171396760031050629027847782
20171398518018820353016689524
20171612714020050664017841171
20171649715013391737011608008
20171705968012658762011607989
20171839646019929430017727688
20171876878029123638026586855
20172153020011136165010086828
20172155082023847212022376130
20172960708012579897010848132
20172965866022511287020144465
20173225319014971239013129507
20173302003014204442012368748
20173453532010547185008945331
20173705221022511287020144465
20173933593022511287020144465
20173965649015017165013129507
20174248045020699904019039052
20174295795019294476017723485
20174563129013391718011607989
20174679631014204442012368748
20174679852014386702013129507
20174682136009734462008184572
20174837296008921738007423813
20174893382022511287020144465
20174982342014386702013129507
20174984086021280975018992818
20175024183028967482025935376
20175118374022511287020144465
20175141511015017165013129507
20175142364025254935022375359
20175242865014386702013129507
20175262114022511287020144465
20175484656022511287020144465
20175538551011766808010087007
20175622242023876303021422204
20175622838022511287020144465
20175638106013391718011607989
20175747517032931316030151076
20175747894021880823020144465
20175841769022511287020144465
20176191865015017165013129507
20176581612013825429012604121
20176707829014386702013129507
20176753529029136293025418396
20176753588015017165013129507
20176754126035999952032433354
20176772728011136709010087372
20176774836013391734011608005
20176784807014180280013129507
20176801469022511287020144465
20177314774022511287020144465
20177355004012761792011608526
20177390381022511287020144465
20177390799014386702013129507
20177442195020144465020144465
20177574156023245839021422204
20177649172013391718011607989
20177649245022511287020144465
20177649261011135831010086494
20177791629009510360008564952
20177791742022511287020144465
20177792501019906998017706692
20177792838020614590018959193
20177792919008515376007043433
20178065085022511287020144465
20178404831009510360008564952
20178405900011766808010087007
20178909380019906978017706672
20179089425015017165013129507
20179089565027089584024682856
20179089697035369487032433354
20179109582027090486024683758
20179118328022511287020144465
20179120411012541622010847229
20179121191021374479019333224
20179234816015017165013129507
20179319587012578994010847229
20179319943022511287020144465
20179611482023876303021422204
20179667879022511287020144465
20179668085015017165013129507
20179668298022511287020144465
20179669790010119902009135521
20179672503015017165013129507
20179914647022511287020144465
20180117165012172633010466850
20180370626022511287020144465
20180374079010258307009208970
20180405012011135807010086470
20180410156018820353016689524
20180410369020050664017841171
20180410539015017165013129507
20180577646023876303021422204
20180907751015018067013130409
20180981137015017165013129507
20181012693022511287020144465
20181013134021245054018959193
20181023059011766287010086486
20181023539012761255011607989
20181024128019420201017841171
20181548682008515376007043433
20181838931022511287020144465
20181845148022511287020144465
20181905639014386702013129507
20181976595014610804012749128
20182119084014386702013129507
20182119858022511287020144465
20182286436014180280013129507
20182540855022511287020144465
20182805212009510360008564952
20183126114019294476017723485
20183721446022511287020144465
20183768086010953547009325711
20183768167021950013019619078
20183768248015017165013129507
20183768310022512188020145366
20183891139022186300020093081
20184060699022511287020144465
20184405424022511287020144465
20184410584010141726008565854
20184715822014386702013129507
20184782368022511287020144465
20184785170015017165013129507
20184795419021880823020144465
20185150144022511287020144465
20185393160009510360008564952
20185426700019213430017706672
20185427146035369487032433354
20185592856022511287020144465
20185893252015017165013129507
20185917895022511287020144465
20185942717012046370011608129
20186038984015017165013129507
20186170661022511287020144465
20186204973021374479019333224
20186464282021245054018959193
20186671040011135988010086651
20186681542023245839021422204
20186921438035999951032433354
20187442096022511287020144465
20187574278023876303021422204
20187774382009103998008184572
20200047800011136578010087241
20200596987011948888010847587
20200606982021880823020144465
20200661495010140824008564952
20200726775022511287020144465
20201280835015017165013129507
20201519277022753757020371432
20201519935015017165013129507
20201523967010140824008564952
20201525323021880823020144465
20201525714015017165013129507
20201534497022511287020144465
20201534594022511287020144465
20201536228021880823020144465
20201536724027875366025418396
20201542392010507550010087241
20201543763019298966017727688
20201553580023876303021422204
20201557063022511287020144465
20201557209019276515017706672
20201561877022511287020144465
20201566399015017165013129507
20201570019014386702013129507
20201574146021280975018992818
20201588716022511287020144465
20201628130023876303021422204
20201706379019299105017727827
20201707316020050664017841171
20201905916017060200015041913
20202673210007478550006663053
20203071427012578994010847229
20203071753012579897010848132
20203271108021880823020144465
20203271388020651414018993720
20203337222021280975018992818
20203337419022511287020144465
20203349719021896131019568641
20203536411022511287020144465
20203791616010506779010086470
20203972408015017165013129507
20204204048014386702013129507
20204220264022511287020144465
20204792950018123585016290188
20204793671013391718011607989
20204866423020051291017841798
20205060236022511287020144465
20205060783011136709010087372
20205134450022511287020144465
20205380893021880823020144465
20205504045022511287020144465
20205577735022511287020144465
20205640100021245054018959193
20205640631012985594011227847
20205781421022511287020144465
20205782762022511287020144465
20205794426022511287020144465
20205898140023876303021422204
20205911112022511287020144465
20205912771032749057029390317
20205947494021245054018959193
20205947931014204442012368748
20206026759021880823020144465
20206048515018703608016580244
20206054221013391718011607989
20206129221011136709010087372
20206271745022511287020144465
20206349566015017165013129507
20206382482014386702013129507
20206583232021880823020144465
20206603934021967183019888032
20206728672023876303021422204
20206809699022455218021614600
20206809893020982786019303847
20206821354022511287020144465
20207190528019298966017727688
20207289222022511287020144465
20207324664022511287020144465
20207324923010730347009706992
20207326500019276515017706672
20207578224013391718011607989
20207600637021880823020144465
20207602877015017165013129507
20207773264022511287020144465
20207985997015017165013129507
20208577051021245054018959193
20208875591010140824008564952
20208980158015017165013129507
20208981049013391718011607989
20208981588015017165013129507
20209000416012493681010767371
20209166497008697637007804193
20209596459009511262008565854
20209597854020190744018169012
20209599059025254935022375359
20209599830021195238020144465
20209826683013391718011607989
20210182102022511287020144465
20210530275011766271010086470
20210695290021880823020144465
20211005123015017165013129507
20211124513011136709010087372
20211126834008697637007804193
20211394316011136578010087241
20211598019011766271010086470
20211706954022511287020144465
20213308700011766271010086470
20213333047015017165013129507
20213393511021373577019332322
20213397681007884912007043433
20213400046011135807010086470
20213407660017590042015537878
20213415574021281877018993720
20213417712012579842010848077
20213418328013966393013129507
20213422716011135807010086470
20213422961020050664017841171
20213424956011136709010087372
20213426169020050684017841191
20213432991015017165013129507
20213434641023876303021422204
20213435257021245054018959193
20213439236018820353016689524
20213439589010729446009706091
20213442032015017165013129507
20213450884025885398022375359
20213452429020378593017810804
20213454839021880823020144465
20213455959021280975018992818
20213911466015039617013150523
20215393950022511287020144465
20215478786022511287020144465
20215576222011898240010847467
20215628621020050684017841191
20216090862021374479019333224
20216313217033542464030668056
20216317247009510375008564967
20216321546021950013019619078
20216326491019929430017727688
20216328796012578994010847229
20216429436022511287020144465
20216786379014386702013129507
20216788975020050684017841191
20216869436021880823020144465
20216931239022511287020144465
20217011451019420201017841171
20217012083022511287020144465
20217090815022511287020144465
20217258813010953566009325730
20217455368009511262008565854
20217679967022511287020144465
20217836728023245839021422204
20217863555022511287020144465
20217966451012541860010847467
20218220658022511287020144465
20218248862010140824008564952
20218299351012985356011227609
20218305556015017165013129507
20218710523014204462012368768
20218970533022511287020144465
20218972560022511287020144465
20219063157020699904019039052
20219100052022511287020144465
20219100125009536768008485995
20219100966022511287020144465
20219135794020050664017841171
20219274255012355795011228511
20219426489015017165013129507
20219427566013306404011528130
20219481587022511287020144465
20219482001025254935022375359
20219685115010323985009326613
20219685158007799599006963575
20219696834022511287020144465
20219756276021373650019332395
20219872861012761616011608350
20219915730022511287020144465
20220089151015017165013129507
20220259219013391718011607989
20220277993015017165013129507
20220418058021374479019333224
20220493866009734462008184572
20220701310022511287020144465
20221047010022511287020144465
20221185995021880823020144465
20221423799018820353016689524
20221428251020050664017841171
20221691262011135807010086470
20221691319008697637007804193
20221780842021880823020144465
20221953305020050664017841171
20222117683015017165013129507
20222149313011135807010086470
20222185719019906978017706672
20222273138017760387016289305
20222300003011948895010847594
20222399921021245054018959193
20222399956010507681010087372
20222420246014455892012604121
20222420467011949433010848132
20222429774008697637007804193
20222430233009103998008184572
20222435227016851814015437004
20222436118018123585016290188
20222489297021319549019619078
20222489718011767042010087241
20222713987010953547009325711
20222742138014386702013129507
20222742235020650512018992818
20222796432015017165013129507
20223082565009510375008564967
20223473459011136709010087372
20223522085019435509017265348
20223991018011136709010087372
20224055774022511287020144465
20224151013022511287020144465
20224185260012985356011227609
20224221941011766271010086470
20224323868014386702013129507
20224539666015017410013129752
20225283495023876303021422204
20225995320012579532010847767
20225996025011136709010087372
20225996998022999926020854743
20226178709008685752008279453
20226245619015017165013129507
20226245740015017165013129507
20226620134021896131019568641
20226773755022511287020144465
20226773895021281877018993720
20226877623014386702013129507
20227220261022511287020144465
20227633426012355795011228511
20227633434022511287020144465
20227633469020050664017841171
20227633752014204442012368748
20227671026014386702013129507
20227709066022511287020144465
20227709473010140824008564952
20227830159018820353016689524
20227830205011136709010087372
20228064638006731007005995466
20228388700014204442012368748
20228389057009008080007804193
20228445305022511287020144465
20228867676011766271010086470
20228970620012578994010847229
20228970736015017165013129507
20229078551009124919007614003
20229098331020050664017841171
20229099036011135807010086470
20229560132012578994010847229
20229693272013391718011607989
20229951360021896131019568641
20230209600015017165013129507
20230390895014386702013129507
20230401722021880823020144465
20230412740022511389020144567
20230421235011267538010847229
20230428388007884912007043433
20230483303011948805010847504
20230485195012761255011607989
20231352571015017165013129507
20231376098020050664017841171
20231376365022511287020144465
20231393820012985356011227609
20231546775010954449009326613
20231613243021896131019568641
20231614959008697637007804193
20231626248021280975018992818
20231722085020560852018571563
20232127873011948530010847229
20232821729022511287020144465
20232906031012173535010467752
20232946890010323083009325711
20232983354010729446009706091
20232983591009103998008184572
20233207137017590042015537878
20233216225022089355019412182
20233216454019435509017265348
20233351106010953547009325711
20233386775011274596009626232
20234101588010323985009326613
20234102673014456794012605023
20234181220009103998008184572
20234320441022511287020144465
20234961501015017165013129507
20234989767008697637007804193
20235554020021280975018992818
20235556635009103998008184572
20236001394022511287020144465
20236217613014204442012368748
20236217788022511287020144465
20236258573012578994010847229
20236359698014386702013129507
20236546358009734462008184572
20236554415009510375008564967
20236843530022511287020144465
20236876307014180280013129507
20236906796020050664017841171
20237190484012762157011608891
20237191693010140824008564952
20237206267012172633010466850
20237274378022511287020144465
20237400500021880823020144465
20237403569022511287020144465
20237406797010547185008945331
20237407173010323985009326613
20237407874022511287020144465
20237789092007844122007423813
20237856520011766271010086470
20237856709011136709010087372
20238007179011948530010847229
20238007594010323985009326613
20238008809020050664017841171
20238047901001649182001649182
20238093105011359909009706091
20238110204022511287020144465
20238286760022511287020144465
20238899185009511262008565854
20238995664008697637007804193
20239200266012762157011608891
20239211314009831408008865473
20239272984010140824008564952
20239347976010547185008945331
20239353364015017165013129507
20239353518014610804012749128
20239629920011766271010086470
20239732551012578994010847229
20239761535018122698016289301
20239766030020561755018572465
20239945571010953547009325711
20240033713011766271010086470
20240051347009510360008564952
20240055660009510360008564952
20240061466020144465020144465
20240121000009916721008945331
20240139503009510375008564967
20240630061022896551020853860
20240631785011502304010486557
20240682940012761255011607989
20240745020014386702013129507
20241476090022511287020144465
20241682448012761255011607989
20241898645014204442012368748
20242019068010953547009325711
20242019297012172633010466850
20242213840009734462008184572
20242335121008697637007804193
20242404409021324526018696303
20242404875018820353016689524
20242405057010141726008565854
20242607342012985356011227609
20242612931010140824008564952
20242799942013391737011608008
20243116520022511287020144465
20243116970022004040019332322
20243462224009511262008565854
20243691924014204442012368748
20243763186009511262008565854
20243763682017955992015880430
20243796629021373577019332322
20243831254013391718011607989
20244234756014386702013129507
20244293698022511287020144465
20244320970014204800012369106
20244445803013392344011608615
20244512144007681731006853243
20244843132014204442012368748
20245129042015017165013129507
20245129131014204473012368779
20245206349013391718011607989
20245783494010323083009325711
20245785098010323099009325727
20245786531011846202010795429
20246593303006869008006092484
20246678066022511287020144465
20246855944009510360008564952
20247026860028246300025175519
20247126466009510360008564952
20247128000012578994010847229
20247260014022511287020144465
20247328476022511287020144465
20247328530010140824008564952
20247328999010954449009326613
20247329979011360810009706992
20247469266008291274007423813
20247473689029103263025977646
20247570137011135807010086470
20247750690012761613011608347
20247940635015017165013129507
20248074931009746922009326613
20248131161021880823020144465
20248404141012578994010847229
20248992795013391955011608226
20249016994020378593017810804
20249489477010953547009325711
20249507300020560854018571564
20249508854012986258011228511
20249566889012578994010847229
20249569764008697637007804193
20249672700012579532010847767
20249676595011359909009706091
20249896668021896131019568641
20249896862020051566017842073
20249896951010729446009706091
20250040564018190792016690427
20250086076019435509017265348
20250200316015017165013129507
20250279710009325711009325711
20250360844015017165013129507
20250637056020051566017842073
20250637218011767173010087372
20250750375015017165013129507
20250959037012578994010847229
20250990031012985356011227609
20251081272010140824008564952
20251140694010141726008565854
20251248991014610804012749128
20251599506022511287020144465
20251631795011766271010086470
20251689483010954449009326613
20251723525020051566017842073
20251723568011767173010087372
20251723606013391718011607989
20251723703013391741011608012
20251723975013391718011607989
20251743321012578994010847229
20251820474012985356011227609
20251866326015017165013129507
20251866709020051566017842073
20251866946022560679020190699
20251909408018820353016689524
20252009192014610804012749128
20252080512022511287020144465
20252080709012578994010847229
20252176390011136709010087372
20252177206016261849014294665
20252177362006389190006003907
20252177427008515376007043433
20252177648022511287020144465
20252177915010954449009326613
20252255096022512188020145366
20252346954008291273007423812
20252708961019748130017810804
20252760475022511287020144465
20252816462009510360008564952
20252816756010953547009325711
20252909428012761613011608347
20252909533014386702013129507
20252909746021881180020144822
20253113627030288792027087381
20253333473017622451016178787
20253337711011948530010847229
20253488035009916721008945331
20253577410019435509017265348
20253577836012985372011227625
20253680734021280975018992818
20253828847018820353016689524
20254080986011359909009706091
20254081222012658762011607989
20254241009010729446009706091
20254383776010954449009326613
20254460703011135807010086470
20254465489023876303021422204
20254465632012578994010847229
20254705544009734462008184572
20255013816011136709010087372
20255016475009511262008565854
20255170180011135807010086470
20255174046009511262008565854
20255291239018820353016689524
20255357175010730347009706992
20255948904010323985009326613
20255961129009103998008184572
20256442281020050664017841171
20256444381014204442012368748
20256659221016261849014294665
20256680158011766287010086486
20256680530011136709010087372
20256680735020050664017841171
20256799546013981111012749898
20256933803032119494029391218
20257000819011136709010087372
20257095240009510390008564982
20257096654009511262008565854
20257099777010323985009326613
20257300898012579897010848132
20257301746029266917026130821
20257417760012761255011607989
20258186959011359909009706091
20258285361011766421010086620
20258364016011138145010087372
20258596367017590042015537878
20258609086018820353016689524
20258807082013391718011607989
20258808070011766898010087097
20259122393012578994010847229
20259260044021280975018992818
20259260087007844121007423812
20259261075012172633010466850
20259646058008291274007423813
20259646198020665820018416995
20259646368009916721008945331
20259723907013391718011607989
20259867216011949433010848132
20260138872010547185008945331
20260401352009103998008184572
20260402421014386702013129507
20260599683011766271010086470
20260785673010140824008564952
20260786076011766271010086470
20260786416013391718011607989
20260786637019383629016289305
20260814312010953547009325711
20260814401011359909009706091
20260976355021896131019568641
20260976991012578994010847229
20260990048008697637007804193
20260991958010730347009706992
20261089190011136709010087372
20261253764019435509017265348
20261376394014204442012368748
20261435080011359909009706091
20261547636009425046008485093
20261589681024259951020853840
20261619971007478550006663053
20261895715020050664017841171
20261896916013391737011608008
20262094783015017165013129507
20262105157009328100007804193
20262105645010323083009325711
20262525490010323083009325711
20262527957011136709010087372
20262622739015017165013129507
20262622992013391718011607989
20262765041022511287020144465
20262793177012985356011227609
20262917917012578994010847229
20263290187009328100007804193
20263468628012578994010847229
20263469306012761255011607989
20263819986018820353016689524
20263857241010954449009326613
20263948514021280975018992818
20263948565013574880012369650
20263967152010140824008564952
20263968884018205198016113701
20264109796013391734011608005
20264109842012578994010847229
20264280541011447898011027589
20264386390021280975018992818
20264386420010323083009325711
20264392595012278382011227609
20264489459011359909009706091
20264489572012354893011227609
20264489742015017165013129507
20264497230013488664012288889
20265029117013391718011607989
20265029230018820353016689524
20265029311011766271010086470
20265300147019435509017265348
20265648933017590042015537878
20265976892012578994010847229
20266361034010953547009325711
20266467959010055510008485093
20266472561022511287020144465
20266553952012578994010847229
20266558520022999023020853840
20266912758021880823020144465
20266951192013391718011607989
20267242624014610804012749128
20267293393015017165013129507
20267636347033379520029390317
20267702099010140824008564952
20267702226014610804012749128
20267810207009103998008184572
20267954055010953563009325727
20267991821021265667019568641
20267991937024443114021615502
20268376209008697637007804193
20268522639011911159010847229
20268559044021245054018959193
20268559559012985356011227609
20268559575014610804012749128
20268905473008604881008184572
20269553651008291274007423813
20269641100020050664017841171
20269931230019435509017265348
20270101055009103998008184572
20270214100031097977028435015
20270375295009328100007804193
20270475699011766271010086470
20270479228018820353016689524
20271691107020050664017841171
20271691832015017165013129507
20272159735022635131019332949
20272216755011135807010086470
20272932388022511287020144465
20273010220010954449009326613
20273359835018207997016369145
20273909703019565870017050045
20273911007007463742007043433
20273924389009734462008184572
20273924680007478550006663053
20273931431007884912007043433
20273967266010323985009326613
20274154145009510360008564952
20274484889013392620011608891
20274956594012985356011227609
20275066754010323985009326613
20275220850010953567009325731
20275422003010953547009325711
20275819302009328100007804193
20276080599008697637007804193
20276086856013391718011607989
20276100468010140824008564952
20276103114013391718011607989
20276155084007478550006663053
20276512375009734462008184572
20276626974019565886017050061
20276737776020050664017841171
20276791134009328100007804193
20277491878009734462008184572
20277530474012172633010466850
20277584132012579897010848132
20278404383009510360008564952
20278529348020050664017841171
20278682014013391737011608008
20278720943010140824008564952
20279039190013391718011607989
20279039263011767173010087372
20279058241011766271010086470
20279069545008854966007804193
20279078811012172633010466850
20279087810010953547009325711
20279174306013392620011608891
20279363850013391718011607989
20279646291012172633010466850
20279804962022511287020144465
20280387186010953547009325711
20280489949007844122007423813
20281251946010953547009325711
20281252101011359909009706091
20281392841009103998008184572
20281436326010237770009245852
20281437551018122683016289286
20281437853007478550006663053
20281763483009103998008184572
20282118050022999023020853840
20282463491018122683016289286
20283548784010953547009325711
20283671861020050664017841171
20283766579010953547009325711
20283914640009734462008184572
20284006543021280975018992818
20284051263012578994010847229
20284587570019748129017810804
20284686420012986053011228306
20284758626011359909009706091
20284803672010891954010485655
20285306451012172633010466850
20285357439022511287020144465
20285357870022511287020144465
20285357986010953547009325711
20285771537012578994010847229
20285874875011766271010086470
20285949662013391718011607989
20285950334019435509017265348
20285951772012985356011227609
20286378383017590042015537878
20286444424010547185008945331
20286748148009916721008945331
20287156031007296290005902294
20287241810008291274007423813
20287247606011767173010087372
20287369981010547185008945331
20287543531009103998008184572
20287544120012985356011227609
20287985461021373576019332322
20288709662008515376007043433
20288780790009510360008564952
20289008900008291274007423813
20289177885009511262008565854
20289189387010547185008945331
20289189506009103998008184572
20289189743009103998008184572
20290061912009425046008485093
20290125759012985356011227609
20290512973012578994010847229
20290525757009103998008184572
20290688184018820353016689524
20291448411017590061015537897
20291499725009510360008564952
20291499849011359909009706091
20291675817008109014006663053
20291779353010953547009325711
20292312971013391718011607989
20292374497013391718011607989
20292389818011359909009706091
20292851813012578994010847229
20292899042010953547009325711
20293422886009328100007804193
20293842877010140824008564952
20293844373010953547009325711
20293968536009734462008184572
20294094831019435509017265348
20294485474011135807010086470
20294516094018820353016689524
20295341190009831408008865473
20296036227013391718011607989
20297168437009510360008564952
20297293398017758163014767768
20297788710009104900008185474
20297821882009916721008945331
20297873203009103998008184572
20298109590009734462008184572
20298142156010140839008564967
20298143004010729446009706091
20298149428012172633010466850
20298447712012985356011227609
20298801710014386702013129507
20299179754013391737011608008
20299308384011948530010847229
20299308570010141726008565854
20300883665010547185008945331
20301070358009328100007804193
20301070641011766271010086470
20301478691011542169010466850
20301772689012172633010466850
20302080780008554444008184572
20303181416009734462008184572
20303182404010729446009706091
20303198106010140824008564952
20303423762011766271010086470
20303553879008697637007804193
20303726269009328100007804193
20303728105010953547009325711
20303973819010140824008564952
20304406616009510360008564952
20305777111009916721008945331
20305777553009734462008184572
20305778312009510360008564952
20305778584012578994010847229
20305901459012578994010847229
20306063678018820353016689524
20306846532008224502007804193
20307702100009510360008564952
20307729076010140824008564952
20308329330012172633010466850
20308726925009221865008294903
20308811507018821256016690427
20309737874009510360008564952
20311206940008921738007423813
20311578112012985356011227609
20311689054011359909009706091
20312138302014204442012368748
20312486262012578994010847229
20312500273011766271010086470
20312967902016497236014767768
20313367127011948530010847229
20313588980012985356011227609
20314745184018820353016689524
20314907796016974887014962055
20315067171012578994010847229
20315098468008291274007423813
20315798109010953547009325711
20315989559009328100007804193
20316212922008697637007804193
20318376639008291274007423813
20319065181009916721008945331
20319065378008921738007423813
20319726838013283954011507115
20319769146011359909009706091
20319769766010140824008564952
20319909282010140824008564952
20319911341018820353016689524
20320608903008697637007804193
20321320369010547185008945331
20322072156017938178015526425
20322772778012985356011227609
20323648337010140824008564952
20324160214010140824008564952
20325061481009734462008184572
20325066483012578994010847229
20325068087008921737007423812
20325068346012985356011227609
20325089815012578994010847229
20325240319008515376007043433
20325399806012172633010466850
20326057232009328100007804193
20326639215013392620011608891
20326639401012172633010466850
20326639703011766271010086470
20326640396018205198016113701
20326641007012761255011607989
20326827704008291274007423813
20327130774011766271010086470
20327997123012578994010847229
20330621118017590042015537878
20330621363015017165013129507
20330622890015421690014098320
20330633507009328100007804193
20330886995016869313014767767
20330997282015744576013810408
20331370070016497236014767768
20331421791008094206007043433
20331804763011766271010086470
20332077016008921738007423813
20332077261010756864009706091
20332077601018205198016113701
20332077644010140824008564952
20332079930012172633010466850
20332103394011359909009706091
20333518342012578994010847229
20333850487011135807010086470
20333857252007083362006663053
20334516130012172633010466850
20334516688008515376007043433
20334516807007478550006663053
20334535054009328100007804193
20335498209009328100007804193
20336219141011766271010086470
20336221146008291274007423813
20336258333008515376007043433
20336258619010547185008945331
20336350698008515376007043433
20336381941007011802005996055
20336383596011359909009706091
20336394059012578994010847229
20336477019012578994010847229
20336477396011766271010086470
20337754350009916721008945331
20338872020020051291017841798
20338873701011766271010086470
20338888016011766271010086470
20338888318017590042015537878
20338888946009103998008184572
20339586048012172633010466850
20339586455011766271010086470
20339586463011766271010086470
20339950661009328100007804193
20340097514009510360008564952
20341033749009734462008184572
20341054304010140824008564952
20341689164009328100007804193
20341721262011542169010466850
20342417443011766271010086470
20343145773008697637007804193
20344098507007884912007043433
20346939282010547185008945331
20347888061009734462008184572
20348788486007224066006803757
20349190282009328100007804193
20349197155010302061009626232
20349252237007478550006663053
20349256127007463742007043433
20349256909007210976005822435
20349266890008023700006583194
20350525565018570886015528526
20350538055009734462008184572
20350539671011766271010086470
20351777851009103998008184572
20352148939008921738007423813
20352518701009328100007804193
20352865169008515376007043433
20353763378008515376007043433
20357382549007884912007043433
20357387311007884912007043433
20357392560009328100007804193
20357395063017758162014767767
20357395640017127699014767767
20357395810011766271010086470
20357397961017590042015537878
20357402418008515376007043433
20357407819011766271010086470
20357453721018205198016113701
20357465053016974887014962055
20357466777019435509017265348
20358427082008515376007043433
20358429263008109014006663053
20358453393011766271010086470
20358456597009615725008564952
20358457550007884912007043433
20358457984011766271010086470
20359137088009510360008564952
20359137142008515376007043433
20359174005008291274007423813
20361366310014204442012368748
20361751486007884912007043433
20362283796010140824008564952
20365168904009734462008184572
20365173142010140824008564952
20365178764008109014006663053
20365190098009124919007614003
20365908142007478550006663053
20366382268008515376007043433
20366398180008109014006663053
20366398687008109014006663053
20366404482007463742007043433
20366404563009328100007804193
20366404709009328100007804193
20366416332007478550006663053
20366418092017590042015537878
20366418289008515376007043433
20366422170010750366009135521
20367135493011359909009706091
20371313088008109014006663053
20374419103011948530010847229
20374441419008094206007043433
20375422213011766271010086470
20376533485011133702010117955
20377022921011359909009706091
20379554785007713826006663053
20380529670010547185008945331
20381128777007296290005902294
20381130984011766271010086470
20381141811014689527012485488
20381142311008921737007423812
20383679878011359909009706091
20383689423016052154014098320
20385591528008109014006663053
20386419605008109014006663053
20386419893008836424007343954
20394492362006869008006092484
23123871499009510360008564952
23125020844010323985009326613
23140789704019991052018992818
23144126459013391718011607989
23146370209011135807010086470
23148287694013391718011607989
23160077689014829301013130409
23164277259013391718011607989
23164477274020378593017810804
23165913264011138145010087372
23166579104014386702013129507
23166597994013391737011608008
23167337414019435509017265348
23168580584010323083009325711
23168847769022511287020144465
23169346569022511287020144465
23170665864012578994010847229
23175638369015017165013129507
23176557974008775107007724334
23176872489029650827026490184
23177279854008291274007423813
23177698679014204442012368748
23178898299022511287020144465
23179108569022511287020144465
23179109344010547185008945331
23179109689015018067013130409
23180384189014386702013129507
23180404074009510375008564967
23181600829019276515017706672
23181905549011948530010847229
23182145564021330367019039052
23182501204022535979021695361
23182905364011136344010087007
23183721224009511262008565854
23184513994016798140015437906
23184687984024987599021534979
23185150089022511287020144465
23185162974014180280013129507
23185184854017483055015437781
23185754774011766808010087007
23187343194023950537021154362
23201525489022511287020144465
23201528879016359747014386247
23201530024012985356011227609
23201555809022511287020144465
23201577934009734462008184572
23202606954011948670010847369
23202674704009510360008564952
23202675794008205961007343954
23203074484011135807010086470
23203270984021374479019333224
23203536364011136045010086708
23203938934009734462008184572
23204035164020050664017841171
23204226474014610804012749128
23204602549022511287020144465
23205008144008921738007423813
23205194134011136709010087372
23205194754027089584024682856
23205357254012579235010847470
23205639764031788156028490856
23205642544025255837022376261
23206501294016852716015437906
23206642394009510360008564952
23206728264022511524020144702
23206728884010140824008564952
23207327654009326613009326613
23207395234015017165013129507
23208058444010141726008565854
23208981374018483589016374293
23209000024015237359014007008
23209003244018608525016744122
23209006324008864273008565854
23209167344011766271010086470
23209603624023630390020854743
23211210354019356718017841277
23211804319013391718011607989
23211814179021880823020144465
23213394924009916721008945331
23213395394008630364008630364
23213396714011136709010087372
23213399659011136709010087372
23213406604011949433010848132
23213407864010323985009326613
23213409344018189889016689524
23213411594019299324017728046
23213422324009510360008564952
23213453114022006378019333224
23215972194022511287020144465
23216310454021374479019333224
23216311574011136709010087372
23216311809021880823020144465
23216312244011136709010087372
23216319214009511262008565854
23216426444032749057029390317
23216427033011135807010086470
23217257719011766291010086490
23217488974011136709010087372
23217500044019277417017707574
23217917034022004942019333224
23217919894009734462008184572
23217996724015017165013129507
23218401414009990733008368352
23219101414008922640007424715
23219101449013306404011528130
23219319584022511287020144465
23219684304019277293017707450
23219756364021880823020144465
23220258424010141726008565854
23220320804010323083009325711
23220893154013391734011608005
23221192974022511287020144465
23221770714009328100007804193
23221870484020050664017841171
23221910184021373577019332322
23222421764020050664017841171
23222433304013391718011607989
23222435099022511287020144465
23222997844012579897010848132
23223314864022511287020144465
23223364284021245054018959193
23223576494022187203020093984
23223932614015017165013129507
23224050054011136709010087372
23224055994021374479019333224
23224151314012579014010847249
23224151454011767173010087372
23224287364008985261008564952
23224400934019276515017706672
23224401094011136709010087372
23224450214019277417017707574
23224851804009831408008865473
23225283214016132715013246248
23225561419020050664017841171
23225721394010250391009830082
23226113924011766271010086470
23226171789022511287020144465
23226183264009510360008564952
23226426124011136709010087372
23226681779022511287020144465
23226698671015017165013129507
23226811044029689489025936279
23226813144007844122007423813
23226917764011360810009706992
23227053119022511287020144465
23227221534021374479019333224
23227224169010140824008564952
23227225874025885399022375360
23227470194021374479019333224
23227671114010953547009325711
23227671424032749057029390317
23228200824011359909009706091
23228323144009510650008565242
23228566284008921738007423813
23228641014016852716015437906
23229099914008921738007423813
23229159674010323083009325711
23229761439022511287020144465
23230034214013391718011607989
23230350264010507681010087372
23230414874019749031017811706
23230429219010140824008564952
23230511799021880823020144465
23231180834011948888010847587
23231580794008291274007423813
23231640304022511287020144465
23232139404013391718011607989
23232742534011135807010086470
23232984864011766271010086470
23233207209019276515017706672
23233739154011136709010087372
23234111469010323083009325711
23234868454011863217010767371
23234984659011135807010086470
23235297949017309959015528527
23235773384021280975018992818
23235773414013391737011608008
23235840774008697637007804193
23236151964018820353016689524
23236305244010323083009325711
23237406389022511287020144465
23238081734021374479019333224
23238082854015129421013234585
23238269504024442211021614600
23238523214007884912007043433
23238866804010237770009245852
23238869064011135807010086470
23239767869021880823020144465
23239818633017940423015528526
23240102129023876303021422204
23240139944008985261008564952
23240639459036630415032433354
23240646994010141726008565854
23240683334011135807010086470
23240879719010730539009679766
23240901684021192219018572465
23241058514009103998008184572
23241331644022511287020144465
23241584194011766271010086470
23241682145009615725008564952
23241898059023876303021422204
23241898229010953547009325711
23241980944011543071010467752
23242776534010323985009326613
23243467349018820353016689524
23243774179012578994010847229
23243987849012578994010847229
23244503659011949433010848132
23244660274028505829025418396
23244660444011767173010087372
23245786964009510360008564952
23246963584011136709010087372
23247333754035004968030911836
23247669094011135807010086470
23247669779013391718011607989
23248390484014386702013129507
23248402644008986163008565854
23248404604020561755018572465
23248599014011136709010087372
23248834854022999381020854198
23249444294006665827005902294
23249557064009916721008945331
23250086814020803404019332322
23250279469023876303021422204
23250750544013391718011607989
23251168814010323083009325711
23251597669008986163008565854
23251683794009734462008184572
23251688664030852604028205289
23251847843008921737007423812
23251848009011949433010848132
23252079459011767173010087372
23252141154010729809009706454
23252176144011360810009706992
23252437754021880823020144465
23252437789022511287020144465
23252708944020287700018315923
23252817689009328100007804193
23252817794011136709010087372
23252817824021822682018572465
23253338024008985261008564952
23254704504010954449009326613
23255200704018123585016290188
23255206184011680957010006611
23255842994022816764020093082
23257366804019749031017811706
23257619109018820353016689524
23257685934028505829025418396
23257801934011136146010086809
23258109384020050664017841171
23258878639014204442012368748
23259467314007884912007043433
23260038974012579232010847467
23260230484009510360008564952
23260286234009511262008565854
23260340964007210976005822435
23260402994008291274007423813
23260785834020561755018572465
23261255804012173535010467752
23261558254009734462008184572
23261635054008697637007804193
23261896354011948530010847229
23262308944014204442012368748
23262413594008697637007804193
23262525244012578994010847229
23263418824008739381007804193
23263545494024442211021614600
23263690109015017165013129507
23263857984011949433010848132
23263968654009510375008564967
23264035384018936308017050947
23264109124009510901008565493
23264109744010126400009706091
23264243084010954449009326613
23264386764011359909009706091
23264489334012985356011227609
23264594189011136709010087372
23264599784015982556014033172
23265540694009510375008564967
23266294204008956742008565854
23266361254009734462008184572
23266609299012761255011607989
23266951744016429736015041913
23266959079013391718011607989
23267071004018820353016689524
23267074534009510360008564952
23267293414011542169010466850
23267296324021374479019333224
23267744904008291274007423813
23267991839009723689009421066
23268135944012172633010466850
23268413634018753147016289286
23268762469010135708009326613
23269533404014204442012368748
23269553804010323083009325711
23269640774017482278015437004
23270224474014205344012369650
23270377424010323099009325727
23270378234011136709010087372
23270604374010323985009326613
23270642144011135807010086470
23270754554007884912007043433
23271189109009328100007804193
23272342814010140824008564952
23272972079013391734011608005
23273540644009510360008564952
23273901124011766271010086470
23273912444017309959015528526
23273913114009103998008184572
23273931619009103998008184572
23274150084009916721008945331
23274359609014514264012658761
23274855304009205923008945331
23275028614011137243010086470
23277491559008291274007423813
23277708884011766621010086820
23277938944010953547009325711
23278524094010953547009325711
23278528774010323083009325711
23279057554011135807010086470
23279060334007479453006663956
23279078209012985356011227609
23279091124018123585016290188
23280559814011766271010086470
23281252224009510360008564952
23282456184009328100007804193
23282457334011767173010087372
23282460734010547185008945331
23282464764010323083009325711
23282477874018189889016689524
23282479214009510360008564952
23283064379018753146016289285
23283191664011359909009706091
23284758544012578994010847229
23284972554008109014006663053
23285048834009328100007804193
23285307074012172633010466850
23285307554012985356011227609
23285464684016959579015537878
23285952654012578994010847229
23287547579010953547009325711
23288708134008612323007724334
23289189874012172633010466850
23290376254009090051008564952
23290689503008291274007423813
23291034179009328100007804193
23292363974010547185008945331
23292694814011948530010847229
23293263914013391734011608005
23293844844009103998008184572
23294439544012985356011227609
23294517529010953547009325711
23295072504011359909009706091
23295566264009916721008945331
23296036234019412182018571564
23296131814008291274007423813
23296654744011766271010086470
23298109484019435509017265348
23299182339011948530010847229
23300210694012578994010847229
23300881564008697637007804193
23301750374010729446009706091
23301900899012578994010847229
23302063559009328100007804193
23302083509008697637007804193
23302413444008697637007804193
23303032584019566772017050947
23303180834010140824008564952
23303181113011898002010847229
23303181334009996104008945331
23303424504009328100007804193
23304430184008291274007423813
23305385034010953547009325711
23305778559010756864009706091
23305778834012761255011607989
23305829544008291274007423813
23305900559012578994010847229
23305901504009510360008564952
23305906034013391718011607989
23306411624009734462008184572
23306950304010547185008945331
23307169789008515376007043433
23307730634010140824008564952
23307747774010868233009245852
23308726789011766271010086470
23310815284009328100007804193
23310883514016086251014767768
23311905104008515376007043433
23312500434011766271010086470
23312787164009328100007804193
23312914514008697637007804193
23313053164009510360008564952
23313878074017309959015528526
23313919579009734462008184572
23314145194012578994010847229
23314176634008697637007804193
23314672844008291274007423813
23314813324008291274007423813
23314889134012172633010466850
23315261384017590042015537878
23316211399008697637007804193
23319023984008921738007423813
23319065474009734462008184572
23319071954011766271010086470
23319768904009734462008184572
23319769404008291274007423813
23319769544010547185008945331
23320540534008921738007423813
23320549884010953547009325711
23320607604008291274007423813
23320824184010323083009325711
23320934184018205198016113701
23322210604009734462008184572
23322831714007799599006963575
23323079234011542169010466850
23324161414009734462008184572
23324162844010140824008564952
23324373284007884912007043433
23325241314012172633010466850
23325241799009649148008104713
23325241934007713826006663053
23326121304010140824008564952
23326610984009328100007804193
23326639974011766271010086470
23326640964011949301010848000
23326887404007884912007043433
23327743414006398253005061676
23329804844008291274007423813
23330617314018820353016689524
23330620854012578994010847229
23330656204010323083009325711
23330994444010140824008564952
23331366064006869008006092484
23331368024011359909009706091
23331372404022511287020144465
23331373753009103998008184572
23331420484011542169010466850
23331420654012172633010466850
23331420794011766271010086470
23331804924018570886015528527
23332351524010953547009325711
23332889869017590042015537878
23333327694016314975014007008
23334136914012172633010466850
23335990854011766271010086470
23336348579008515376007043433
23336477654011948530010847229
23336622204012578994010847229
23336711819007884912007043433
23336712904008109014006663053
23336933234007884912007043433
23338885199009235345008184572
23339273804010729446009706091
23339566054014871787013246248
23339584133018205198016113701
23339586144010140824008564952
23341054044011359909009706091
23341691974008291274007423813
23341834864008515376007043433
23341995914011766271010086470
23342416764009328100007804193
23342418104007393237006583195
23346386304010461872008865473
23348639714011766271010086470
23349184974008109014006663053
23349190214010547185008945331
23349814544007884912007043433
23349815494007884912007043433
23350525394007478550006663053
23351994894012578994010847229
23354765284008291274007423813
23357375614017590042015537878
23357445124009328100007804193
23358427774011359909009706091
23358459994011766271010086470
23361336054010729446009706091
23364536534016974887014962055
23365173834011359909009706091
23365223319008515376007043433
23365601119010140824008564952
23366411313008921737007423812
23371035664011359909009706091
23371392114011766271010086470
23371650164008697637007804193
23373131539009649148008104713
23376515974008515376007043433
23381132994011359909009706091
23381137414008515376007043433
23386434654008109014006663053
23387366024011359909009706091
23402861894007083362006663053
23402861924009328100007804193
23426988054007478550006663053
24184513893022439065020144465
24213429635010506779010086470
24213450766011949301010848000
24219135838011135807010086470
24219687962019749031017811706
24221428842009511262008565854
24221694127022511287020144465
24222742494023876303021422204
24240108867014610835012749159
24241476606019749031017811706
24251597053025885399022375359
24255168890009511262008565854
24255169706010323083009325711
24255174033009510375008564967
24256657534009511262008565854
24259131657017309959015528526
24259930630011136709010087372
24260786403010140824008564952
24260992224009734462008184572
24263259501021191317018571564
24265589584011543071010467752
24267411766009511262008565854
24267748965009425046008485093
24273967067012762157011608891
24277491962010547185008945331
24288128991009510360008564952
24295466347011766287010086486
24298370871012172633010466850
24303181888009328100007804193
24310815094009328100007804193
24315964713009103998008184572
24326640057012578994010847229
24329730375007463742007043433
24357400771014498957013234585
24357453085008921738007423813
24358452104007884912007043433
24362286804015684512014007008
24384852404010756864009706091
27116548475010237770009245852
27118338729011136709010087372
27120176884020561755018572465
27121940413021880823020144465
27125316145012578994010847229
27127690109011135807010086470
27128664888010376484009325711
27128998069011136709010087372
27130018381008985276008564967
27135110855010323985009326613
27135113722008985261008564952
27135119011009510375008564967
27135119232017853126016374293
27136032505015630484014293763
27136033145009511262008565854
27136672822022511287020144465
27137027963010953547009325711
27137753133021374479019333224
27137847294010954449009326613
27139129291027090486024683758
27139594237010238672009246754
27140472714021323951019333225
27142116885009510360008564952
27142721207008697637007804193
27142728376011136709010087372
27142728805009510360008564952
27142729194010547185008945331
27143982748012762157011608891
27144124540012514218010730489
27144231916010547185008945331
27145149695010141726008565854
27145149717011767173010087372
27145149733011360810009706992
27145463632009510360008564952
27145465279022817667020093984
27145992244008697637007804193
27145993291013391718011607989
27146481227008697637007804193
27146980630011766271010086470
27147403769022817666020093984
27147489205015017165013129507
27147591115011767173010087372
27147627306014611706012750030
27149866928018570886015528526
27160027679022511287020144465
27160173861015017165013129507
27160174531010730347009706992
27160987133012985356011227609
27161074735011136709010087372
27161185650011268441010848132
27161943857011949433010848132
27161944632010140824008564952
27163095845010730347009706992
27163104151009734462008184572
27163106502010730347009706992
27163106987009511262008565854
27163107428009511262008565854
27163302670009510360008564952
27163302824012172633010466850
27163399801018123585016290188
27163941290009511262008565854
27164170220020050684017841191
27164178701009103998008184572
27164395419010954449009326613
27165385131012278382011227609
27165385794009734462008184572
27165659002020050664017841171
27166410938011766271010086470
27166627430011767173010087372
27166676024010953547009325711
27167355353010258307009208970
27167712482011949433010848132
27167714671011136709010087372
27167716070020561755018572465
27167720868015017165013129507
27167823675009510375008564967
27168021920011135807010086470
27168026841009103998008184572
27168050408011135807010086470
27168052095009103998008184572
27168053393008291274007423813
27168848388022511287020144465
27170197076010869135009246754
27170284785020051566017842073
27170338192019420201017841171
27170585262009103998008184572
27171228439021280975018992818
27171242008014204442012368748
27171397761009103998008184572
27171649809021966282019887130
27171693174021373776019332521
27171694855008291274007423813
27171839322008697637007804193
27172151286009510360008564952
27172366711013339662013129507
27172599074019382236018331463
27173225488014610804012749128
27173616460011948530010847229
27173676455010953547009325711
27174140176009510360008564952
27174984323009103998008184572
27174991818018820353016689524
27175140048023630390020854743
27175639077009510360008564952
27175749735021191317018571564
27176121748010323083009325711
27176581773010547185008945331
27176633862014610824012749148
27176753531012762157011608891
27176753949026880569023897064
27176754260009511262008565854
27176769594009510780008565372
27177158971019276515017706672
27177180713012761255011607989
27177184441008697637007804193
27177204183011136709010087372
27177247001033379520029390317
27177659164012578994010847229
27177792190013352397011608891
27177792425010953547009325711
27177829779011948530010847229
27177829906021897033019569543
27178167990007799599006963575
27178402485016497236014767768
27178890544012578994010847229
27178909709009511262008565854
27179109668011136709010087372
27179109803009328100007804193
27179121420013391718011607989
27179526323011949433010848132
27179614907022511287020144465
27179668306014386702013129507
27179669817011136709010087372
27179698205019277417017707574
27179716688008697637007804193
27179736824009734462008184572
27179736972019277299017707456
27179770267009103998008184572
27180149711010547185008945331
27180372844011136578010087241
27180405467010953563009325727
27180625777011137259010086486
27180899699028724028026212797
27180900190011136709010087372
27180904439022999926020854743
27180905702018425357017811706
27180907225023876303021422204
27180908299010127301009706992
27181013678009510360008564952
27181013740010339016010086831
27181023452022511287020144465
27181024327022817666020093983
27181024351012579897010848132
27181024378019542493019332338
27181024904009511262008565854
27181024971019276515017706672
27181176402021280975018992818
27181176488016974887014962055
27181194494020650512018992818
27181194796010953547009325711
27181213146011136709010087372
27181318134011948530010847229
27181320759010323083009325711
27181548423010140824008564952
27181548717021374479019333224
27181555764016668619015265579
27181556132008926418008564952
27181570895017854028016375195
27181572405012579014010847249
27181574874019276515017706672
27181816029008697637007804193
27181830498011135807010086470
27181838383025437965023136889
27181849555009511262008565854
27182119666012761255011607989
27182171374027090486024683758
27182222467010377232009326459
27182528914013391718011607989
27182540892012658762011607989
27182546467021245054018959193
27182597150019276876017707033
27182597185013391718011607989
27182598130020699904019039052
27182599331009916721008945331
27182599528020015243018571579
27182600011019277286017707443
27182621728021192218018572465
27182905203012579628010847863
27183004501008985330008565021
27183016372011135807010086470
27183079196011135807010086470
27183079234009511262008565854
27183186782008697637007804193
27183187940010507681010087372
27183397554009510360008564952
27183655383011136709010087372
27183725489022511287020144465
27183768188010750366009135521
27183796068015017165013129507
27184003851024625374022376262
27184051589011949433010848132
27184060669018935406017050045
27184073493021374479019333224
27184091556011135807010086470
27184099549019929573017727831
27184151451021950013019619078
27184161147022511287020144465
27184262318011949433010848132
27184297936021880823020144465
27184318526020050664017841171
27184339701011948892010847591
27184352295022512188020145366
27184513817021374479019333224
27184513884011136578010087241
27184517251027090486024683758
27184519394022511287020144465
27184528474011136709010087372
27184528482010507681010087372
27184716548011949301010848000
27184733353009103998008184572
27184736751023447228020093081
27184783202019276515017706672
27184785140010507137010086828
27184795294031913882028608542
27184809201009510375008564967
27184947337021967183019888032
27184947493011136709010087372
27184947752032693946031222864
27184947876022999025020853841
27184951644009511262008565854
27185005483010547185008945331
27185056525011949433010848132
27185062096021880823020144465
27185062118009103998008184572
27185062584032749057029390317
27185147024014971239013129507
27185147032010729446009706091
27185147059020050664017841171
27185162740011136578010087241
27185162945022004041019332322
27185198346011136709010087372
27185209488018703608016580244
27185209496025868612023539974
27185326271022511287020144465
27185334843011135807010086470
27185373342019802516018199083
27185373474024564356024354201
27185420758011136709010087372
27185426209010323985009326613
27185437375011136709010087372
27185443308019749031017811706
27185509279022511287020144465
27185509619029058123025935376
27185511087020050664017841171
27185607084011136709010087372
27185642246022511287020144465
27185701854011136165010086828
27185753412012986258011228511
27185787651032118612029390336
27185792736010141726008565854
27185830298013391718011607989
27185844884018378838016866415
27185847220010323099009325727
27185910038008986163008565854
27185934948010507681010087372
27185935359022511287020144465
27186015687022511287020144465
27186036994020744549019332322
27186069566009510375008564967
27186113778019213430017706672
27186118842019277286017707443
27186140023012579014010847249
27186143731021373577019332322
27186163295008697637007804193
27186178098019277417017707574
27186194689021374479019333224
27186286362012578994010847229
27186422673016852584015437774
27186422886010323083009325711
27186485667027903077025444385
27186504610017853126016374293
27186681504022511287020144465
27186681539014386702013129507
27186686239032626478029275633
27186735000007884912007043433
27186899119020699904019039052
27186901199009511262008565854
27187114875011267538010847229
27187237373011949301010848000
27187883518010323083009325711
27187913336020050664017841171
27189084736011766271010086470
27200568139013392076011608347
27200620890008291274007423813
27201288016022511287020144465
27201423371011136578010087241
27201511068020745320019333093
27201512250011136165010086828
27201513400009510360008564952
27201514504019276515017706672
27201515055020699904019039052
27201515179009427140009427140
27201516337010507137010086828
27201517325011948530010847229
27201517600022511287020144465
27201518674011101287010086470
27201518690011136709010087372
27201521586021245054018959193
27201522310019152627017000553
27201523031010954449009326613
27201523201018570886015528526
27201523627026517975024682856
27201523678011766509010086708
27201523848027720950024683758
27201524135024600828022376262
27201524577010207188009246639
27201524682020472773017811706
27201526537022585534022375379
27201526960021966330019887179
27201530127011136371010087034
27201530224027089657024682929
27201533290011135807010086470
27201536540022511287020144465
27201536699022511287020144465
27201537946008291274007423813
27201539280023876303021422204
27201539299010953547009325711
27201539477019924222018474099
27201543709021374479019333224
27201543741022511287020144465
27201546244022511287020144465
27201546945020632183019039410
27201548352012172633010466850
27201548891018189889016689524
27201551256009103998008184572
27201551450022748925020093983
27201552481011136709010087372
27201552988012578994010847229
27201555138031491863029390317
27201555170020346925017810804
27201556347011948530010847229
27201559729019213430017706672
27201560425021373597019332342
27201561952015017165013129507
27201564382014119128012288889
27201565206014204442012368748
27201567314022511287020144465
27201572237010729446009706091
27201572474009510360008564952
27201572547022511287020144465
27201573063018189889016689524
27201573691010323831009326459
27201574329029810626029390317
27201575775014386702013129507
27201577115022511287020144465
27201579002008921738007423813
27201583468013392620011608891
27201585177011136344010087007
27201585185015017165013129507
27201587153015017165013129507
27201588370015017165013129507
27201601571011136709010087372
27201627856022511287020144465
27202204126017983341016496182
27202262819017001455016581146
27202464551028505829025418396
27202464578021330367019039052
27202464926011359909009706091
27202465302014386702013129507
27202605082013391718011607989
27202606380012578994010847229
27202606577020016129018572465
27202606755014386702013129507
27202671700019276515017706672
27202673223011949301010848000
27202675188022123294020371432
27202675943012579014010847249
27203008460020560871018571582
27203010007009482446008565854
27203070387011136709010087372
27203070867011135807010086470
27203072665010323083009325711
27203074188018122683016289286
27203074404022511287020144465
27203074609019753533019333224
27203077152019929430017727688
27203077314010141726008565854
27203077322019276873017707030
27203077357018122698016289301
27203078248014180280013129507
27203089576021374479019333224
27203141039019298966017727688
27203270289022511287020144465
27203270300021880823020144465
27203271072022004942019333224
27203271781011136709010087372
27203271870012514218010730489
27203337529015017165013129507
27203337766022004041019332322
27203337847010506779010086470
27203337944032118593029390317
27203344495022511287020144465
27203347257022511287020144465
27203429946011949433010848132
27203536041020050664017841171
27203536521022511287020144465
27203536750011136709010087372
27203564363021373577019332322
27203930831011135807010086470
27204324110011767173010087372
27204324900018073145016580244
27204344162008854966007804193
27204480317018122683016289286
27204480368022511287020144465
27204602978009510360008564952
27204652428005970971005251866
27204792211020561755018572465
27204792238011136709010087372
27204793250009510365008564957
27204793374019276515017706672
27204793714013391734011608005
27204793919011135807010086470
27204858573011136709010087372
27204866010022511287020144465
27204866746016359731014386231
27204951093018570886015528526
27204951190022004943019333224
27204967240011766271010086470
27205008344011136591010087254
27205025249024222192021408649
27205039266022511287020144465
27205060532022511648020144826
27205060710021374479019333224
27205060761017482278015437004
27205119715011136165010086828
27205187060009510360008564952
27205192153034114073030668056
27205192994008697637007804193
27205194636013391718011607989
27205196027011135807010086470
27205196132009510360008564952
27205196337008697637007804193
27205196361027089584024682856
27205196574019420201017841171
27205207924019277051017707208
27205240123022439065020144465
27205240786022511287020144465
27205357497011135807010086470
27205442303016852172015437362
27205442362029658328027087381
27205442907012986104011228357
27205503973011949433010848132
27205510163010953566009325730
27205510325011136709010087372
27205510430012579018010847253
27205511062011136709010087372
27205511348012761255011607989
27205511607022511287020144465
27205640970019598040017614204
27205641284027089584024682856
27205641845016852463015437653
27205641942011136709010087372
27205642868011135807010086470
27205645123021374479019333224
27205646340011136709010087372
27205646464011135807010086470
27205647096016852716015437906
27205647940010730347009706992
27205649331011136709010087372
27205649846017623565016289285
27205649978013392076011608347
27205780047019907880017707574
27205780993019459361019039052
27205781213010547185008945331
27205781892021880823020144465
27205781906012579897010848132
27205782465013391741011608012
27205832225011136709010087372
27205879051022511287020144465
27205898129017309959015528526
27205898161022511287020144465
27205906539011731751010086470
27205906687022753757020371432
27205906814012354893011227609
27205912784023629488020853841
27205946387011136709010087372
27205947030011136709010087372
27205948053021330367019039052
27205948169019277417017707574
27205948703011136578010087241
27206042724020699904019039052
27206044948019276515017706672
27206045278023876303021422204
27206045383020564774020144465
27206054064009510931008565523
27206054498022511287020144465
27206054749022511287020144465
27206054927022004942019333224
27206150802022511287020144465
27206169562021374479019333224
27206169716021374479019333224
27206247490022511287020144465
27206382649030852360028205045
27206382975022511287020144465
27206458300020050664017841171
27206472974022511287020144465
27206501532014386702013129507
27206603831011135807010086470
27206604226011136709010087372
27206604617010258307009208970
27206609104022635406019333224
27206609384013391718011607989
27206728413032926781028966574
27206728529011767173010087372
27206756654011767173010087372
27207105339011135807010086470
27207188412022511287020144465
27207216211030487859026683546
27207323808008697637007804193
27207324448008985261008564952
27207325789016852716015437906
27207326068010237770009245852
27207327366010140824008564952
27207329342011136709010087372
27207381212009746020009325711
27207381565019866286017727707
27207382111010323083009325711
27207382529019276515017706672
27207383223017309960015528527
27207395248022511287020144465
27207606257010323985009326613
27207697619015017165013129507
27207711603011135807010086470
27207870213023630390020854743
27207871112011136709010087372
27207871139024442569021614958
27207872429008612323007724334
27207872593011135807010086470
27207872798011136709010087372
27207873131018127883017707574
27208059403011138145010087372
27208059632026533118025062036
27208059799025254935022375359
27208145539010547185008945331
27208190127011517623010466850
27208238553024559694022258618
27208257957019277286017707443
27208388644021374348019333093
27208487219015017165013129507
27208498334019420201017841171
27208574901022511287020144465
27208577021018189889016689524
27208875510019299868017728590
27208939942017309959015528526
27208980071024259971020853860
27208980195010547185008945331
27208980721011135807010086470
27208980918011101338010086521
27208981523013391718011607989
27208981639010729446009706091
27208981981008985261008564952
27209002227011135807010086470
27209002367015017165013129507
27209002871011136709010087372
27209004424008224502007804193
27209006109011136709010087372
27209007202010323083009325711
27209105107021374479019333224
27209119140022511287020144465
27209166564012761395011608129
27209166750011767173010087372
27209166947009510360008564952
27209167137021374479019333224
27209310916023629507020853860
27209311033009511262008565854
27209378057021280975018992818
27209378529021374355019333100
27209573267011359909009706091
27209578935010323985009326613
27209586059022511287020144465
27209586865009746768009326459
27209595783012578994010847229
27209596127010953563009325727
27209596488010323083009325711
27209597409019383610016289286
27209599762010323985009326613
27209619194009510383008564975
27209741542022511287020144465
27209768726025674774024682856
27209872167011136709010087372
27210058554021374479019333224
27210250544021245054018959193
27210251109023876303021422204
27210270421014386702013129507
27210292166023629488020853841
27210316405015017165013129507
27210316472010323102009325730
27210365511008921738007423813
27210394066011071030009969729
27210443237013391718011607989
27210558506023245839021422204
27210673550009510360008564952
27210676045011359909009706091
27210762677018073165016580264
27210800161021896131019568641
27210894077012985356011227609
27210894875021374479019333224
27211000223011136709010087372
27211050875011948530010847229
27211123023027090486024683758
27211125719011948888010847587
27211126235014180280013129507
27211126812011948530010847229
27211127215018073285016580384
27211127401015017165013129507
27211128262024260854020854743
27211128742010323985009326613
27211210376009916721008945331
27211599273022511287020144465
27211720609022187202020093983
27211793150012761255011607989
27211801099023245839021422204
27211803962019276515017706672
27211813933015017523013129865
27213062307008291274007423813
27213209715008697637007804193
27213302081019299743017728465
27213336032033144193029760189
27213336083012761613011608347
27213341087010086486010086486
27213391319010507681010087372
27213393036008291274007423813
27213393125010323985009326613
27213395306027988392025524245
27213396396009325711009325711
27213396434009511262008565854
27213397716010323985009326613
27213399212011136709010087372
27213400067011136709010087372
27213400571011948530010847229
27213400652021191316018571563
27213400962019277417017707574
27213401748019276515017706672
27213401934009511262008565854
27213404720021880823020144465
27213404739012579897010848132
27213405956013391718011607989
27213406022024442211021614600
27213406057019929449017727707
27213406154015018067013130409
27213407363021308590019333224
27213409129008697637007804193
27213410666011135834010086497
27213412898011732288010087007
27213413215008985261008564952
27213415064011543071010467752
27213416583011135807010086470
27213417792009746922009326613
27213418381011949433010848132
27213418500011948530010847229
27213418640014386702013129507
27213419019011949433010848132
27213419183023812650021615502
27213421153023876303021422204
27213422184008697637007804193
27213422567022511287020144465
27213422907015017165013129507
27213423717015017165013129507
27213423776011136709010087372
27213424608011136709010087372
27213427224012985356011227609
27213427593011948888010847587
27213428573008697637007804193
27213429901015017165013129507
27213430349021374479019333224
27213431027008697637007804193
27213431116011767173010087372
27213431345011135807010086470
27213431434013391718011607989
27213432678023876303021422204
27213433100022511287020144465
27213433712011766271010086470
27213433771019748130017810804
27213435227011135807010086470
27213435480010869135009246754
27213435545025987512023136118
27213438153021280975018992818
27213438315011948888010847587
27213438722011949301010848000
27213439303021013558020172940
27213439338015017165013129507
27213439478022511287020144465
27213439494011136709010087372
27213439540015017165013129507
27213440816011135807010086470
27213441596015017936013130278
27213442436021880823020144465
27213442746013391718011607989
27213442770015017165013129507
27213444781020806452020144465
27213445370020666568018417743
27213446032011948530010847229
27213446369010055510008485093
27213447195010323985009326613
27213447772017309959015528526
27213447977013392620011608891
27213448027022511287020144465
27213448086022511287020144465
27213448582015017165013129507
27213452695008109014006663053
27213452997008291274007423813
27213998817011136709010087372
27214183248011136709010087372
27214210733021880823020144465
27214403566013712767011908510
27214731288021373577019332322
27214843450011949433010848132
27214898026015017165013129507
27215199350011136709010087372
27215410191021374479019333224
27215478926010323985009326613
27215504730012579014010847249
27215558962015729287014386251
27215807261010238541009246623
27215807547032749057029390317
27215807598010140824008564952
27215837896020173842019333224
27215908580014386702013129507
27216090670008291274007423813
27216091413016852716015437906
27216091561007478550006663053
27216093467009103998008184572
27216094560027090367024683639
27216094943011135807010086470
27216294764008474586007423813
27216310182008515376007043433
27216314196010323985009326613
27216314676018123585016290188
27216314730027090486024683758
27216315303011136709010087372
27216315605010140824008564952
27216317373019276515017706672
27216317586009511262008565854
27216318833010507681010087372
27216320064009103998008184572
27216321834009511262008565854
27216324582008986163008565854
27216325325012579232010847467
27216326062009616627008565854
27216326518021374479019333224
27216326801011949433010848132
27216327751009510375008564967
27216329274022187202020093983
27216425044009511262008565854
27216426040009510360008564952
27216427683011766271010086470
27216429147011136591010087254
27216430153011680957010006611
27216450359018122683016289286
27216695912011948888010847587
27216708607015017165013129507
27216709751011135807010086470
27216780146022511287020144465
27216786438022511287020144465
27216786799022511287020144465
27216787264015017165013129507
27216787469021374479019333224
27216788007033341761029945125
27216788058021374479019333224
27216788074013980357012749144
27216790508022511287020144465
27216790745017821694016344871
27216807206011135807010086470
27216820970019276515017706672
27216852023021374479019333224
27216852724013392620011608891
27216852899022511287020144465
27216853828021373577019332322
27216854115016852716015437906
27216854425011136709010087372
27216854522027875366025418396
27216854654011137243010086470
27216854972019929430017727688
27216855227018205198016113701
27216855847014566303012749128
27216931144017853874016375041
27217010735015017165013129507
27217010808020561755018572465
27217011111019276515017706672
27217011383025255837022376261
27217011790011680957010006611
27217011952010141726008565854
27217120468008697637007804193
27217120794016851814015437004
27217232797013391718011607989
27217256408022511287020144465
27217256645022511287020144465
27217257781027090486024683758
27217257943012578994010847229
27217258982010323083009325711
27217267388016852716015437906
27217472747031483726028205947
27217474278015017165013129507
27217522396008612323007724334
27217522450017482815015437541
27217522930011101461010086644
27217523287008515376007043433
27217523821011136709010087372
27217524739015017165013129507
27217524976009510360008564952
27217657909014610804012749128
27217677926021009959017811706
27217688898012985356011227609
27217729535023630390020854743
27217733621035004968030911836
27217767437022511287020144465
27217822195011949433010848132
27217822497009734462008184572
27217836811012761255011607989
27217863657011949433010848132
27217894080008291274007423813
27217915223011136709010087372
27217915568009510360008564952
27217916971025886301022376261
27217917188009510360008564952
27217918265013392076011608347
27217940317009916721008945331
27217980599010140824008564952
27217991310031284188028609312
27218053896011136709010087372
27218057581021374099019332844
27218121093022511287020144465
27218180448019420201017841171
27218180537014204442012368748
27218248158019436411017266250
27218248417009511262008565854
27218263645014386702013129507
27218299380010953547009325711
27218299399021374479019333224
27218299402025254935022375359
27218422840016851814015437004
27218529858027090486024683758
27218550164019383610016289286
27218550539022511287020144465
27218551063009329776008945331
27218574683022511287020144465
27218705869011359909009706091
27218778335022511287020144465
27218799014011766271010086470
27218799499011135807010086470
27218943409015017165013129507
27218970058022999023020853840
27218971224022511287020144465
27218972271021695361020854743
27218972603012985356011227609
27218977532008697637007804193
27218977567011135807010086470
27219098370019277286017707443
27219100138011136709010087372
27219100251016360633014387133
27219100294010547185008945331
27219100839011135807010086470
27219101126010730347009706992
27219101134025073577021615502
27219101487021245054018959193
27219101754022511287020144465
27219101797011136709010087372
27219101851031282602027427473
27219101991011766271010086470
27219150887035004968030911836
27219164012027683058025238434
27219164195010953547009325711
27219164640021896131019568641
27219256626008697637007804193
27219275124012762157011608891
27219350304012578994010847229
27219350339021967183019888032
27219350355011136045010086708
27219350525008291274007423813
27219350797021374479019333224
27219350835016797859015957241
27219351149011136709010087372
27219351866015017165013129507
27219352919011136709010087372
27219365344010127301009706992
27219369064009511262008565854
27219375404008224502007804193
27219482839021374479019333224
27219491447013391718011607989
27219491641021506940019457216
27219491706011136709010087372
27219493121010730347009706992
27219493210009511262008565854
27219494594009103998008184572
27219680703021458892019412182
27219681017008697637007804193
27219683907011136709010087372
27219684199019749031017811706
27219684369011136709010087372
27219684792008604881008184572
27219685098020968117018952845
27219685705011136709010087372
27219687511009103998008184572
27219692140015017165013129507
27219695204022187202020093983
27219740102022511287020144465
27219793826010140824008564952
27219891674012761613011608347
27219894223014119128012288889
27219936082025885399022375360
27220041145017360150015439624
27220074655020801995019332349
27220107928008697637007804193
27220162961010664418010086493
27220230061021373577019332322
27220258403010547185008945331
27220277769022511287020144465
27220279796019963688019333224
27220320710032118593029390317
27220320753012985356011227609
27220320818022511287020144465
27220466456021374479019333224
27220628138011136709010087372
27220738030019277417017707574
27220745118021245054018959193
27220782455010953547009325711
27220892021011948530010847229
27220892110009511262008565854
27220892889013391718011607989
27220899638022999023020853840
27221047074020614590018959193
27221078123014180280013129507
27221179590022511287020144465
27221197025021374479019333224
27221197211021280975018992818
27221234591022511287020144465
27221270733012761326011608060
27221275859008697652007804208
27221423955011766271010086470
27221429171011948888010847587
27221511609011136709010087372
27221549592021374479019333224
27221565520009746922009326613
27221717789011136709010087372
27221780774012354893011227609
27221884030010323985009326613
27221908193009103998008184572
27221911550018564821017040483
27221979112022511287020144465
27221979252021280975018992818
27221979481012355795011228511
27221981052020561755018572465
27222026992019420201017841171
27222041959019277417017707574
27222069691009510360008564952
27222071327026068016023136476
27222086448015017165013129507
27222086529023058020020853981
27222087061020614590018959193
27222087444011359909009706091
27222087517022511287020144465
27222104292025254935022375359
27222105000010141726008565854
27222118862020379495017811706
27222187643022896532020853841
27222230433011136709010087372
27222352415018122698016289301
27222399810015017165013129507
27222399942009734462008184572
27222420925021374479019333224
27222424238019276515017706672
27222425684010506779010086470
27222427091020050664017841171
27222427512016852716015437906
27222428608009103998008184572
27222431633011136709010087372
27222433962011136709010087372
27222435310010237770009245852
27222437259011136709010087372
27222437666008697637007804193
27222438115012985356011227609
27222487574020564774020144465
27222487949013392620011608891
27222487965011767173010087372
27222506188021374479019333224
27222526170009511262008565854
27222615513011135807010086470
27222710095011543071010467752
27222742477013391718011607989
27222755854013391718011607989
27222818066011949433010848132
27222818902013391858011608129
27222890743022560679020190699
27222891723024260854020854743
27223011050021280975018992818
27223011085022004041019332323
27223011964010323083009325711
27223082225017984243016497084
27223082470008697637007804193
27223082845010086470010086470
27223128209022511287020144465
27223168308015017165013129507
27223169428020379495017811706
27223259389011766271010086470
27223259680012578994010847229
27223342510014610804012749128
27223403781013391718011607989
27223452626014204442012368748
27223473119021880823020144465
27223486172013391718011607989
27223486466021880823020144465
27223486598011136709010087372
27223486652019277417017707574
27223486709018522163017000553
27223489449013391734011608005
27223522349022511287020144465
27223522640011136709010087372
27223522675011767173010087372
27223576090021374479019333224
27223732769012355795011228511
27223837048022511287020144465
27223847841018613820016496198
27223972247022511287020144465
27223989972009511262008565854
27224000796016497236014767768
27224055566018189889016689524
27224059065016959579015537878
27224090418009510360008564952
27224151026012579014010847249
27224151085010869135009246754
27224151093021822682018572465
27224151336009510360008564952
27224151506011136709010087372
27224151549010141726008565854
27224151689022511824020145002
27224151743011135807010086470
27224190323011135807010086470
27224209679025254935022375359
27224221601011136709010087372
27224221857029123996026587213
27224258998006345601005785189
27224356973011948530010847229
27224391566011949433010848132
27224392473012761395011608129
27224392597018891944017841171
27224392651007884912007043433
27224394344011767173010087372
27224400603027090486024683758
27224402177009103998008184572
27224402258023876303021422204
27224402347011767173010087372
27224404633023348444020000614
27224405303010953547009325711
27224405400025869156023540518
27224405516017482278015437004
27224405656021374479019333224
27224414787032358002028434114
27224461033012761255011607989
27224470350011767173010087372
27224492559014386702013129507
27224519996009511262008565854
27224559106011135807010086470
27224600750019420347017503979
27224639002022511287020144465
27224639355011949433010848132
27224639452011948888010847587
27224781747018205198016113701
27224896161011136709010087372
27225062671010953547009325711
27225178041015018067013130409
27225301943022634862019332680
27225311922014386702013129507
27225317556012025067010847467
27225320557019435509017265348
27225439341011136709010087372
27225439422023876303021422204
27225468392019906978017706672
27225472225011136709010087372
27225504011020700806019039954
27225526228010323083009325711
27225576535010954449009326613
27225611624011766271010086470
27225689615015017165013129507
27225689852011542169010466850
27225816153014386702013129507
27225840321022635041019332859
27225841638013392620011608891
27225843479022511287020144465
27225886356032749057029390317
27225918568017984020016496861
27225984013022511287020144465
27226000513015017165013129507
27226088836011136709010087372
27226124646020614590018959193
27226129346010547185008945331
27226171431018123585016290188
27226171725010730347009706992
27226172322021373577019332322
27226172713011136709010087372
27226174376010507681010087372
27226174910011136709010087372
27226175135021374479019333224
27226175240011136709010087372
27226176530011136709010087372
27226179122021374479019333224
27226180171010237770009245852
27226180236008697637007804193
27226181585018268962016173446
27226181836018123585016290188
27226184762008291274007423813
27226185432015017165013129507
27226187249010323985009326613
27226527015009103998008184572
27226635284011136052010086715
27226636000012761255011607989
27226636779023057880020853841
27226687098011136709010087372
27226698081010050433008999660
27226698367010954449009326613
27226699797010954449009326613
27226699908011767173010087372
27226744148019276515017706672
27226744334009746040009325731
27226773628011767173010087372
27226774128014204442012368748
27226811279009510360008564952
27226811813009511262008565854
27226812135022511287020144465
27226813077011135807010086470
27226813840008697637007804193
27226813913021374479019333224
27226814731022004943019333225
27226860091011135807010086470
27226869374009425046008485093
27226869617007884912007043433
27226869781011949199010847898
27227029973013391718011607989
27227032869015017165013129507
27227032915021880823020144465
27227052290013391745011608016
27227053211012579897010848132
27227053815022511287020144465
27227134114011767173010087372
27227221408011135823010086486
27227221858009103998008184572
27227221904021373593019332338
27227222110021374479019333224
27227222242010506779010086470
27227222285011766808010087007
27227222943027089657024682929
27227223206009916721008945331
27227223834019277417017707574
27227225918032749057029390317
27227227341021374479019333224
27227290779020614737018959340
27227322220019276515017706672
27227448585010141726008565854
27227460577012761402011608136
27227542840012761255011607989
27227542859009103998008184572
27227633307011949279010847978
27227633587011949433010848132
27227644171021880823020144465
27227644856021245054018959193
27227709389011948530010847229
27227980058011135807010086470
27228004931011136709010087372
27228042418011136709010087372
27228060092020050664017841171
27228200692009103998008184572
27228216262011136709010087372
27228388071010141726008565854
27228388519015018067013130409
27228389213010140843008564971
27228389744010323985009326613
27228389892012579897010848132
27228396058014180280013129507
27228446187022511287020144465
27228446268019298966017727688
27228490003010141726008565854
27228619162010547185008945331
27228641842015017165013129507
27228769245008291274007423813
27228801580011135807010086470
27228815743022272516020173842
27228935595014610804012749128
27228949316011051242010007360
27228970641010323083009325711
27229098204025255837022376261
27229098654011136709010087372
27229098883014204442012368748
27229244480014871787013246248
27229401713021966519019887368
27229401748009510360008564952
27229401845016851814015437004
27229411174025190159022258618
27229560153025254936022375360
27229560285014204442012368748
27229720614018565722017041384
27229736545008697637007804193
27229736642012985356011227609
27229866872022511287020144465
27229872597011136709010087372
27229951411022511287020144465
27229990824022511287020144465
27229994609011135807010086470
27230034740011050493010006611
27230043855017141431015708103
27230043944013391718011607989
27230178157008291274007423813
27230178211007799599006963575
27230203801012761395011608129
27230206525019299324017728046
27230313771019420201017841171
27230350324011136709010087372
27230350960011136709010087372
27230410211008697637007804193
27230410742011135807010086470
27230411145022914613020774885
27230411706013391718011607989
27230412273010140824008564952
27230413970011948530010847229
27230414071009103998008184572
27230415361020155393018192085
27230418131009103998008184572
27230418573021373731019332476
27230419359009510360008564952
27230421663010730347009706992
27230422538009510375008564967
27230424166019276515017706672
27230424409010507681010087372
27230424611011136709010087372
27230424824008697637007804193
27230426738013391718011607989
27230427262021374479019333224
27230428072016081521014767768
27230483154012761255011607989
27230483197021374479019333224
27230483758025104067024683758
27230484576021374479019333224
27230486161019121748017224472
27230486579019929430017727688
27230486862013391955011608226
27230487559010323985009326613
27230488938008697637007804193
27230511697022511287020144465
27230555198015017165013129507
27230569601022511287020144465
27230570928020561755018572465
27230800044007478550006663053
27230815378022511287020144465
27230821351006512793006092484
27230822404016852716015437906
27230822676010954449009326613
27230822692022635406019333224
27230822838010954449009326613
27230853334022560679020190699
27230854187021374479019333224
27230854470011136709010087372
27230854748010140824008564952
27230968964021009057017810804
27231076226011136709010087372
27231172039012761255011607989
27231320186020050664017841171
27231501717018205198016113701
27231503914009510360008564952
27231510120009510360008564952
27231510341010323985009326613
27231510465011136709010087372
27231580315022511287020144465
27231613817020561755018572465
27231614368009103998008184572
27231614562023630002020854355
27231615542008697637007804193
27231616085021374479019333224
27231626986012579532010847767
27231638690019435509017265348
27231640288015017185013129527
27231640407015017165013129507
27231695058011948530010847229
27231770629012579897010848132
27231878012022511287020144465
27231878330011949301010848000
27231878357012578994010847229
27231883628012578994010847229
27231912660012579239010847474
27232015670010729446009706091
27232034217021373577019332322
27232034411031731621027847782
27232286550013391718011607989
27232544614021374479019333224
27232809863032749057029390317
27232821952011136709010087372
27232821987019420221017841191
27232840108022999024020853841
27232840205015017165013129507
27232840574011136344010087007
27232901344022511287020144465
27232901476015017165013129507
27232906176011136709010087372
27232930816011136709010087372
27232942113007799599006963575
27232942296008986132008565823
27232942342023876303021422204
27232980090020050684017841191
27232980589011136709010087372
27233021526011948530010847229
27233058403009734462008184572
27233058764012985356011227609
27233058926009916721008945331
27233058977011766271010086470
27233059108010140824008564952
27233059132010323985009326613
27233059337012985356011227609
27233108060019276515017706672
27233119429011136709010087372
27233207042013391718011607989
27233216122022511287020144465
27233253842011683789011683789
27233333706022635406019333224
27233337019015018067013130409
27233340478021195238020144465
27233351747015017165013129507
27233351925034192264030151096
27233352093009510360008564952
27233352131022511287020144465
27233353308020488299019102055
27233353367011136709010087372
27233387237008697637007804193
27233399529011135807010086470
27233453299013574009012368779
27233454392011136709010087372
27233500106010323083009325711
27233504632011359909009706091
27233577095016852165015437355
27233577745018122752016289355
27233578296013391734011608005
27233578725011136709010087372
27233578865009734462008184572
27233668740011136709010087372
27233677944022999024020853841
27233738684022511287020144465
27233739125012579897010848132
27233739184011136709010087372
27233739788018893871017811575
27233890923014611430012749754
27233917228009511262008565854
27234054541008697637007804193
27234054622023245839021422204
27234100071006986875006202815
27234101612007884912007043433
27234104336009746020009325711
27234104530018122682016289285
27234104964011136709010087372
27234105537009510360008564952
27234106371011135807010086470
27234109478015017165013129507
27234110484009511262008565854
27234111162021374479019333224
27234111278008612323007724334
27234111456018613804016496182
27234112673023629725020854078
27234115338009510429008565021
27234115729009103998008184572
27234116261009103998008184572
27234119783009510375008564967
27234179190011268441010848132
27234179433011136709010087372
27234197482011136709010087372
27234197881018935406017050045
27234282390015631386014294665
27234282870010141726008565854
27234320950009103998008184572
27234321140012578994010847229
27234321744011359909009706091
27234509999018205198016113701
27234652597025600534023036190
27234652929009103998008184572
27234673691013391718011607989
27234721408022004040019332322
27234800057011136709010087372
27234800448009511262008565854
27234800472011135807010086470
27234984301012579018010847253
27234984433007884912007043433
27234985502008697637007804193
27234985995019277417017707574
27234986428008291274007423813
27234987688011136709010087372
27235099468011227609011227609
27235235345009103998008184572
27235250174010126400009706091
27235420274011608891011608891
27235440445011135807010086470
27235447210022511287020144465
27235516166019298966017727688
27235556478011766287010086486
27235577661012761395011608129
27235578811020197236017050947
27235578935003295497003141384
27235703187010323083009325711
27235708197015017165013129507
27235773134021373577019332322
27235773584011949301010848000
27235800859011543071010467752
27235878866011948888010847587
27235879552013391718011607989
27236150297018935406017050045
27236176474009103998008184572
27236257806008697637007804193
27236258098019749031017811706
27236258349010323083009325711
27236259647011135807010086470
27236301007010323985009326613
27236305088010323099009325727
27236305452012579021010847256
27236329963011949433010848132
27236360666013391737011608008
27236470100009510360008564952
27236470291019907880017707574
27236516100013391737011608008
27236557478021880823020144465
27236770554012761255011607989
27236875364018464269016552925
27236875488008697637007804193
27236875763021374479019333224
27236877960009103998008184572
27236878223021374479019333224
27236878673009510360008564952
27236878908009510375008564967
27236878916015017165013129507
27236879025011136709010087372
27236879378009510360008564952
27236930381010507681010087372
27236930667009103998008184572
27236947527020050664017841171
27237118133008697637007804193
27237281042018570886015528526
27237336335015017165013129507
27237336394011948768010847467
27237336408010237770009245852
27237336742022004056019332338
27237402133009916721008945331
27237402583015017165013129507
27237403105022999926020854743
27237403989019435509017265348
27237405426009510360008564952
27237405779013391734011608005
27237405973009103998008184572
27237514152011949433010848132
27237530050018753147016289286
27237742392019383610016289286
27237751197008697637007804193
27237788856010323083009325711
27237789348011135807010086470
27237793329011135807010086470
27237856789011136709010087372
27237860735011949433010848132
27238007580010953547009325711
27238007793022511287020144465
27238007939011135807010086470
27238008781014139665012252007
27238009060011948768010847467
27238026488009338834008393139
27238080032011136709010087372
27238081918021374479019333224
27238082086012579014010847249
27238084372010376484009325711
27238085972011136709010087372
27238087495024260854020854743
27238092138011766271010086470
27238110438015018067013130409
27238110675010730347009706992
27238251937019276515017706672
27238379178010323985009326613
27238379356009510360008564952
27238379437017574734016113701
27238379526014610820012749144
27238383752012761255011607989
27238410040028715032026204375
27238410989010730347009706992
27238518399015017165013129507
27238518607008291274007423813
27238519697012354893011227609
27238591282011949301010848000
27238602071012172633010466850
27238619241009328100007804193
27238663135016852716015437906
27238689681011136709010087372
27238851748012354893011227609
27238858521011136709010087372
27238860011011136709010087372
27238862634021245054018959193
27238864882008697637007804193
27238868381016974887014962055
27238869213021800146019731617
27238898582021245802018959941
27238959301011136709010087372
27238990004025341151022456120
27239168952020050680017841187
27239200562020561755018572465
27239232448012493681010767371
27239232510011135807010086470
27239248107022511287020144465
27239272385010323083009325711
27239347687020561755018572465
27239398869014204442012368748
27239579707007892458007804193
27239627744011766271010086470
27239655632010323083009325711
27239738775021880823020144465
27239762285008863371008564952
27239764032009103998008184572
27239765764010323985009326613
27239768097009103998008184572
27239817527009916721008945331
27239818647010644132009626232
27239820609011136348010087011
27239864371014386702013129507
27239945517010645034009627134
27240033203015018067013130409
27240035192012762038011608772
27240050159028715933026205277
27240051716018122683016289286
27240052402019906978017706672
27240052682011136709010087372
27240052747011767173010087372
27240054316009510375008564967
27240055347019277417017707574
27240092560017590042015537878
27240100822010953547009325711
27240100938009916721008945331
27240138811017309959015528526
27240139168010729446009706091
27240142460018753147016289286
27240348573011135807010086470
27240357106010237770009245852
27240357262011359909009706091
27240445072021896131019568641
27240448535021880823020144465
27240522174009510375008564967
27240527486011136709010087372
27240608079015971254015130636
27240608362007884912007043433
27240608591022511287020144465
27240609288022511287020144465
27240609970012172633010466850
27240630589018891944017841171
27240632336011766271010086470
27240634371008291274007423813
27240681426018390831016289285
27240682880017940423015528527
27240684506011767173010087372
27240728376022817512020093830
27240738649011949433010848132
27240745343009103998008184572
27240745696021245074018959213
27240748725013391718011607989
27240749438012579561010847796
27240750517009328100007804193
27240751637012762157011608891
27240855564008697637007804193
27240973060009510360008564952
27241016248008291274007423813
27241017112007478550006663053
27241019344013391718011607989
27241023821023876303021422204
27241058633021374479019333224
27241058919022511287020144465
27241160233011949301010848000
27241160462012761255011607989
27241190515022511287020144465
27241190760011136709010087372
27241230207020802870019333224
27241330015022511287020144465
27241330066013391718011607989
27241331909009916721008945331
27241350911022004942019333224
27241413956010140824008564952
27241456795009221865008294903
27241468718022634505019332323
27241470887011136709010087372
27241476176009510360008564952
27241476451016851814015437004
27241476850009103998008184572
27241528117009510360008564952
27241646489009916721008945331
27241682396020463907017890663
27241754389021330367019039052
27241813423022511287020144465
27241813563011767173010087372
27241898283020650512018992818
27241899506013574880012369650
27241916389008921738007423813
27241930098019748144017810819
27241930241009510360008564952
27241930438014204475012368781
27241930896010140824008564952
27241945915009103998008184572
27241977507021127519019102054
27241977515011296111010236582
27242003514008697637007804193
27242018872012985356011227609
27242035645011766271010086470
27242213012015017165013129507
27242213063019748129017810804
27242213705014204442012368748
27242385018015983458014034074
27242386375010237770009245852
27242404535009735364008185474
27242404691012985356011227609
27242404861018820353016689524
27242446157011360810009706992
27242513784008697637007804193
27242553042007844122007423813
27242607177012172633010466850
27242609080014610804012749128
27242620580008986163008565854
27242686980020050664017841171
27242687723021880823020144465
27242777862009510360008564952
27242778346009511262008565854
27242778923008697637007804193
27242779105009510375008564967
27242779830021374479019333224
27242798053017298180015264677
27242798355009510360008564952
27242798827011135827010086490
27242798975011136709010087372
27242855049012762157011608891
27243178040021880823020144465
27243199226019299736017728458
27243461710009510375008564967
27243464299009511262008565854
27243465635009510360008564952
27243467042009103998008184572
27243468103018122706016289309
27243468944008291274007423813
27243499114008921738007423813
27243518275011948775010847474
27243520881023245839021422204
27243605666009510360008564952
27243610902013391718011607989
27243630776008697637007804193
27243760211009328100007804193
27243761722011136709010087372
27243762990009103998008184572
27243765140011136709010087372
27243766155016851814015437004
27243767054008697637007804193
27243774476019773012018115318
27243845756011136709010087372
27243845977015017936013130278
27243987437007478550006663053
27243988492009328100007804193
27243988956011136709010087372
27244019930009329001007805094
27244054191010141726008565854
27244077655011136709010087372
27244147025022511287020144465
27244147041013391745011608016
27244147440021280975018992818
27244148579011136709010087372
27244238039011949433010848132
27244241005012578994010847229
27244292246021643488020173842
27244292904009746020009325711
27244293137014610804012749128
27244293862011359909009706091
27244296047021374479019333224
27244296284011948530010847229
27244297132011949433010848132
27244298449012985356011227609
27244299038022999926020854743
27244299690011359909009706091
27244299992010953547009325711
27244321068011135807010086470
27244321939022511287020144465
27244335328015017165013129507
27244385767011136709010087372
27244385783005154483004103710
27244512300021373577019332322
27244575647032749057029390317
27244596423004360187003939878
27244743779011949433010848132
27244745852009511262008565854
27244940264011136709010087372
27244941589010323985009326613
27245138070021506211020093984
27245138488008291274007423813
27245139034019748129017810804
27245139247022511287020144465
27245139522008604881008184572
27245139980009103998008184572
27245166651009510360008564952
27245193454008697637007804193
27245194019009510360008564952
27245194892020561755018572465
27245195961011360810009706992
27245196879009510360008564952
27245197573010954449009326613
27245232948008697637007804193
27245459144011136709010087372
27245476081015017165013129507
27245584062008921738007423813
27245599388011949301010848000
27245703037021821781018571564
27245703320006665827005902294
27245703770011135807010086470
27245704572008291274007423813
27245704602012985356011227609
27245705978010730347009706992
27245785939008697637007804193
27245786625011136709010087372
27245788229021374479019333224
27245788571008697637007804193
27245788636009510360008564952
27245789624009103998008184572
27245807770021374479019333224
27245819221011948530010847229
27245857271010323985009326613
27246026233011359909009706091
27246026829019748775017811450
27246057570009103998008184572
27246074114009510360008564952
27246077504011135807010086470
27246226372010547185008945331
27246264738010547185008945331
27246273702009103998008184572
27246319826009734462008184572
27246403754009103998008184572
27246616707012172633010466850
27246663144014386702013129507
27246720113021880823020144465
27246855418010140824008564952
27246855582009916721008945331
27246891686015017165013129507
27246963733009425062008485109
27246963776010953547009325711
27247008654010140824008564952
27247008905021245054018959193
27247009480010953547009325711
27247126312012355641011228357
27247126371018753146016289286
27247126614025885636022375597
27247244110019276515017706672
27247244293010730347009706992
27247260507015017165013129507
27247285070009746922009326613
27247285844009103998008184572
27247286018009511262008565854
27247289394012579538010847773
27247289696021009057017810804
27247296609011051184010007302
27247319021015017165013129507
27247328225010323985009326613
27247328268010954449009326613
27247328306010954449009326613
27247328527010141726008565854
27247328969008482877007432104
27247329116011360810009706992
27247329213012578994010847229
27247329302010954449009326613
27247329523010140839008564967
27247329868009103998008184572
27247329906010141726008565854
27247329922009734462008184572
27247329930020313817017694063
27247330009010140824008564952
27247375274007884912007043433
27247384192012761323011608057
27247468159009103998008184572
27247468507019420201017841171
27247469600021191317018571563
27247480868016668619015265579
27247480906008205961007343954
27247481007014205344012369650
27247636752011135807010086470
27247666090008144643007724334
27247666244012985356011227609
27247667593012578994010847229
27247668719009510360008564952
27247669618010730347009706992
27247752248010323985009326613
27247767091011136709010087372
27247873754011949433010848132
27247897157020051566017842073
27247897254009103998008184572
27247897742010323083009325711
27247940206020493122019333224
27247940303011136709010087372
27248074723008697637007804193
27248329322015017165013129507
27248390714023876303021422204
27248400965018753146016289285
27248407854007884912007043433
27248454607010323831009326459
27248580742020051566017842073
27248834841019801867018198434
27248927823009734462008184572
27248943578010953547009325711
27249129637011136709010087372
27249186967008697637007804193
27249432135010323985009326613
27249444397012675941011528130
27249444478011767173010087372
27249500777009510360008564952
27249505760009103998008184572
27249506775010323985009326613
27249507542011767143010087342
27249508638009103998008184572
27249508700011136709010087372
27249509022009511262008565854
27249509308018608525016744121
27249528485009235345008184572
27249540000023876303021422204
27249569289012985356011227609
27249569556009510360008564952
27249569823014204442012368748
27249670079008697637007804193
27249670605010323083009325711
27249671091008604881008184572
27249674201010323985009326613
27250022765016852716015437906
27250022862020051566017842073
27250278336009510360008564952
27250279359011136709010087372
27250424855020050664017841171
27250503461019421103017842073
27250603083014204473012368779
27250637115012579897010848132
27250959945021373577019332322
27251101898021192188018572435
27251101901014386846013129651
27251133978010954449009326613
27251140478009510360008564952
27251141830009510375008564967
27251143930009103998008184572
27251159667014204442012368748
27251248937011766271010086470
27251460553022123651020371789
27251597532010323083009325711
27251599489018261480017841171
27251683447020379495017811706
27251686063014204442012368748
27251688139009510360008564952
27251688635010323985009326613
27251688805011136709010087372
27251689232010953547009325711
27251698363023876303021422204
27251754018019435509017265348
27251754948012761255011607989
27251834410013391718011607989
27251847709015017165013129507
27251866886009103998008184572
27252009332009510360008564952
27252009537022187202020093983
27252009634030288434027087023
27252079063020050664017841171
27252080207011949433010848132
27252176107012354909011227625
27252176123011767173010087372
27252177316008697637007804193
27252177324013392620011608891
27252177863010953547009325711
27252328772013391734011608005
27252437741021880823020144465
27252457157010756864009706091
27252457173012172633010466850
27252615658022817666020093984
27252706653007799599006963575
27252707013019749031017811706
27252708508011138145010087372
27252760046022004942019333224
27252760178011766271010086470
27252760240008697637007804193
27252760593011136709010087372
27252816483009510360008564952
27252816858008697637007804193
27252816874010323985009326613
27252817013009706992009706992
27252817498022511287020144465
27252909341009328100007804193
27253011624009511262008565854
27253012442009510360008564952
27253012604011136709010087372
27253014062012172633010466850
27253014194009103998008184572
27253014518009511262008565854
27253018963019435509017265348
27253018971020379442017811652
27253111556007478550006663053
27253332137011360810009706992
27253334555009831408008865473
27253336671009511262008565854
27253337066011135807010086470
27253338364009916721008945331
27253338984015017165013129507
27253341284011050493010006611
27253372090011135807010086470
27253480683009103998008184572
27253577237012985356011227609
27253577385012578994010847229
27253577547010547185008945331
27253577601012578994010847229
27253735258010323985009326613
27253746861010323985009326613
27253754449013391718011607989
27253801269024625374022376262
27253828124009510360008564952
27253828612010730347009706992
27253885241027517990024493717
27253967043011136709010087372
27254080115011188582010768273
27254080395021009959017811706
27254080778011136709010087372
27254082266009510360008564952
27254327404011135823010086486
27254329687011359909009706091
27254378068008697637007804193
27254378696008612323007724334
27254382596007844121007423812
27254449720011135807010086470
27254466021019749031017811706
27254466080018820353016689524
27254511485013392007011608278
27254518080008109014006663053
27254597053013980341012749128
27254634218011766271010086470
27254634390014205344012369650
27254700954008291274007423813
27254701691010730347009706992
27254702930009510360008564952
27254706049008697637007804193
27254706510011766271010086470
27254707118009328100007804193
27254941226017598486016290188
27254979630011136709010087372
27254979843009103998008184572
27254997612009510360008564952
27254999844013981243012750030
27254999968009734462008184572
27255012369008697637007804193
27255013756009511262008565854
27255016321009425948008485995
27255016585009510360008564952
27255017662009328100007804193
27255088381009103998008184572
27255097879007884912007043433
27255171386008291274007423813
27255172226008291274007423813
27255172781017309975015528542
27255173117011766773010086972
27255174121010729446009706091
27255174482009511262008565854
27255174857016359731014386231
27255357293013391737011608008
27255418268010729446009706091
27255426503009103998008184572
27255777101017462199015196004
27255823022022511287020144465
27255842027008697637007804193
27255842353018122683016289286
27255842493009510360008564952
27255843007025254936022375360
27255960496009511262008565854
27255960933011136709010087372
27255961948019749031017811706
27255962464011136709010087372
27255965331009510360008564952
27255967407007713826006663053
27256179178009328100007804193
27256289968017940423015528526
27256420657018935405017050044
27256442103008921738007423813
27256457615010323083009325711
27256524274005932027004881254
27256538828020561755018572465
27256644350010323985009326613
27256656510011359909009706091
27256658629008697637007804193
27256680888010954449009326613
27256681159010087372010087372
27256681299020589173018572465
27256681620010141450008565578
27256681892025255837022376261
27256933085018123585016290188
27256933611009510360008564952
27256935622013391734011608005
27257000791012985356011227609
27257090081016852716015437906
27257091150009510360008564952
27257091576018935406017050045
27257119608009510360008564952
27257120592013392577011608848
27257300647009734462008184572
27257301597008291274007423813
27257301945011135807010086470
27257365846009510360008564952
27257366281011136709010087372
27257366370009510360008564952
27257367725009511262008565854
27257488069013392620011608891
27257488174010140824008564952
27257488557021281877018993720
27257771186022511287020144465
27257771801015729267014386231
27257801530009103998008184572
27257801840012985356011227609
27257818131019299587017728309
27258185035021373777019332522
27258187631009510360008564952
27258188492009510375008564967
27258189804009511262008565854
27258206105010547185008945331
27258377112011135807010086470
27258450626011949433010848132
27258497843011766271010086470
27258559075012354893011227609
27258559318020614620018959223
27258597961025600534023036190
27258609110010140824008564952
27258609447014204442012368748
27258609579009511262008565854
27258654310010323985009326613
27258739154007478550006663053
27258799017023245839021422204
27258799114010323083009325711
27258799238010729446009706091
27258799343021880823020144465
27258803804011359909009706091
27258804126010953547009325711
27258807958020050664017841171
27258807966019384512016290188
27258878170008224502007804193
27258878774020050664017841171
27258926728018820353016689524
27259025872019748149017810824
27259025937012369650012369650
27259026275009425794008485841
27259026798011767173010087372
27259154036008564967008564967
27259162012008604881008184572
27259260065010954301009326465
27259260529016241149014865384
27259260626011767173010087372
27259369962009356534009326613
27259462555021880838020144480
27259463306009510360008564952
27259463861008291274007423813
27259466496009103998008184572
27259468685021373577019332322
27259531352024260853020854743
27259552244012578994010847229
27259634305010729652009706297
27259646567012578994010847229
27259646672020050664017841171
27259646710010323985009326613
27259866117011135807010086470
27259867245010323099009325727
27259870475009511262008565854
27259924397010140839008564967
27259924869020647038018652293
27260036071018122683016289286
27260037892023876303021422204
27260117144010323083009325711
27260119120015017165013129507
27260124779010953547009325711
27260167842015017165013129507
27260204012011948530010847229
27260262268010140824008564952
27260262276023630390020854743
27260262462011767173010087372
27260262586012172633010466850
27260270201010323083009325711
27260316759009511262008565854
27260392234008612323007724334
27260401217012986110011228363
27260402760022511287020144465
27260402833006242744005822435
27260403007014410055013151425
27260403074009103998008184572
27260403953009832309008866374
27260404011009511262008565854
27260404658010140839008564967
27260530130010953547009325711
27260530866010140824008564952
27260723591009425046008485093
27260724148020614948018959551
27260724369007393237006583195
27260724636010953547009325711
27260785341008109014006663053
27260785406019384512016290188
27260785627009328100007804193
27260785716020050664017841171
27260786496011766559010086758
27260786712010141726008565854
27260786828008697637007804193
27260786887010140824008564952
27260894760012578994010847229
27260948852011135807010086470
27260950601008515376007043433
27260950652008515376007043433
27260950865019435509017265348
27260976058009103998008184572
27260976554017590042015537878
27260976589012578994010847229
27260990417009511262008565854
27260991391011136709010087372
27260992126012579897010848132
27260993009010140824008564952
27260993114010507681010087372
27260993653021281877018993720
27260993963022004041019332323
27260994129009510717008565309
27261089500014386702013129507
27261090282011766271010086470
27261137084008340087007804193
27261255540022817666020093984
27261255648008921737007423812
27261377913010507681010087372
27261419268007799599006963575
27261551514015017165013129507
27261557075011136709010087372
27261557806010730347009706992
27261558144009328100007804193
27261558616009511262008565854
27261559167011767084010087283
27261589759008697637007804193
27261591087008697637007804193
27261612262010323985009326613
27261617051008291274007423813
27261714820017590042015537878
27261715290020050664017841171
27261715371014205344012369650
27261767347009510360008564952
27261767525022004942019333224
27261768564012578994010847229
27261895132011135807010086470
27261895264008515376007043433
27261895949009328100007804193
27261896139012578994010847229
27261896171010579355009509491
27261896244022635406019333224
27261896724009104014008184588
27261896813011766271010086470
27261897003020378833017811044
27261920242010140839008564967
27262140305009510360008564952
27262206373011136709010087372
27262206497010323083009325711
27262207191008697637007804193
27262207329008775107007724334
27262207396018378477016866054
27262316365009103998008184572
27262316462009511262008565854
27262317515009510360008564952
27262526122009103998008184572
27262527056010547185008945331
27262527498018123585016290188
27262527633019749031017811706
27262622741010323985009326613
27262622970008515376007043433
27262648414012761889011608623
27262765143019298966017727688
27262917563019383625016289301
27263044415009511262008565854
27263046175009510375008564967
27263046752009103998008184572
27263089354006665827005902294
27263290092014205344012369650
27263290106011135807010086470
27263306525014204458012368764
27263363855010323083009325711
27263423394012985356011227609
27263469122011948530010847229
27263517593024443114021615503
27263518018011135823010086486
27263518069011135807010086470
27263518158012578994010847229
27263545678022271614020172940
27263545759020050664017841171
27263579335009103998008184572
27263579696007884912007043433
27263579793008697637007804193
27263681571009103998008184572
27263681806008291274007423813
27263683116030385467026587757
27263684333010323985009326613
27263684414010323083009325711
27263685895010323083009325711
27263686859009511262008565854
27263687898007478550006663053
27263689149009510375008564967
27263689505008697637007804193
27263698466008697637007804193
27263708658018123585016290188
27263754714011767173010087372
27263754935011543071010467752
27263785210009328100007804193
27263820571012658781011608008
27263840394011135807010086470
27263857424010141726008565854
27263893358022816765020093082
27263948365022635407019333225
27263948683012578994010847229
27263950246010140824008564952
27263967033018753146016289285
27263967041010323985009326613
27263967394008697637007804193
27263967424009510360008564952
27263967718008697637007804193
27263967971010140824008564952
27263968129008697637007804193
27263968293008697637007804193
27263968625010953547009325711
27263968943008697637007804193
27263998672013391718011607989
27264109227010140843008564971
27264109553023630390020854743
27264110349011948530010847229
27264141465012761613011608347
27264142348019749031017811706
27264142879010126400009706091
27264239422009916721008945331
27264283855010140824008564952
27264386441009103998008184572
27264388711007478550006663053
27264388746009103998008184572
27264390457009328100007804193
27264391895009916721008945331
27264392700008697637007804193
27264392727011542169010466850
27264431161018122683016289286
27264487183009734462008184572
27264487477010730347009706992
27264489151009734462008184572
27264590200009916721008945331
27264590294009510360008564952
27264590847008291274007423813
27264591592008291274007423813
27264591622008697637007804193
27264592858008612323007724334
27264593145011135807010086470
27264594370013573978012368748
27264594737019298966017727688
27264595857012985356011227609
27264595903009734462008184572
27264597221011136709010087372
27265178125009511262008565854
27265299348019972231017430424
27265300265009510360008564952
27265300354009510360008564952
27265357127009510360008564952
27265357429020051566017842073
27265357631008854966007804193
27265373734009510360008564952
27265462621018123585016290188
27265517949010323985009326613
27265528339022511287020144465
27265589710010891954010485655
27265700743016892957015551643
27265702851009445583008448211
27265705214008697637007804193
27265705753007884912007043433
27265858258012172633010466850
27265858878016024101014767768
27265859114007478550006663053
27265860953010730347009706992
27265864053009734462008184572
27265864592020287320018315543
27265865106029151231026950064
27265865505009510360008564952
27265963426009103998008184572
27265963647009328100007804193
27265980126011351601010931292
27266294080013391718011607989
27266294137011136709010087372
27266294374012578994010847229
27266294617011767173010087372
27266294684010140824008564952
27266294854009328100007804193
27266294986011360810009706992
27266353834020561755018572465
27266355896009734462008184572
27266361098010323831009326459
27266361659012985356011227609
27266399036009916721008945331
27266407047008697637007804193
27266407314007478550006663053
27266407500008612323007724334
27266408175009510360008564952
27266467996016692242014697497
27266472213008921738007423813
27266472221010140824008564952
27266570061009103998008184572
27266570207008291274007423813
27266951081008985261008564952
27266951324011359909009706091
27266952606009511262008565854
27267070879016359751014386251
27267074246009103998008184572
27267124936009510360008564952
27267183681013391718011607989
27267204522009103998008184572
27267293282011137243010086470
27267293487019749031017811706
27267296850021373576019332322
27267296966012761255011607989
27267412079008697637007804193
27267430778013392620011608891
27267437195008697637007804193
27267594738011766271010086470
27267630769008291274007423813
27267635701013391718011607989
27267678095011766271010086470
27267678176010141726008565854
27267678613008786476008565854
27267678672008515376007043433
27267744322010323083009325711
27267745280007884912007043433
27267748662021896131019568641
27267810260020379495017811706
27267814177018205198016113701
27267898311020293279017730945
27267898419010323985009326613
27267898974019383610016289286
27267899083008921737007423812
27267976304011766271010086470
27267991885020050664017841171
27268071895010141726008565854
27268072115020560854018571564
27268084652009916721008945331
27268132703010830474009800660
27268274591008985276008564967
27268349419008697637007804193
27268373905012354893011227609
27268402921011766271010086470
27268458676009916721008945331
27268522501021880823020144465
27268522609020699904019039052
27268559057007884912007043433
27268559103009734462008184572
27268559960007083362006663053
27268597617011969840011969840
27268680360009511262008565854
27268707706018935406017050045
27268762219010323985009326613
27268762766009510379008564971
27268769221020196334017050045
27268831822012985356011227609
27268832012011766271010086470
27268903920010547185008945331
27268905001009510360008564952
27268905788009510360008564952
27269090745019565870017050045
27269104568007884912007043433
27269104967012986258011228511
27269315569010323985009326613
27269391486033648530030230935
27269449514010140839008564967
27269549527008291274007423813
27269551181011766271010086470
27269553702010140847008564975
27269554296008604881008184572
27269554695009328100007804193
27269555934009103998008184572
27269557341012578994010847229
27269571786009916721008945331
27269756018021192219018572465
27269756891015502251013246248
27269806856010323985009326613
27269810918011898905010848132
27269931022018820353016689524
27270015196013392620011608891
27270051125019435509017265348
27270070928012172633010466850
27270102706011135807010086470
27270103613009511262008565854
27270103834010953547009325711
27270213990008515376007043433
27270223880009328100007804193
27270302837009103998008184572
27270303701010323113009325741
27270304309010323083009325711
27270305097010141726008565854
27270306034009425046008485093
27270306182007451133007043433
27270306247010730347009706992
27270306972011647918011227609
27270309009008697637007804193
27270309971020286952018315175
27270376032012579743010847978
27270376156008697637007804193
27270376806008697637007804193
27270377101009510360008564952
27270379562019565870017050045
27270405644009510375008564967
27270475383009328100007804193
27270479826008697637007804193
27270479982017590042015537878
27270573814013391718011607989
27270604698011136709010087372
27270640988023812651021615503
27270821001010547185008945331
27271100316011948530010847229
27271189856007478550006663053
27271228029011136709010087372
27271228312011949307010848006
27271228703014611306012749630
27271229386010953563009325727
27271229726019929430017727688
27271411206007799599006963575
27271691268018228048016289286
27271691519021280975018992818
27271769453023630389020854743
27271907120010323099009325727
27271907201009734462008184572
27271907864011136555010087218
27271909883007478550006663053
27271949834010953547009325711
27271984192008697637007804193
27271984834008697637007804193
27272216563011949433010848132
27272216571010954449009326613
27272217063009706091009706091
27272228154009103998008184572
27272228782008291274007423813
27272229991008291274007423813
27272252721022511287020144465
27272254279013391718011607989
27272289579016974887014962055
27272319281010376484009325711
27272420489009103998008184572
27272566564009510360008564952
27272672232013392620011608891
27272672569009103998008184572
27272713664016418425016113701
27272839900009328100007804193
27272931548010140824008564952
27272932048011948888010847587
27272932366020050664017841171
27272932374013391718011607989
27272932668010377386009326613
27273239346008697637007804193
27273358523012172633010466850
27273358973017955992015880430
27273358981014610804012749128
27273359139010140824008564952
27273482127009510375008564967
27273540844008291274007423813
27273694914011136709010087372
27273790026014204442012368748
27273901138018123585016290188
27273901286020379496017811706
27273901294009103998008184572
27273901707008985276008564967
27273903181008697637007804193
27273904455009510360008564952
27273906067007478550006663053
27273907209007884912007043433
27273907950009103998008184572
27273910501015684511014007008
27273911656007478550006663053
27273914914009103998008184572
27273915163010323083009325711
27273915805008697637007804193
27273920035010547185008945331
27273920183010323985009326613
27273921813019749031017811706
27273922534007364051006555875
27273924391009734462008184572
27273924693010323985009326613
27273927072008921737007423812
27273927471021280975018992818
27273928524008225403007805094
27273929717020287854018316077
27273929792009103998008184572
27273933196008697637007804193
27273933471008697637007804193
27273967570021281877018993720
27273967902017590042015537878
27274150241013391718011607989
27274152538018123585016290188
27274152880023840068021615502
27274228682010141726008565854
27274229042008854966007804193
27274286577009325727009325727
27274287123008697637007804193
27274287654011359909009706091
27274288324009510360008564952
27274333974012578994010847229
27274480519009510360008564952
27274483836022511287020144465
27274484859008697637007804193
27274552102011360810009706992
27274573118009103998008184572
27274756131009103998008184572
27274759939018122683016289286
27274855512014610804012749128
27274855652009510360008564952
27274855741009916721008945331
27274856721017309959015528526
27274858007011864119010768273
27274906354019749031017811706
27274909809010323985009326613
27274909949008921738007423813
27274909965018537471016424730
27274956742011274596009626232
27275027028011136709010087372
27275027249018051326017841171
27275071477012578994010847229
27275229445010140824008564952
27275229682017758178014767782
27275320361017590042015537878
27275419279014059063012485488
27275419384010323083009325711
27275474083008205961007343954
27275575521010953547009325711
27275575564011766271010086470
27275575599010547185008945331
27275597304019565870017050045
27275597649007463742007043433
27275620470010323083009325711
27275625847012761255011607989
27275665644008224502007804193
27275703651010547185008945331
27275704054022511287020144465
27275796021008604881008184572
27275816898009746020009325711
27275817800009511262008565854
27275828829011948530010847229
27275852398011136709010087372
27275984650013391718011607989
27276067465016359731014386231
27276067619008921738007423813
27276080232017854028016375195
27276085129020614590018959193
27276085137009734462008184572
27276085358011135807010086470
27276085927009103998008184572
27276087385010506779010086470
27276087466009103998008184572
27276088705021896131019568641
27276099499013392620011608891
27276101639008291274007423813
27276102775008224502007804193
27276114781018205198016113701
27276141355009510360008564952
27276146543020050664017841171
27276158010009103998008184572
27276192847008697637007804193
27276457956017758163014767768
27276737681009328100007804193
27276769451010323985009326613
27276791031011607989011607989
27276837406021280975018992818
27276864551010323099009325727
27276864977010086470010086470
27277211241007383884006963575
27277229043009511262008565854
27277415637022004041019332323
27277456163011948530010847229
27277491597008291274007423813
27277491724013391718011607989
27277627960009916721008945331
27277667903009328100007804193
27277715487008697637007804193
27277725539021373784019332529
27277725881017590042015537878
27277726519011766271010086470
27277726756007713826006663053
27278404256008023701006583195
27278404817008697637007804193
27278404957009734462008184572
27278525258008515376007043433
27278528222016497236014767768
27278529547012985356011227609
27278658711012578994010847229
27278659408009916721008945331
27278683147022999926020854743
27278683457008697637007804193
27278683635007499471006092484
27278683899011948530010847229
27278692375008291274007423813
27278736372014204442012368748
27278899263009510360008564952
27279039357011136709010087372
27279057290011766271010086470
27279057339010140824008564952
27279057665011135807010086470
27279057673010323985009326613
27279057924018820353016689524
27279061468008921738007423813
27279064394013391718011607989
27279066028008697637007804193
27279066222009328100007804193
27279067156022186927020093708
27279067512008291274007423813
27279068225021281333018993176
27279068470010547185008945331
27279069582018820353016689524
27279069655012578994010847229
27279069663008697637007804193
27279069671009916721008945331
27279075272021373576019332322
27279076473011135807010086470
27279076783009510360008564952
27279078255008515376007043433
27279079022013391718011607989
27279086053010140824008564952
27279087556018123585016290188
27279090433019420828017841798
27279135100014204442012368748
27279175757009018684008104713
27279176419010953547009325711
27279180017010953547009325711
27279180262012578994010847229
27279258784009328100007804193
27279259551009734462008184572
27279364630008291274007423813
27279368253008224961007804652
27279372056009510360008564952
27279447439008291273007423812
27279627941012172633010466850
27279702501009734462008184572
27279746347011542169010466850
27280154127011359909009706091
27280180489012493681010767371
27280485921010323083009325711
27280487088012172633010466850
27280487177008985276008564967
27280487401009510360008564952
27280488688009511262008565854
27280489382009510360008564952
27280489889008226498007307072
27280490518008921738007423813
27280491999009510360008564952
27280683618011766271010086470
27280861710009103998008184572
27281076219006665827005902294
27281251398011138145010087372
27281252114008897521008184572
27281252270009511262008565854
27281252408017940422015528526
27281252513012578994010847229
27281253188008205961007343954
27281254311008697637007804193
27281254664009510375008564967
27281390770011136578010087241
27281397201009511262008565854
27281397996018122683016289286
27281437823007152825007043433
27281944105008604881008184572
27282117032022511644020144822
27282118489021880823020144465
27282118586024259951020853841
27282126244019748145017810820
27282206442009328100007804193
27282455701009103998008184572
27282456406008921738007423813
27282456422009734462008184572
27282456627009328100007804193
27282457550010140824008564952
27282458352018205198016113701
27282459782012985356011227609
27282459863010547185008945331
27282461507019749031017811706
27282462937011766271010086470
27282463011007884912007043433
27282463550009128694008207689
27282475540008094206007043433
27282476512008094206007043433
27282478760009103998008184572
27282666710009510360008564952
27282666982018205198016113701
27282913807010323083009325711
27282922741010953563009325727
27283235500009103998008184572
27283400978012172633010466850
27283427701010953547009325711
27283501219009103998008184572
27283738936018858511016289286
27283788526011359909009706091
27283788690010953547009325711
27284290262008697637007804193
27284330876008697637007804193
27284421510011767173010087372
27284447404009103998008184572
27284583065009510360008564952
27284583561007884912007043433
27284583960009510375008564967
27284584010008291274007423813
27284585874009511262008565854
27284758035017498725015528526
27284758272008921737007423812
27284758450008697637007804193
27284758752010323083009325711
27284758809010547185008945331
27284764450010953547009325711
27284864595008697637007804193
27284969060019565870017050045
27284972355008515376007043433
27284972754019435509017265348
27284973505020050664017841171
27285030736008697637007804193
27285248642008697637007804193
27285306294012985356011227609
27285307541011948530010847229
27285311743013391734011608005
27285464825012172633010466850
27285610880007451133007043433
27285698745008515376007043433
27285941194009734462008184572
27285941607009103998008184572
27285941755009734462008184572
27285943081010729446009706091
27285943626008697637007804193
27285943952010140824008564952
27285945203012578994010847229
27285947435008515376007043433
27285949969012172633010466850
27286073757009916737008945347
27286378582007884912007043433
27286378736016974887014962055
27286772655009103998008184572
27286774909008291274007423813
27286777878008022753007423812
27286802791020050684017841191
27286966735016497236014767768
27287082628008697637007804193
27287242226010140824008564952
27287247090021192219018572465
27287247597012762157011608891
27287332233011359909009706091
27287335003009103998008184572
27287384667008697637007804193
27287440354009103998008184572
27287441202008291274007423813
27287442756009328100007804193
27287444384017597584016289286
27287444538009916721008945331
27287476642010323985009326613
27287541118011948530010847229
27287542157009237446008564952
27287546969010547185008945331
27287547191008697637007804193
27287547612007884912007043433
27287618153012278382011227609
27287792269019929667017727925
27287792595010140824008564952
27287845311008697637007804193
27287992586008109014006663053
27288126513017590042015537878
27288126726011767173010087372
27288127501016945439014007008
27288298462009734462008184572
27288399439008697637007804193
27288705416018936308017050947
27288705777012172633010466850
27288706374007884912007043433
27288708458017758163014767768
27288754719018123585016290188
27288854314009328100007804193
27288854411010323985009326613
27288985435007884912007043433
27288988450008291274007423813
27288989783009511262008565854
27288992369010140824008564952
27289000130009510360008564952
27289000653007884912007043433
27289001021009511262008565854
27289002249012579897010848132
27289003180007884912007043433
27289024234009103998008184572
27289024684009903676009326613
27289024900019435509017265348
27289176654018123585016290188
27289179688011766271010086470
27289189446009328100007804193
27289189470020050664017841171
27289189683011359909009706091
27289189802009328100007804193
27289210313014386702013129507
27289211719022999023020853840
27289441560010323083009325711
27289586712009328100007804193
27289693810010141726008565854
27289798442009996104008945331
27290061895009103998008184572
27290218743007799599006963575
27290245899011542169010466850
27290323547016816296015528526
27290375741009510360008564952
27290378120008985261008564952
27290379720016369144015528526
27290685481020863534018264738
27290685813017309959015528527
27290688502009511262008565854
27290854240009510360008564952
27290963511010323083009325711
27291034034010953547009325711
27291034972009103998008184572
27291035030012514218010730489
27291036002009734462008184572
27291235455010323624009326252
27291238721008921738007423813
27291425432008291274007423813
27291425815009511262008565854
27291427273008291274007423813
27291448467022004943019333224
27291794128012578994010847229
27291794918009510360008564952
27292140180010323985009326613
27292312925009103998008184572
27292348644008697637007804193
27292365441008604881008184572
27292366995007870965007423813
27292374254019906978017706672
27292374793022512188020145366
27292389995011948530010847229
27292422992008697637007804193
27292763781012172633010466850
27292763854015744576013810408
27293263553009511262008565854
27293263766010954449009326613
27293401808009353790008565854
27293659473012985356011227609
27293764811007884912007043433
27293765990021245806018959945
27293767063008697637007804193
27293768469007884912007043433
27293770234007884912007043433
27293770447008697637007804193
27293843096009103998008184572
27293846745008612323007724334
27293846850011135807010086470
27293846931008291274007423813
27293927494009103998008184572
27294051924012172633010466850
27294290058011949314010848013
27294290236021245074018959213
27294444942008697637007804193
27294516048009328100007804193
27294516293008515376007043433
27294517117017309959015528526
27294517451011766271010086470
27294517583010141726008565854
27294517907008291274007423813
27294529484009996104008945331
27294532353007799599006963575
27294532876009510360008564952
27294534739011767173010087372
27294535972017127699014767768
27294584558009510360008564952
27294584736007617339006202815
27294633257008109014006663053
27294865255008291274007423813
27294869285009510360008564952
27294869374009510360008564952
27295070493010547185008945331
27295073824009365640008945331
27295074294011351600010931291
27295091261007884912007043433
27295140610008224502007804193
27295341802021191316018571563
27295466168009510360008564952
27295488250010140824008564952
27295740464007844122007423813
27295740499018205198016113701
27295767907008697637007804193
27295768210008292176007424715
27295786855012578994010847229
27295787703010750366009135521
27295810918010547185008945331
27295827756008291273007423812
27295890768010750366009135521
27296045069009103998008184572
27296047231008604881008184572
27296047770017325529015880430
27296049773007884912007043433
27296131836012578994010847229
27296131879008430063006963575
27296132506009328100007804193
27296251386010140824008564952
27296251408008921737007423812
27296787502007083362006663053
27297165122009328100007804193
27297166323009510360008564952
27297167346008697637007804193
27297279780011949314010848013
27297790868008474586007423813
27297833354008604881008184572
27297835381008884551008564952
27297855102010323083009325711
27297856435008291274007423813
27297888078021374479019333224
27298109056017309959015528526
27298109358012578994010847229
27298109668010953547009325711
27298109781012578994010847229
27298115366013391718011607989
27298116540011767173010087372
27298140530013391718011607989
27298140778009103998008184572
27298142118010140824008564952
27298142576012985356011227609
27298146482010547185008945331
27298148655009916721008945331
27298152059009328100007804193
27298152261008921738007423813
27298152997010258307009208970
27298240144008109014006663053
27298317910012172633010466850
27298318933009103998008184572
27298370943009510375008564967
27298371435018753146016289286
27298447571010954449009326613
27298456473008515376007043433
27298607331010547185008945331
27298749934021277532018652324
27298801529008921738007423813
27298810900010547185008945331
27298821597008697637007804193
27298870091007884912007043433
27298871950007884912007043433
27298941207009511262008565854
27298979166009511262008565854
27299134127008697637007804193
27299139404009103998008184572
27299140038020050664017841171
27299291303022004942019333224
27299308540020050684017841191
27299308753010547185008945331
27299375396019435509017265348
27299767375017940423015528526
27299767553018936308017050947
27299768614007478550006663053
27299769009014871787013246248
27300050927010140824008564952
27300065851011766271010086470
27300255553008291274007423813
27300310287010547185008945331
27300587343008697637007804193
27300593610011359909009706091
27300593734007884912007043433
27300767406018935407017050045
27300883678019435509017265348
27301079244008836424007343954
27301079627008291274007423813
27301106985009510360008564952
27301181421006580971005822893
27301181545008291274007423813
27301184730009103998008184572
27301185796010729446009706091
27301329100009734462008184572
27301750019011766271010086470
27301750469010126400009706091
27301750515019383610016289286
27301750663012985356011227609
27301770311011766271010086470
27301771059007478550006663053
27301771180006665827005902294
27302009029009734462008184572
27302009134017127699014767768
27302080874008291274007423813
27302081315007884912007043433
27302082656019748129017810804
27302084268010547185008945331
27302412893008697637007804193
27302414241013391718011607989
27302414810008697637007804193
27302522060010141726008565854
27302522176011217394010466850
27302522575012354893011227609
27302522710009734462008184572
27302668405009734462008184572
27302716523009103998008184572
27302799445012172633010466850
27303002966009103998008184572
27303161142008697637007804193
27303163390008291274007423813
27303164036008697637007804193
27303168848011274596009626232
27303180015008697637007804193
27303180031009615725008564952
27303180902008291274007423813
27303182476008921738007423813
27303182700008921738007423813
27303198372008921738007423813
27303423287009510360008564952
27303423589009103998008184572
27303423872009996104008945331
27303536294007478550006663053
27303537339008921738007423813
27303538025011359909009706091
27303538823011766271010086470
27303550718008291274007423813
27303554179008224502007804193
27303554411012354893011227609
27303556503009103998008184572
27303729424008109014006663053
27303730074008697637007804193
27303731852018123585016290188
27303884055016555706014007008
27304339085009510360008564952
27304348165012579537010847772
27304354866019435509017265348
27304415628008291274007423813
27304415687007884912007043433
27304430147008697637007804193
27304430155008697637007804193
27304430597010237770009245852
27305067402010547185008945331
27305070705009510360008564952
27305070772008604881008184572
27305071485011359909009706091
27305071639006579164006202815
27305080298009103998008184572
27305223781009328100007804193
27305386524018820353016689524
27305507046008697637007804193
27305687737009510360008564952
27305777523010323083009325711
27305777590011766271010086470
27305778465017590042015537878
27305778511011359909009706091
27305778651024259952020853841
27305778953009734462008184572
27305839219011359909009706091
27305839359010323083009325711
27305839987018820353016689524
27305890028010547185008945331
27305906099011948892010847591
27306167087010140824008564952
27306167133009510360008564952
27306221375008291274007423813
27306222126009510360008564952
27306270155009734485008184595
27306272530010547185008945331
27306274460009328100007804193
27306274746008921738007423813
27306328773016497236014767768
27306410070007478550006663053
27306410100008697637007804193
27306457425009510360008564952
27306531838009510360008564952
27306556075009510360008564952
27306706107011948530010847229
27306811687020050680017841187
27306811806010953547009325711
27306841594008291274007423813
27306843244012578994010847229
27306843341010140824008564952
27306848238005649118005228809
27306848246008604881008184572
27306849153007478550006663053
27306850089008277328007804193
27306850151010547185008945331
27306901783010323083009325711
27306901961011766271010086470
27307073175017351801014387388
27307073426008023700006583194
27307073612012578994010847229
27307121102008291274007423813
27307123709007884912007043433
27307728228007478550006663053
27307729011010953547009325711
27307729895008430063006963575
27307983848008697637007804193
27307984437005361427004681296
27307988483007884912007043433
27307988998007478550006663053
27308072334009328100007804193
27308173912011359909009706091
27308217960012579014010847249
27308279869016974887014962055
27308725885008985261008564952
27308726997011359909009706091
27308727764010140824008564952
27308734191011898905010848132
27309176842008697637007804193
27309178527008697637007804193
27309534196017940422015528526
27309719846008697637007804193
27309737070012985356011227609
27309737895020378593017810804
27309939951011359909009706091
27309955256009734462008184572
27310448635008291274007423813
27310815158007499471006092484
27310815220007884912007043433
27310815255009734462008184572
27310815948008854966007804193
27310815956009328100007804193
27310816162008515376007043433
27310816855010140824008564952
27310817061009103998008184572
27310839790010506779010086470
27311202184008291274007423813
27311202702008697637007804193
27311209669018935405017050044
27311318778005932027004881254
27311411654016497236014767768
27311621039008697637007804193
27311621152008515376007043433
27311699607011135807010086470
27311787611010547185008945331
27311805075008515376007043433
27311806470008604881008184572
27311807221007884912007043433
27311892164012578994010847229
27311892326020196334017050045
27311892741012172633010466850
27312332227010953547009325711
27312486127008094206007043433
27312486178019435509017265348
27312500316009734462008184572
27312675582018607623016743220
27312683321009510375008564967
27312734988022987799020843333
27312963146009103998008184572
27313050632008291274007423813
27313052279007800765007043433
27313054859007083362006663053
27313115874009510360008564952
27313116889008291274007423813
27313358696007884912007043433
27313359021012578994010847229
27313370017012578994010847229
27313456612007884912007043433
27313740116011359909009706091
27313919736008697637007804193
27313919779008921738007423813
27313919841008291274007423813
27314145351008854966007804193
27314145742017718446015528526
27314145939010547185008945331
27314175269012172633010466850
27314177210009103998008184572
27314177598011517623010466850
27314618616008921738007423813
27314664197008697637007804193
27314664553007884912007043433
27314666823012578994010847229
27314746673008697637007804193
27314751642009734462008184572
27314815195011766271010086470
27314907758009103998008184572
27315067125008921737007423812
27315067915012172633010466850
27315068571016497236014767768
27315068628009706091009706091
27315097113008921738007423813
27315100017010140824008564952
27315100114011948530010847229
27315202510008291274007423813
27315798243007799599006963575
27315798375010953547009325711
27315798537012578994010847229
27315854038008921738007423813
27315960555013268646012082938
27315962825008921737007423812
27316134217010140824008564952
27316210207009103998008184572
27316210304012578994010847229
27316211785008697637007804193
27316211947010868233009245852
27316212781009103998008184572
27316564319010140824008564952
27316985667007884912007043433
27317133699009916721008945331
27317165280008921738007423813
27317294641008697637007804193
27317328740010547185008945331
27317374076009328100007804193
27317391671009510360008564952
27317394840008697637007804193
27317411753008291274007423813
27317413713007478550006663053
27317536319012172633010466850
27317545601009328100007804193
27317545806008515376007043433
27318197321008291274007423813
27318197917011766271010086470
27318245016009328100007804193
27318251814008697637007804193
27318252691007884912007043433
27318334817011359909009706091
27318377311007884912007043433
27318378067007884912007043433
27318378644008109014006663053
27318409078014514264012658761
27318409124018820353016689524
27318410793010140824008564952
27318593081007799599006963575
27318593731012578994010847229
27318593863012578994010847229
27318641310009734462008184572
27318641744010547185008945331
27318641809009103998008184572
27318886518015729267014386231
27318937139009916721008945331
27319065062010323083009325711
27319065348008921737007423812
27319066727010756864009706091
27319118298009746020009325711
27319118441011359909009706091
27319246938007478550006663053
27319625327010323083009325711
27319768322010547185008945331
27319768365017758163014767768
27319768578020587241018343440
27319769051008697637007804193
27319769728009734462008184572
27319769981009328100007804193
27319889871011948530010847229
27319909759008697637007804193
27319911052018570886015528526
27319911834006986875006202815
27319912040008515376007043433
27320535714005767789005061676
27320539442008226882006773385
27320540777018123585016290188
27320544012007884912007043433
27320544233009018684008104713
27320544462019435509017265348
27320544632017590042015537878
27320550586012278382011227609
27320553992008697637007804193
27320556568008697637007804193
27320561057010323083009325711
27320561391008109014006663053
27320607618014871787013246248
27320608118010547185008945331
27320608312008291274007423813
27320611879008094206007043433
27320774050008291274007423813
27320774301010140824008564952
27320774395007478550006663053
27320774840009734462008184572
27320824503009328100007804193
27320824554018962824017050045
27320824937010953547009325711
27321088398021191317018571563
27321154463012172633010466850
27321321602007844122007423813
27321322692008291274007423813
27321347555010140824008564952
27321383977009328100007804193
27321384582007884912007043433
27321397358009328100007804193
27321546310008697637007804193
27321548046008697637007804193
27321633191008291274007423813
27321679396008291273007423812
27322054500011766271010086470
27322070107008515376007043433
27322070255008697637007804193
27322070328009328100007804193
27322072363008515376007043433
27322072568017127699014767768
27322210561008515376007043433
27322210723012578994010847229
27322301214010547185008945331
27322497003009328100007804193
27322770761017758163014767768
27322771350009734462008184572
27322771687008697637007804193
27322772349008109014006663053
27322772535009103998008184572
27322772926012172633010466850
27322835138009510360008564952
27323019547016497236014767768
27323096711009328100007804193
27323146662007478550006663053
27323147014007463742007043433
27323331354009103998008184572
27323518586009734462008184572
27323555503012985356011227609
27323647386008604881008184572
27323649672014871787013246248
27323704266008697637007804193
27323825306007884912007043433
27324013321009734462008184572
27324140501011766271010086470
27324144043012172633010466850
27324144477012172633010466850
27324160146017590042015537878
27324160758010953547009325711
27324160839008697637007804193
27324160960008921738007423813
27324161177008921737007423812
27324161916008230657007367071
27324162777009734462008184572
27324386896008854966007804193
27324423368008291274007423813
27324593379008697637007804193
27324760569007884912007043433
27324760682009103998008184572
27324763290009103998008184572
27325061257011948530010847229
27325061818015129421013234585
27325062881012578994010847229
27325065813008921738007423813
27325066879008515376007043433
27325216331008109014006663053
27325240453017127699014767768
27325241727011359909009706091
27325241948008291274007423813
27325241999008697637007804193
27325299644011948530010847229
27325299660008094206007043433
27325388507009103998008184572
27325399142018820353016689524
27325399940008291274007423813
27325420591008854966007804193
27325422942008697637007804193
27325433316012172633010466850
27325477496010323083009325711
27325504612009328100007804193
27325506968010953547009325711
27325695809020378594017810804
27325706894010140824008564952
27325917526008224502007804193
27325917542004294197003873888
27325992978010140824008564952
27326120044009734462008184572
27326620918008291274007423813
27326624611008697637007804193
27326639228009103998008184572
27326639325013391734011608005
27326639597013391734011608005
27326639643012354893011227609
27326639961011136709010087372
27326640005011766271010086470
27326846444014450617013246248
27326851022012578994010847229
27326854749008697637007804193
27326856539008921738007423813
27326858183007463742007043433
27326858973010323083009325711
27326859090009103998008184572
27326885636008697637007804193
27327057648010547185008945331
27327131481018820353016689524
27327195595008291273007423812
27327196982009328100007804193
27327413940011542169010466850
27327495246008921738007423813
27327495386009046205008184572
27327495866010547185008945331
27327496250008697637007804193
27327496412008109014006663053
27327496498009328100007804193
27327739021008291274007423813
27327740852020050664017841171
27327742243012578994010847229
27327742472007884912007043433
27327745587007478550006663053
27327761345008697637007804193
27327761582008291274007423813
27327885605008291273007423812
27327997071008515376007043433
27328092870009916721008945331
27328361278009916721008945331
27328423575010729446009706091
27328553770008291274007423813
27328559205010140824008564952
27328559396009734462008184572
27328559639009103998008184572
27328591761012578994010847229
27328592385008291274007423813
27328593349008230657007367071
27328593462015684511014007008
27328597506008697637007804193
27328598332008697637007804193
27328598995008697637007804193
27328599274008697637007804193
27328629742007884912007043433
27328733906016314975014007008
27328885196008697637007804193
27328885684008697637007804193
27328885986009615725008564952
27328931848008291273007423812
27328961976008291273007423812
27328980148009328100007804193
27329001720010547185008945331
27329281480007478550006663053
27329283181007478550006663053
27329287144008697637007804193
27329288167009510360008564952
27329379995007210976005822435
27329380225008109014006663053
27329663332008109014006663053
27329804076007884912007043433
27329804696007884912007043433
27329804858007478550006663053
27330175708009103998008184572
27330546250005361427004681296
27330548172011359909009706091
27330548490008291274007423813
27330620213010140824008564952
27330620515009510360008564952
27330620655009510360008564952
27330620930021191332018571579
27330621805011135823010086486
27330622976011948530010847229
27330626742009328100007804193
27330627390014807011013129508
27330629164009328100007804193
27330631630008697637007804193
27330635083012578994010847229
27330650058007884912007043433
27330652395008291274007423813
27331309554008515376007043433
27331366620018820353016689524
27331366949012172633010466850
27331369190007393237006583195
27331369328009365640008945331
27331372108011135838010086501
27331373503012172633010466850
27331374097009103998008184572
27331408625007884912007043433
27331409796007478550006663053
27331410700012578994010847229
27331410727017309959015528526
27331420471012172633010466850
27331420544009328100007804193
27331420595010466850010466850
27331421818008697637007804193
27331423160010547185008945331
27331534744012172633010466850
27331649657011766271010086470
27331804830010140824008564952
27331878346008515376007043433
27331981120008697637007804193
27332064520010547185008945331
27332077096006889928005521914
27332077312009328100007804193
27332077525012578994010847229
27332077533010140824008564952
27332077746008697637007804193
27332078610008291274007423813
27332080275008515376007043433
27332081581010547185008945331
27332081999008697637007804193
27332102554011766271010086470
27332346097009328100007804193
27332889252007713826006663053
27332895139008697637007804193
27332895449009649148008104713
27332895694012172633010466850
27332934533012578994010847229
27333518185009328100007804193
27333518363010953547009325711
27333518924011135807010086470
27333719342007463742007043433
27333719970008697637007804193
27333720332007478550006663053
27333721134009734462008184572
27333850392011948530010847229
27333851151008697637007804193
27333851283009328100007804193
27334364629008291274007423813
27334464356009235345008184572
27334534117011137243010086470
27334535377005767789005061676
27334535393012172633010466850
27334535571011766271010086470
27334544015011359909009706091
27335201170007884912007043433
27335209376010547185008945331
27335210986007607314006963575
27336171135013391718011607989
27336219162009103998008184572
27336220217009734462008184572
27336220667008697637007804193
27336221582008291274007423813
27336221787008109014006663053
27336271121009328100007804193
27336271717007799599006963575
27336272276007884912007043433
27336290681008921738007423813
27336291564008697637007804193
27336291947008291274007423813
27336307045007210976005822435
27336346636010547185008945331
27336348027007478550006663053
27336348523011135807010086470
27336377809010140824008564952
27336381237008205961007343954
27336381962007617339006202815
27336390686011766271010086470
27336393111009328100007804193
27336477196008921738007423813
27336477242010140824008564952
27336478044010140824008564952
27336478249008515376007043433
27336713108010756864009706091
27336723006008515376007043433
27336931539009328100007804193
27336935429007884912007043433
27337266792008291274007423813
27337489546017298180015264677
27337492075008697637007804193
27337492636019565870017050045
27338197603008109014006663053
27338822532008697637007804193
27338829561008291274007423813
27338872386009090051008564952
27338872637017940423015528527
27338872688012985356011227609
27338873552012578994010847229
27338873587007478550006663053
27338873854011135807010086470
27338874796009510360008564952
27338878694007478550006663053
27338879909008697637007804193
27338885062009328100007804193
27338915212007393237006583195
27338915662010140824008564952
27339259378017760368016289286
27339263553007884912007043433
27339566327013391718011607989
27339584023008474586007423813
27339584066009734462008184572
27339585046008697637007804193
27339586166008615389008184572
27339586212009328100007804193
27340102458008921738007423813
27340607134008697637007804193
27340820865011359909009706091
27340820911007617339006202815
27340821578010766001009750254
27341050664012578994010847229
27341054430009328100007804193
27341054767012172633010466850
27341055216008515376007043433
27341055542009328100007804193
27341055550007884912007043433
27341055852008472360007423812
27341055879011766271010086470
27341069888009510360008564952
27341081349007884912007043433
27341671464007478550006663053
27341672819007478550006663053
27341688618011359909009706091
27341689126009328100007804193
27341689363011359909009706091
27341689827017127699014767768
27341692186008291274007423813
27341694790009328100007804193
27341721127008109014006663053
27341834398007884912007043433
27342241420008515376007043433
27342242257016974887014962055
27342311658007884912007043433
27342312859008515376007043433
27342417014008291274007423813
27342417316018205198016113701
27342417456008109014006663053
27342417804009328100007804193
27342418738008109014006663053
27342436086007884912007043433
27342436396011948530010847229
27342439824007478550006663053
27342636603008921738007423813
27343104176010140824008564952
27343145093007884912007043433
27343299082008291274007423813
27343531171010729446009706091
27343531295012172633010466850
27343531457008921738007423813
27343981770009636123009135521
27344230175019468924016369145
27344428102007478550006663053
27345820243008109014006663053
27346033229011359909009706091
27346371116007884912007043433
27346371426009734462008184572
27346379036012172633010466850
27346380646008697637007804193
27346380751008291273007423812
27346380840008515376007043433
27346383475010756864009706091
27346938841009103998008184572
27346940218009124919007614003
27346940234007478550006663053
27346953085011766271010086470
27346958540017574734016113701
27347842015008515376007043433
27347842058009328100007804193
27347842260010140824008564952
27347842651010140824008564952
27348638365011766271010086470
27348638624012172633010466850
27348638942008515376007043433
27348639027008921738007423813
27348639205010547185008945331
27348639663012172633010466850
27348789045006986875006202815
27348800154009510360008564952
27348801746007478550006663053
27348887136008109014006663053
27349183469008581386007804193
27349184163010756864009706091
27349190422009328100007804193
27349190856010547185008945331
27349192956008921738007423813
27349196765012172633010466850
27349197257012578994010847229
27349255699010750366009135521
27349255710012172633010466850
27349255915011359909009706091
27349258302008697637007804193
27349260471011359909009706091
27349260595012172633010466850
27349260714009734462008184572
27349260919008515376007043433
27349261400008921737007423812
27349261575008515376007043433
27349262172009103998008184572
27349265201008697637007804193
27349265775010664395010086470
27349266860008109014006663053
27349309357007884912007043433
27349810242011766271010086470
27349814264007884912007043433
27349816429007478550006663053
27349818642017590042015537878
27349943226008109014006663053
27349944222007884912007043433
27349945644007844122007423813
27349956190010547185008945331
27350525691012578994010847229
27350871352016359731014386231
27351053750011766271010086470
27351063551007884912007043433
27351064191008291274007423813
27351065260007884912007043433
27351065694010547185008945331
27351066291007884912007043433
27351648363008109014006663053
27351649149009328100007804193
27351649203012578994010847229
27351649327008224502007804193
27351649394011359909009706091
27351649564008291274007423813
27351649815011542169010466850
27351777023009510360008564952
27351777333018820353016689524
27351777988008921738007423813
27351993893007884912007043433
27352128789010140824008564952
27352469977007884912007043433
27352866240008515376007043433
27352866887008474586007423813
27352867980008291274007423813
27352868030008515376007043433
27352869347016314975014007008
27352869711009734462008184572
27352876572008291274007423813
27353437947007884912007043433
27353453780007478550006663053
27353454507008921737007423812
27353454574008697637007804193
27354529462008515376007043433
27354760717008291274007423813
27355042710007478550006663053
27355824476008515376007043433
27356847917009734462008184572
27357377582009734462008184572
27357377728011135807010086470
27357377965008515376007043433
27357382977008921738007423813
27357384112007884912007043433
27357384554008291274007423813
27357392190011766271010086470
27357392360008109014006663053
27357392638008109014006663053
27357395122007617339006202815
27357397540011359909009706091
27357400290011137243010086470
27357400452011542169010466850
27357400509009103998008184572
27357400959009510360008564952
27357401009016959579015537878
27357401963016974887014962055
27357402986009328100007804193
27357407155006580513005822435
27357407244007884912007043433
27357412205009328100007804193
27357422553009734462008184572
27357422588008515376007043433
27357424416008109014006663053
27357427466011359909009706091
27357428721009328100007804193
27357435345007884912007043433
27357435515010140824008564952
27357436554007210976005822435
27357436716009734462008184572
27357438468009734462008184572
27357439480008515376007043433
27357445162011766271010086470
27357445278011766271010086470
27357445529007884912007043433
27357448056010547185008945331
27357452282010140824008564952
27357452401010140824008564952
27357453122007478550006663053
27357454919016974887014962055
27357465295011137243010086470
27357465503009734462008184572
27357468928008515376007043433
27357469673007478550006663053
27358427419010140824008564952
27358429535016959579015537878
27358429829009734462008184572
27358430010008109014006663053
27358437503008515376007043433
27358440644008515376007043433
27358445204020196334017050045
27358446626007884912007043433
27358449080008291274007423813
27358451425011137243010086470
27358454629009734462008184572
27358455544009328100007804193
27358455633008094206007043433
27358458071007884912007043433
27358458179011359909009706091
27358459809008921737007423812
27358470306007733064006663053
27358472651008312195006853243
27358473178012172633010466850
27358997649006580513005822435
27359137600010547185008945331
27359177513007478550006663053
27359414108012172633010466850
27360447222008136362007278806
27361216607015129421013234585
27361220426007884912007043433
27361221791008109014006663053
27361366293013391718011607989
27361366323010323083009325711
27362283413011766271010086470
27362980823007478550006663053
27363922568008291273007423812
27363922762009734462008184572
27365174089012172633010466850
27365176367011766271010086470
27365176693008515376007043433
27365176898009734462008184572
27365180364009734462008184572
27365184440011766271010086470
27365188020009734462008184572
27365191544009103998008184572
27365191862011359909009706091
27365745256009328100007804193
27365906950008921737007423812
27366388171011766271010086470
27366389909012172633010466850
27366390281007478550006663053
27366390303007463742007043433
27366391857007393236006583194
27366398843010756864009706091
27366400112007884912007043433
27366401143011766271010086470
27366404126007713826006663053
27366407613008697637007804193
27366410657012578994010847229
27366417198008205961007343954
27366418127008291274007423813
27366418380007478550006663053
27366425328008515376007043433
27367133894009734462008184572
27367135633008515376007043433
27367137113015684511014007008
27367390943011766271010086470
27368788940007478550006663053
27369286930011359909009706091
27369287112007478550006663053
27369945659015129421013234585
27369947309009734462008184572
27369947880006580513005822435
27371029287008109014006663053
27371032075007478550006663053
27371193249007478550006663053
27371289289009510360008564952
27371291798010140824008564952
27371294622008109014006663053
27371294754007713826006663053
27371295718007296290005902294
27371302862010140824008564952
27371310393009734462008184572
27371316189011766271010086470
27371316227011766271010086470
27371316243010140824008564952
27371316286011766271010086470
27371316944008921737007423812
27373132727008109014006663053
27374104549007210976005822435
27374105189010547185008945331
27374108935008515376007043433
27374119228007478550006663053
27374119295007713826006663053
27374414807011359909009706091
27374419426008604881008184572
27374419493011359909009706091
27374423121010750366009135521
27374443122007279047007043433
27374443904008921737007423812
27375096647007884912007043433
27375099344010140824008564952
27375099654008515376007043433
27375100598007478550006663053
27375294104007210976005822435
27375300961008094206007043433
27375301348005970971005251866
27375329749008109014006663053
27376509481008109014006663053
27376521864008921737007423812
27376526874008312195006853243
27376536195008109014006663053
27377110566007713826006663053
27377343919007478550006663053
27377361976005767789005061676
27377508276009916721008945331
27379543001006580513005822435
27379843129011359909009706091
27380527133017590042015537878
27380985077008515376007043433
27381122757011359909009706091
27381133465008291273007423812
27381134127008291273007423812
27381137282007713826006663053
27381138777009103998008184572
27381141646008109014006663053
27381144106010119902009135521
27381759151007617339006202815
27381859318011766271010086470
27383252453008109014006663053
27383543660009831408008865473
27383674854008109014006663053
27383679244011766271010086470
27383686658008109014006663053
27383706764008921737007423812
27384840200015319990012485488
27384851652009916721008945331
27384852179008109014006663053
27385561607011359909009706091
27385574016008109014006663053
27385592723010729446009706091
27386389840009103998008184572
27386412834008515376007043433
27386413385011359909009706091
27387174511012985356011227609
27387175003020050664017841171
27387185831015608386014767768
27387213282008109014006663053
27387214556009734462008184572
27387804922009734462008184572
27387829186016344424014962055
27388338976008921737007423812
27394493495008023700006583194
27394523866007478550006663053
27395811385011359909009706091
27397938692008109014006663053
27397946903008291273007423812
27397948477007296290005902294
27411246871008109014006663053
27430733376011766271010086470