20142147182002246908002058267
20143149464001731381001497015
20143624375001376531001243548
20148242004001159685001040559
20160062739003001505002685929
20160975793001677199001446297
20161722279002002289001750601
20161912124002002292001750604
20163090660001677272001446370
20163462894001048240000939124
20164674054002002289001750601
20164680496003001505002685929
20164721087001918227001750601
20165248857002002289001750601
20165266219001484823001344911
20166147507002673422002378823
20166157936001484775001344863
20166200157002849811002577643
20166200432002493814002210699
20166202222003001505002685929
20166383022002917443002685929
20166623295003001505002685929
20166625093003001505002685929
20167156720004184489003760672
20167336796001893925001649166
20167537848003001505002685929
20168023171001365036001232780
20168206667002673422002378823
20168429402003001505002685929
20168580984003001505002685929
20168605138001785563001547732
20168848448003001505002685929
20168851678001785563001547732
20169728853003001505002685929
20169996467004799994004324448
20170427859001593137001446297
20170729146003001505002685929
20170805152002416357002171905
20170805977003001505002685929
20171239134003001505002685929
20171243611003001505002685929
20171396086002416357002171905
20171396760004140083003713037
20171398518002509381002225270
20171612714002673422002378823
20171649715001785565001547734
20171705968001687835001547732
20171839646002657258002363692
20171876878003883151003544914
20172153020001484822001344910
20172155082003179628002983484
20172960708001677320001446418
20172965866003001505002685929
20173225319001996165001750601
20173302003001893925001649166
20173453532001406292001192711
20173705221003001505002685929
20173933593003001505002685929
20173965649002002289001750601
20174248045002759987002538540
20174295795002572596002363131
20174563129001785563001547732
20174679631001893925001649166
20174679852001918227001750601
20174682136001297928001091276
20174837296001189565000989842
20174893382003001505002685929
20174982342001918227001750601
20174984086002837464002532376
20175024183003862331003458050
20175118374003001505002685929
20175141511002002289001750601
20175142364003367326002983382
20175242865001918227001750601
20175262114003001505002685929
20175484656003001505002685929
20175538551001568907001344934
20175622242003183507002856294
20175622838003001505002685929
20175638106001785563001547732
20175747517004390842004020144
20175747894002917443002685929
20175841769003001505002685929
20176191865002002289001750601
20176581612001843390001680549
20176707829001918227001750601
20176753529003884840003389120
20176753588002002289001750601
20176754126004799993004324447
20176772728001484895001344983
20176774836001785565001547734
20176784807001890704001750601
20176801469003001505002685929
20177314774003001505002685929
20177355004001701572001547803
20177390381003001505002685929
20177390799001918227001750601
20177442195002685929002685929
20177574156003099445002856294
20177649172001785563001547732
20177649245003001505002685929
20177649261001484778001344866
20177791629001268048001141994
20177791742003001505002685929
20177792501002654266002360892
20177792838002748612002527892
20177792919001135383000939124
20178065085003001505002685929
20178404831001268048001141994
20178405900001568907001344934
20178909380002654264002360890
20179089425002002289001750601
20179089565003611946003291048
20179089697004715932004324448
20179109582003612066003291168
20179118328003001505002685929
20179120411001672216001446297
20179121191002849931002577763
20179234816002002289001750601
20179319587001677199001446297
20179319943003001505002685929
20179611482003183507002856294
20179667879003001505002685929
20179668085002002289001750601
20179668298003001505002685929
20179669790001349320001218069
20179672503002002289001750601
20179914647003001505002685929
20180117165001623018001395580
20180370626003001505002685929
20180374079001367775001227863
20180405012001484775001344863
20180410156002509381002225270
20180410369002673422002378823
20180410539002002289001750601
20180577646003183507002856294
20180907751002002409001750721
20180981137002002289001750601
20181012693003001505002685929
20181013134002832673002527892
20181023059001568838001344865
20181023539001701501001547732
20181024128002589360002378823
20181548682001135383000939124
20181838931003001505002685929
20181845148003001505002685929
20181905639001918227001750601
20181976595001948107001699884
20182119084001918227001750601
20182119858003001505002685929
20182286436001890704001750601
20182540855003001505002685929
20182805212001268048001141994
20183126114002572596002363131
20183721446003001505002685929
20183768086001460473001243428
20183768167002926668002615877
20183768248002002289001750601
20183768310003001625002686049
20183891139002958173002679077
20184060699003001505002685929
20184405424003001505002685929
20184410584001352230001142114
20184715822001918227001750601
20184782368003001505002685929
20184785170002002289001750601
20184795419002917443002685929
20185150144003001505002685929
20185393160001268048001141994
20185426700002561791002360890
20185427146004715932004324448
20185592856003001505002685929
20185893252002002289001750601
20185917895003001505002685929
20185942717001606183001547751
20186038984002002289001750601
20186170661003001505002685929
20186204973002849931002577763
20186464282002832673002527892
20186671040001484799001344887
20186681542003099445002856294
20186921438004799994004324448
20187442096003001505002685929
20187574278003183507002856294
20187774382001213866001091276
20200047800001484877001344965
20200596987001593185001446345
20200606982002917443002685929
20200661495001352110001141994
20200726775003001505002685929
20201280835002002289001750601
20201519277003033834002716191
20201519935002002289001750601
20201523967001352110001141994
20201525323002917443002685929
20201525714002002289001750601
20201534497003001505002685929
20201534594003001505002685929
20201536228002917443002685929
20201536724003716716003389120
20201542392001401006001344965
20201543763002573196002363692
20201553580003183507002856294
20201557063003001505002685929
20201557209002570202002360890
20201561877003001505002685929
20201566399002002289001750601
20201570019001918227001750601
20201574146002837464002532376
20201588716003001505002685929
20201628130003183507002856294
20201706379002573214002363710
20201707316002673422002378823
20201905916002274693002005588
20202673210000997140000888407
20203071427001677199001446297
20203071753001677320001446418
20203271108002917443002685929
20203271388002753522002532496
20203337222002837464002532376
20203337419003001505002685929
20203349719002919484002609152
20203536411003001505002685929
20203791616001400904001344863
20203972408002002289001750601
20204204048001918227001750601
20204220264003001505002685929
20204792950002416477002172025
20204793671001785563001547732
20204866423002673505002378906
20205060236003001505002685929
20205060783001484895001344983
20205134450003001505002685929
20205380893002917443002685929
20205504045003001505002685929
20205577735003001505002685929
20205640100002832673002527892
20205640631001731412001497046
20205781421003001505002685929
20205782762003001505002685929
20205794426003001505002685929
20205898140003183507002856294
20205911112003001505002685929
20205912771004366541003918709
20205947494002832673002527892
20205947931001893925001649166
20206026759002917443002685929
20206048515002493814002210699
20206054221001785563001547732
20206129221001484895001344983
20206271745003001505002685929
20206349566002002289001750601
20206382482001918227001750601
20206583232002917443002685929
20206603934002928959002651738
20206728672003183507002856294
20206809699002994028002881946
20206809893002797705002573846
20206821354003001505002685929
20207190528002573196002363692
20207289222003001505002685929
20207324664003001505002685929
20207324923001430713001294266
20207326500002570202002360890
20207578224001785563001547732
20207600637002917443002685929
20207602877002002289001750601
20207773264003001505002685929
20207985997002002289001750601
20208577051002832673002527892
20208875591001352110001141994
20208980158002002289001750601
20208981049001785563001547732
20208981588002002289001750601
20209000416001665824001435649
20209166497001159685001040559
20209596459001268168001142114
20209597854002692100002422535
20209599059003367325002983381
20209599830002826032002685929
20209826683001785563001547732
20210182102003001505002685929
20210530275001568836001344863
20210695290002917443002685929
20211005123002002289001750601
20211124513001484895001344983
20211126834001159685001040559
20211394316001484877001344965
20211598019001568836001344863
20211706954003001505002685929
20213308700001568836001344863
20213333047002002289001750601
20213393511002849811002577643
20213397681001051321000939124
20213400046001484775001344863
20213407660002345339002071717
20213415574002837584002532496
20213417712001677312001446410
20213418328001862186001750601
20213422716001484775001344863
20213422961002673422002378823
20213424956001484895001344983
20213426169002673424002378825
20213432991002002289001750601
20213434641003183507002856294
20213435257002832673002527892
20213439236002509381002225270
20213439589001430592001294145
20213442032002002289001750601
20213450884003451387002983381
20213452429002717145002374774
20213454839002917443002685929
20213455959002837464002532376
20213911466002005282001753403
20215393950003001505002685929
20215478786003001505002685929
20215576222001586432001446329
20215628621002673424002378825
20216090862002849931002577763
20216313217004472328004089074
20216317247001268050001141996
20216321546002926668002615877
20216326491002657258002363692
20216328796001677199001446297
20216429436003001505002685929
20216786379001918227001750601
20216788975002673424002378825
20216869436002917443002685929
20216931239003001505002685929
20217011451002589360002378823
20217012083003001505002685929
20217090815003001505002685929
20217258813001460476001243431
20217455368001268168001142114
20217679967003001505002685929
20217836728003099445002856294
20217863555003001505002685929
20217966451001672248001446329
20218220658003001505002685929
20218248862001352110001141994
20218299351001731381001497015
20218305556002002289001750601
20218710523001893928001649169
20218970533003001505002685929
20218972560003001505002685929
20219063157002759987002538540
20219100052003001505002685929
20219100125001271569001131466
20219100966003001505002685929
20219135794002673422002378823
20219274255001647440001497135
20219426489002002289001750601
20219427566001774187001537084
20219481587003001505002685929
20219482001003367325002983381
20219685115001376531001243548
20219685158001039947000928477
20219696834003001505002685929
20219756276002849820002577652
20219872861001701549001547780
20219915730003001505002685929
20220089151002002289001750601
20220259219001785563001547732
20220277993002002289001750601
20220418058002849931002577763
20220493866001297928001091276
20220701310003001505002685929
20221047010003001505002685929
20221185995002917443002685929
20221423799002509381002225270
20221428251002673422002378823
20221691262001484775001344863
20221691319001159685001040559
20221780842002917443002685929
20221953305002673422002378823
20222117683002002289001750601
20222149313001484775001344863
20222185719002654264002360890
20222273138002368051002171907
20222300003001593186001446346
20222399921002832673002527892
20222399956001401024001344983
20222420246001927452001680549
20222420467001593258001446418
20222429774001159685001040559
20222430233001213866001091276
20222435227002246908002058267
20222436118002416477002172025
20222489297002842607002615877
20222489718001568938001344965
20222713987001460473001243428
20222742138001918227001750601
20222742235002753402002532376
20222796432002002289001750601
20223082565001268050001141996
20223473459001484895001344983
20223522085002591401002302046
20223991018001484895001344983
20224055774003001505002685929
20224151013003001505002685929
20224185260001731381001497015
20224221941001568836001344863
20224323868001918227001750601
20224539666002002322001750634
20225283495003183507002856294
20225995320001677271001446369
20225996025001484895001344983
20225996998003066657002780632
20226178709001158100001103927
20226245619002002289001750601
20226245740002002289001750601
20226620134002919484002609152
20226773755003001505002685929
20226773895002837584002532496
20226877623001918227001750601
20227220261003001505002685929
20227633426001647440001497135
20227633434003001505002685929
20227633469002673422002378823
20227633752001893925001649166
20227671026001918227001750601
20227709066003001505002685929
20227709473001352110001141994
20227830159002509381002225270
20227830205001484895001344983
20228064638000897467000799395
20228388700001893925001649166
20228389057001201077001040559
20228445305003001505002685929
20228867676001568836001344863
20228970620001677199001446297
20228970736002002289001750601
20229078551001216655001015200
20229098331002673422002378823
20229099036001484775001344863
20229560132001677199001446297
20229693272001785563001547732
20229951360002919484002609152
20230209600002002289001750601
20230390895001918227001750601
20230401722002917443002685929
20230412740003001518002685942
20230421235001502338001446297
20230428388001051321000939124
20230483303001593174001446334
20230485195001701501001547732
20231352571002002289001750601
20231376098002673422002378823
20231376365003001505002685929
20231393820001731381001497015
20231546775001460593001243548
20231613243002919484002609152
20231614959001159685001040559
20231626248002837464002532376
20231722085002741447002476208
20232127873001593137001446297
20232821729003001505002685929
20232906031001623138001395700
20232946890001376411001243428
20232983354001430592001294145
20232983591001213866001091276
20233207137002345339002071717
20233216225002945246002588290
20233216454002591401002302046
20233351106001460473001243428
20233386775001503280001283498
20234101588001376531001243548
20234102673001927573001680670
20234181220001213866001091276
20234320441003001505002685929
20234961501002002289001750601
20234989767001159685001040559
20235554020002837464002532376
20235556635001213866001091276
20236001394003001505002685929
20236217613001893925001649166
20236217788003001505002685929
20236258573001677199001446297
20236359698001918227001750601
20236546358001297928001091276
20236554415001268050001141996
20236843530003001505002685929
20236876307001890704001750601
20236906796002673422002378823
20237190484001701621001547852
20237191693001352110001141994
20237206267001623018001395580
20237274378003001505002685929
20237400500002917443002685929
20237403569003001505002685929
20237406797001406292001192711
20237407173001376531001243548
20237407874003001505002685929
20237789092001045883000989842
20237856520001568836001344863
20237856709001484895001344983
20238007179001593137001446297
20238007594001376531001243548
20238008809002673422002378823
20238047901000219891000219891
20238093105001514654001294145
20238110204003001505002685929
20238286760003001505002685929
20238899185001268168001142114
20238995664001159685001040559
20239200266001701621001547852
20239211314001310854001182063
20239272984001352110001141994
20239347976001406292001192711
20239353364002002289001750601
20239353518001948107001699884
20239629920001568836001344863
20239732551001677199001446297
20239761535002416359002171907
20239766030002741567002476329
20239945571001460473001243428
20240033713001568836001344863
20240051347001268048001141994
20240055660001268048001141994
20240061466002685929002685929
20240121000001322230001192711
20240139503001268050001141996
20240630061003052873002780514
20240631785001533641001398208
20240682940001701501001547732
20240745020001918227001750601
20241476090003001505002685929
20241682448001701501001547732
20241898645001893925001649166
20242019068001460473001243428
20242019297001623018001395580
20242213840001297928001091276
20242335121001159685001040559
20242404409002843270002492840
20242404875002509381002225270
20242405057001352230001142114
20242607342001731381001497015
20242612931001352110001141994
20242799942001785565001547734
20243116520003001505002685929
20243116970002933872002577643
20243462224001268168001142114
20243691924001893925001649166
20243763186001268168001142114
20243763682002394133002117391
20243796629002849811002577643
20243831254001785563001547732
20244234756001918227001750601
20244293698003001505002685929
20244320970001893973001649214
20244445803001785646001547815
20244512144001024231000913766
20244843132001893925001649166
20245129042002002289001750601
20245129131001893930001649171
20245206349001785563001547732
20245783494001376411001243428
20245785098001376413001243430
20245786531001579494001439391
20246593303000915867000812331
20246678066003001505002685929
20246855944001268048001141994
20247026860003766174003356736
20247126466001268048001141994
20247128000001677199001446297
20247260014003001505002685929
20247328476003001505002685929
20247328530001352110001141994
20247328999001460593001243548
20247329979001514775001294266
20247469266001105504000989842
20247473689003880435003463686
20247570137001484775001344863
20247750690001701549001547780
20247940635002002289001750601
20248074931001299589001243548
20248131161002917443002685929
20248404141001677199001446297
20248992795001785594001547763
20249016994002717146002374774
20249489477001460473001243428
20249507300002741446002476208
20249508854001731501001497135
20249566889001677199001446297
20249569764001159685001040559
20249672700001677271001446369
20249676595001514654001294145
20249896668002919484002609152
20249896862002673542002378943
20249896951001430592001294145
20250040564002425439002225390
20250086076002591401002302046
20250200316002002289001750601
20250279710001243428001243428
20250360844002002289001750601
20250637056002673542002378943
20250637218001568956001344983
20250750375002002289001750601
20250959037001677199001446297
20250990031001731381001497015
20251081272001352110001141994
20251140694001352230001142114
20251248991001948107001699884
20251599506003001505002685929
20251631795001568836001344863
20251689483001460593001243548
20251723525002673542002378943
20251723568001568956001344983
20251723606001785563001547732
20251723703001785566001547735
20251723975001785563001547732
20251743321001677199001446297
20251820474001731381001497015
20251866326002002289001750601
20251866709002673542002378943
20251866946003008090002692093
20251909408002509381002225270
20252009192001948107001699884
20252080512003001505002685929
20252080709001677199001446297
20252176390001484895001344983
20252177206002168246001905955
20252177362000851892000800521
20252177427001135383000939124
20252177648003001505002685929
20252177915001460593001243548
20252255096003001625002686049
20252346954001105504000989842
20252708961002633084002374774
20252760475003001505002685929
20252816462001268048001141994
20252816756001460473001243428
20252909428001701549001547780
20252909533001918227001750601
20252909746002917490002685976
20253113627004038506003611651
20253333473002349660002157172
20253337711001593137001446297
20253488035001322230001192711
20253577410002591401002302046
20253577836001731383001497017
20253680734002837464002532376
20253828847002509381002225270
20254080986001514654001294145
20254081222001687835001547732
20254241009001430592001294145
20254383776001460593001243548
20254460703001484775001344863
20254465489003183507002856294
20254465632001677199001446297
20254705544001297928001091276
20255013816001484895001344983
20255016475001268168001142114
20255170180001484775001344863
20255174046001268168001142114
20255291239002509381002225270
20255357175001430713001294266
20255948904001376531001243548
20255961129001213866001091276
20256442281002673422002378823
20256444381001893925001649166
20256659221002168246001905955
20256680158001568838001344865
20256680530001484895001344983
20256680735002673422002378823
20256799546001864148001699986
20256933803004282600003918829
20257000819001484895001344983
20257095240001268052001141998
20257096654001268168001142114
20257099777001376531001243548
20257300898001677320001446418
20257301746003902255003484109
20257417760001701501001547732
20258186959001514654001294145
20258285361001568856001344883
20258364016001485086001344983
20258596367002345339002071717
20258609086002509381002225270
20258807082001785563001547732
20258808070001568919001344946
20259122393001677199001446297
20259260044002837464002532376
20259260087001045883000989842
20259261075001623018001395580
20259646058001105504000989842
20259646198002755442002455599
20259646368001322230001192711
20259723907001785563001547732
20259867216001593258001446418
20260138872001406292001192711
20260401352001213866001091276
20260402421001918227001750601
20260599683001568836001344863
20260785673001352110001141994
20260786076001568836001344863
20260786416001785563001547732
20260786637002584483002171907
20260814312001460473001243428
20260814401001514654001294145
20260976355002919484002609152
20260976991001677199001446297
20260990048001159685001040559
20260991958001430713001294266
20261089190001484895001344983
20261253764002591401002302046
20261376394001893925001649166
20261435080001514654001294145
20261547636001256673001131346
20261589681003234660002780512
20261619971000997140000888407
20261895715002673422002378823
20261896916001785565001547734
20262094783002002289001750601
20262105157001243747001040559
20262105645001376411001243428
20262525490001376411001243428
20262527957001484895001344983
20262622739002002289001750601
20262622992001785563001547732
20262765041003001505002685929
20262793177001731381001497015
20262917917001677199001446297
20263290187001243747001040559
20263468628001677199001446297
20263469306001701501001547732
20263819986002509381002225270
20263857241001460593001243548
20263948514002837464002532376
20263948565001809984001649287
20263967152001352110001141994
20263968884002427360002148494
20264109796001785565001547734
20264109842001677199001446297
20264280541001526386001470345
20264386390002837464002532376
20264386420001376411001243428
20264392595001637118001497015
20264489459001514654001294145
20264489572001647320001497015
20264489742002002289001750601
20264497230001798489001638519
20265029117001785563001547732
20265029230002509381002225270
20265029311001568836001344863
20265300147002591401002302046
20265648933002345339002071717
20265976892001677199001446297
20266361034001460473001243428
20266467959001340735001131346
20266472561003001505002685929
20266553952001677199001446297
20266558520003066536002780512
20266912758002917443002685929
20266951192001785563001547732
20267242624001948107001699884
20267293393002002289001750601
20267636347004450603003918709
20267702099001352110001141994
20267702226001948107001699884
20267810207001213866001091276
20267954055001460475001243430
20267991821002835422002609152
20267991937003259082002882067
20268376209001159685001040559
20268522639001588154001446297
20268559044002832673002527892
20268559559001731381001497015
20268559575001948107001699884
20268905473001147317001091276
20269553651001105504000989842
20269641100002673422002378823
20269931230002591401002302046
20270101055001213866001091276
20270214100004146397003791336
20270375295001243747001040559
20270475699001568836001344863
20270479228002509381002225270
20271691107002673422002378823
20271691832002002289001750601
20272159735003018017002577726
20272216755001484775001344863
20272932388003001505002685929
20273010220001460593001243548
20273359835002427733002182553
20273909703002608782002273339
20273911007000995165000939124
20273924389001297928001091276
20273924680000997140000888407
20273931431001051321000939124
20273967266001376531001243548
20274154145001268048001141994
20274484889001785683001547852
20274956594001731381001497015
20275066754001376531001243548
20275220850001460476001243431
20275422003001460473001243428
20275819302001243747001040559
20276080599001159685001040559
20276086856001785563001547732
20276100468001352110001141994
20276103114001785563001547732
20276155084000997140000888407
20276512375001297928001091276
20276626974002608784002273341
20276737776002673422002378823
20276791134001243747001040559
20277491878001297928001091276
20277530474001623018001395580
20277584132001677320001446418
20278404383001268048001141994
20278529348002673422002378823
20278682014001785565001547734
20278720943001352110001141994
20279039190001785563001547732
20279039263001568956001344983
20279058241001568836001344863
20279069545001180662001040559
20279078811001623018001395580
20279087810001460473001243428
20279174306001785683001547852
20279363850001785563001547732
20279646291001623018001395580
20279804962003001505002685929
20280387186001460473001243428
20280489949001045883000989842
20281251946001460473001243428
20281252101001514654001294145
20281392841001213866001091276
20281436326001365036001232780
20281437551002416357002171905
20281437853000997140000888407
20281763483001213866001091276
20282118050003066536002780512
20282463491002416357002171905
20283548784001460473001243428
20283671861002673422002378823
20283766579001460473001243428
20283914640001297928001091276
20284006543002837464002532376
20284051263001677199001446297
20284587570002633084002374774
20284686420001731473001497107
20284758626001514654001294145
20284803672001452260001398087
20285306451001623018001395580
20285357439003001505002685929
20285357870003001505002685929
20285357986001460473001243428
20285771537001677199001446297
20285874875001568836001344863
20285949662001785563001547732
20285950334002591401002302046
20285951772001731381001497015
20286378383002345339002071717
20286444424001406292001192711
20286748148001322230001192711
20287156031000972839000786973
20287241810001105504000989842
20287247606001568956001344983
20287369981001406292001192711
20287543531001213866001091276
20287544120001731381001497015
20287985461002849810002577643
20288709662001135383000939124
20288780790001268048001141994
20289008900001105504000989842
20289177885001268168001142114
20289189387001406292001192711
20289189506001213866001091276
20289189743001213866001091276
20290061912001256673001131346
20290125759001731381001497015
20290512973001677199001446297
20290525757001213866001091276
20290688184002509381002225270
20291448411002345342002071720
20291499725001268048001141994
20291499849001514654001294145
20291675817001081202000888407
20291779353001460473001243428
20292312971001785563001547732
20292374497001785563001547732
20292389818001514654001294145
20292851813001677199001446297
20292899042001460473001243428
20293422886001243747001040559
20293842877001352110001141994
20293844373001460473001243428
20293968536001297928001091276
20294094831002591401002302046
20294485474001484775001344863
20294516094002509381002225270
20295341190001310854001182063
20296036227001785563001547732
20297168437001268048001141994
20297293398002367756001969036
20297788710001213987001091397
20297821882001322230001192711
20297873203001213866001091276
20298109590001297928001091276
20298142156001352112001141996
20298143004001430592001294145
20298149428001623018001395580
20298447712001731381001497015
20298801710001918227001750601
20299179754001785565001547734
20299308384001593137001446297
20299308570001352230001142114
20300883665001406292001192711
20301070358001243747001040559
20301070641001568836001344863
20301478691001538956001395580
20301772689001623018001395580
20302080780001140592001091276
20303181416001297928001091276
20303182404001430592001294145
20303198106001352110001141994
20303423762001568836001344863
20303553879001159685001040559
20303726269001243747001040559
20303728105001460473001243428
20303973819001352110001141994
20304406616001268048001141994
20305777111001322230001192711
20305777553001297928001091276
20305778312001268048001141994
20305778584001677199001446297
20305901459001677199001446297
20306063678002509381002225270
20306846532001096600001040559
20307702100001268048001141994
20307729076001352110001141994
20308329330001623018001395580
20308726925001229582001105987
20308811507002509501002225390
20309737874001268048001141994
20311206940001189565000989842
20311578112001731381001497015
20311689054001514654001294145
20312138302001893925001649166
20312486262001677199001446297
20312500273001568836001344863
20312967902002199632001969036
20313367127001593137001446297
20313588980001731381001497015
20314745184002509381002225270
20314907796002263319001994941
20315067171001677199001446297
20315098468001105504000989842
20315798109001460473001243428
20315989559001243747001040559
20316212922001159685001040559
20318376639001105504000989842
20319065181001322230001192711
20319065378001189565000989842
20319726838001771194001534282
20319769146001514654001294145
20319769766001352110001141994
20319909282001352110001141994
20319911341002509381002225270
20320608903001159685001040559
20321320369001406292001192711
20322072156002391757002070190
20322772778001731381001497015
20323648337001352110001141994
20324160214001352110001141994
20325061481001297928001091276
20325066483001677199001446297
20325068087001189565000989842
20325068346001731381001497015
20325089815001677199001446297
20325240319001135383000939124
20325399806001623018001395580
20326057232001243747001040559
20326639215001785683001547852
20326639401001623018001395580
20326639703001568836001344863
20326640396002427360002148494
20326641007001701501001547732
20326827704001105504000989842
20327130774001568836001344863
20327997123001677199001446297
20330621118002345339002071717
20330621363002002289001750601
20330622890002056225001879776
20330633507001243747001040559
20330886995002249241001969035
20330997282002099277001841388
20331370070002199632001969036
20331421791001079227000939124
20331804763001568836001344863
20332077016001189565000989842
20332077261001434248001294145
20332077601002427360002148494
20332077644001352110001141994
20332079930001623018001395580
20332103394001514654001294145
20333518342001677199001446297
20333850487001484775001344863
20333857252000944448000888407
20334516130001623018001395580
20334516688001135383000939124
20334516807000997140000888407
20334535054001243747001040559
20335498209001243747001040559
20336219141001568836001344863
20336221146001105504000989842
20336258333001135383000939124
20336258619001406292001192711
20336350698001135383000939124
20336381941000934907000799474
20336383596001514654001294145
20336394059001677199001446297
20336477019001677199001446297
20336477396001568836001344863
20337754350001322230001192711
20338872020002673505002378906
20338873701001568836001344863
20338888016001568836001344863
20338888318002345339002071717
20338888946001213866001091276
20339586048001623018001395580
20339586455001568836001344863
20339586463001568836001344863
20339950661001243747001040559
20340097514001268048001141994
20341033749001297928001091276
20341054304001352110001141994
20341689164001243747001040559
20341721262001538956001395580
20342417443001568836001344863
20343145773001159685001040559
20344098507001051321000939124
20346939282001406292001192711
20347888061001297928001091276
20348788486000963209000907168
20349190282001243747001040559
20349197155001373609001283498
20349252237000997140000888407
20349256127000995165000939124
20349256909000961464000776325
20349266890001069826000877759
20350525565002476118002070470
20350538055001297928001091276
20350539671001568836001344863
20351777851001213866001091276
20352148939001189565000989842
20352518701001243747001040559
20352865169001135383000939124
20353763378001135383000939124
20357382549001051321000939124
20357387311001051321000939124
20357392560001243747001040559
20357395063002367755001969036
20357395640002283692001969035
20357395810001568836001344863
20357397961002345339002071717
20357402418001135383000939124
20357407819001568836001344863
20357453721002427360002148494
20357465053002263319001994941
20357466777002591401002302046
20358427082001135383000939124
20358429263001081202000888407
20358453393001568836001344863
20358456597001282097001141994
20358457550001051321000939124
20358457984001568836001344863
20359137088001268048001141994
20359137142001135383000939124
20359174005001105504000989842
20361366310001893925001649166
20361751486001051321000939124
20362283796001352110001141994
20365168904001297928001091276
20365173142001352110001141994
20365178764001081202000888407
20365190098001216655001015200
20365908142000997140000888407
20366382268001135383000939124
20366398180001081202000888407
20366398687001081202000888407
20366404482000995165000939124
20366404563001243747001040559
20366404709001243747001040559
20366416332000997140000888407
20366418092002345339002071717
20366418289001135383000939124
20366422170001433382001218069
20367135493001514654001294145
20371313088001081202000888407
20374419103001593137001446297
20374441419001079227000939124
20375422213001568836001344863
20376533485001484494001349061
20377022921001514654001294145
20379554785001028510000888407
20380529670001406292001192711
20381128777000972839000786973
20381130984001568836001344863
20381141811001958604001664732
20381142311001189565000989842
20383679878001514654001294145
20383689423002140287001879776
20385591528001081202000888407
20386419605001081202000888407
20386419893001178190000979194
20394492362000915867000812331
23123871499001268048001141994
23125020844001376531001243548
23140789704002665474002532376
23144126459001785563001547732
23146370209001484775001344863
23148287694001785563001547732
23160077689001977240001750721
23164277259001785563001547732
23164477274002717146002374774
23165913264001485086001344983
23166579104001918227001750601
23166597994001785565001547734
23167337414002591401002302046
23168580584001376411001243428
23168847769003001505002685929
23169346569003001505002685929
23170665864001677199001446297
23175638369002002289001750601
23176557974001170014001029911
23176872489003953445003532025
23177279854001105504000989842
23177698679001893925001649166
23178898299003001505002685929
23179108569003001505002685929
23179109344001406292001192711
23179109689002002409001750721
23180384189001918227001750601
23180404074001268050001141996
23181600829002570202002360890
23181905549001593137001446297
23182145564002844049002538540
23182501204003004797002892715
23182905364001484846001344934
23183721224001268168001142114
23184513994002239752002058387
23184687984003331680002871330
23185150089003001505002685929
23185162974001890704001750601
23185184854002331074002058371
23185754774001568907001344934
23187343194003193405002820582
23201525489003001505002685929
23201528879002181299001918166
23201530024001731381001497015
23201555809003001505002685929
23201577934001297928001091276
23202606954001593156001446316
23202674704001268048001141994
23202675794001094128000979194
23203074484001484775001344863
23203270984002849931002577763
23203536364001484806001344894
23203938934001297928001091276
23204035164002673422002378823
23204226474001948107001699884
23204602549003001505002685929
23205008144001189565000989842
23205194134001484895001344983
23205194754003611944003291047
23205357254001677231001446329
23205639764004238420003798780
23205642544003367446002983502
23206501294002247028002058387
23206642394001268048001141994
23206728264003001536002685960
23206728884001352110001141994
23207327654001243548001243548
23207395234002002289001750601
23208058444001352230001142114
23208981374002464479002183239
23209000024002031648001867601
23209003244002481137002232550
23209006324001181903001142114
23209167344001568836001344863
23209603624003150719002780632
23211210354002580896002378837
23211804319001785563001547732
23211814179002917443002685929
23213394924001322230001192711
23213395394001150715001150715
23213396714001484895001344983
23213399659001484895001344983
23213406604001593258001446418
23213407864001376531001243548
23213409344002425319002225270
23213411594002573243002363739
23213422324001268048001141994
23213453114002934184002577763
23215972194003001505002685929
23216310454002849931002577763
23216311574001484895001344983
23216311809002917443002685929
23216312244001484895001344983
23216319214001268168001142114
23216426444004366541003918709
23216427033001484775001344863
23217257719001568838001344865
23217488974001484895001344983
23217500044002570322002361010
23217917034002933993002577763
23217919894001297928001091276
23217996724002002289001750601
23218401414001332098001115780
23219101414001189685000989962
23219101449001774187001537084
23219319584003001505002685929
23219684304002570305002360993
23219756364002917443002685929
23220258424001352230001142114
23220320804001376411001243428
23220893154001785565001547734
23221192974003001505002685929
23221770714001243747001040559
23221870484002673422002378823
23221910184002849811002577643
23222421764002673422002378823
23222433304001785563001547732
23222435099003001505002685929
23222997844001677320001446418
23223314864003001505002685929
23223364284002832673002527892
23223576494002958294002679198
23223932614002002289001750601
23224050054001484895001344983
23224055994002849931002577763
23224151314001677202001446300
23224151454001568956001344983
23224287364001198035001141994
23224400934002570202002360890
23224401094001484895001344983
23224450214002570322002361010
23224851804001310854001182063
23225283214002151028001766166
23225561419002673422002378823
23225721394001366719001310678
23226113924001568836001344863
23226171789003001505002685929
23226183264001268048001141994
23226426124001484895001344983
23226681779003001505002685929
23226698671002002289001750601
23226811044003958598003458170
23226813144001045883000989842
23226917764001514775001294266
23227053119003001505002685929
23227221534002849931002577763
23227224169001352110001141994
23227225874003451387002983381
23227470194002849931002577763
23227671114001460473001243428
23227671424004366541003918709
23228200824001514654001294145
23228323144001268086001142032
23228566284001189565000989842
23228641014002247028002058387
23229099914001189565000989842
23229159674001376411001243428
23229761439003001505002685929
23230034214001785563001547732
23230350264001401024001344983
23230414874002633204002374894
23230429219001352110001141994
23230511799002917443002685929
23231180834001593185001446345
23231580794001105504000989842
23231640304003001505002685929
23232139404001785563001547732
23232742534001484775001344863
23232984864001568836001344863
23233207209002570202002360890
23233739154001484895001344983
23234111469001376411001243428
23234868454001581762001435649
23234984659001484775001344863
23235297949002307995002070471
23235773384002837464002532376
23235773414001785565001547734
23235840774001159685001040559
23236151964002509381002225270
23236305244001376411001243428
23237406389003001505002685929
23238081734002849931002577763
23238082854002017256001764611
23238269504003258961002881946
23238523214001051321000939124
23238866804001365036001232780
23238869064001484775001344863
23239767869002917443002685929
23239818633002392056002070470
23240102129003183507002856294
23240139944001198035001141994
23240639459004884056004324448
23240646994001352230001142114
23240683334001484775001344863
23240879719001430738001290635
23240901684002825629002476329
23241058514001213866001091276
23241331644003001505002685929
23241584194001568836001344863
23241682145001282097001141994
23241898059003183507002856294
23241898229001460473001243428
23241980944001539076001395700
23242776534001376531001243548
23243467349002509381002225270
23243774179001677199001446297
23243987849001677199001446297
23244503659001593258001446418
23244660274003800778003389120
23244660444001568956001344983
23245786964001268048001141994
23246963584001484895001344983
23247333754004667329004121578
23247669094001484775001344863
23247669779001785563001547732
23248390484001918227001750601
23248402644001198155001142114
23248404604002741567002476329
23248599014001484895001344983
23248834854003066584002780560
23249444294000888777000786973
23249557064001322230001192711
23250086814002773787002577643
23250279469003183507002856294
23250750544001785563001547732
23251168814001376411001243428
23251597669001198155001142114
23251683794001297928001091276
23251688664004113681003760705
23251847843001189565000989842
23251848009001593258001446418
23252079459001568956001344983
23252141154001430641001294194
23252176144001514775001294266
23252437754002917443002685929
23252437789003001505002685929
23252708944002705027002442123
23252817689001243747001040559
23252817794001484895001344983
23252817824002909691002476329
23253338024001198035001141994
23254704504001460593001243548
23255200704002416477002172025
23255206184001557461001334215
23255842994003042235002679077
23257366804002633204002374894
23257619109002509381002225270
23257685934003800778003389120
23257801934001484820001344908
23258109384002673422002378823
23258878639001893925001649166
23259467314001051321000939124
23260038974001677231001446329
23260230484001268048001141994
23260286234001268168001142114
23260340964000961464000776325
23260402994001105504000989842
23260785834002741567002476329
23261255804001623138001395700
23261558254001297928001091276
23261635054001159685001040559
23261896354001593137001446297
23262308944001893925001649166
23262413594001159685001040559
23262525244001677199001446297
23263418824001165251001040559
23263545494003258961002881946
23263690109002002289001750601
23263857984001593258001446418
23263968654001268050001141996
23264035384002524840002273459
23264109124001268120001142066
23264109744001350186001294145
23264243084001460593001243548
23264386764001514654001294145
23264489334001731381001497015
23264594189001484895001344983
23264599784002131008001871090
23265540694001268050001141996
23266294204001194232001142114
23266361254001297928001091276
23266609299001701501001547732
23266951744002190631002005588
23266959079001785563001547732
23267071004002509381002225270
23267074534001268048001141994
23267293414001538956001395580
23267296324002849931002577763
23267744904001105504000989842
23267991839001296492001256142
23268135944001623018001395580
23268413634002500420002171905
23268762469001351427001243548
23269533404001893925001649166
23269553804001376411001243428
23269640774002330970002058267
23270224474001894046001649287
23270377424001376413001243430
23270378234001484895001344983
23270604374001376531001243548
23270642144001484775001344863
23270754554001051321000939124
23271189109001243747001040559
23272342814001352110001141994
23272972079001785565001547734
23273540644001268048001141994
23273901124001568836001344863
23273912444002307994002070470
23273913114001213866001091276
23273931619001213866001091276
23274150084001322230001192711
23274359609001935235001687835
23274855304001227457001192711
23275028614001484966001344863
23277491559001105504000989842
23277708884001568882001344909
23277938944001460473001243428
23278524094001460473001243428
23278528774001376411001243428
23279057554001484775001344863
23279060334000997260000888527
23279078209001731381001497015
23279091124002416477002172025
23280559814001568836001344863
23281252224001268048001141994
23282456184001243747001040559
23282457334001568956001344983
23282460734001406292001192711
23282464764001376411001243428
23282477874002425319002225270
23282479214001268048001141994
23283064379002500419002171904
23283191664001514654001294145
23284758544001677199001446297
23284972554001081202000888407
23285048834001243747001040559
23285307074001623018001395580
23285307554001731381001497015
23285464684002261277002071717
23285952654001677199001446297
23287547579001460473001243428
23288708134001148309001029911
23289189874001623018001395580
23290376254001212007001141994
23290689503001105504000989842
23291034179001243747001040559
23292363974001406292001192711
23292694814001593137001446297
23293263914001785565001547734
23293844844001213866001091276
23294439544001731381001497015
23294517529001460473001243428
23295072504001514654001294145
23295566264001322230001192711
23296036234002588290002476208
23296131814001105504000989842
23296654744001568836001344863
23298109484002591401002302046
23299182339001593137001446297
23300210694001677199001446297
23300881564001159685001040559
23301750374001430592001294145
23301900899001677199001446297
23302063559001243747001040559
23302083509001159685001040559
23302413444001159685001040559
23303032584002608902002273459
23303180834001352110001141994
23303181113001586400001446297
23303181334001332814001192711
23303424504001243747001040559
23304430184001105504000989842
23305385034001460473001243428
23305778559001434248001294145
23305778834001701501001547732
23305829544001105504000989842
23305900559001677199001446297
23305901504001268048001141994
23305906034001785563001547732
23306411624001297928001091276
23306950304001406292001192711
23307169789001135383000939124
23307730634001352110001141994
23307747774001449098001232780
23308726789001568836001344863
23310815284001243747001040559
23310883514002144834001969036
23311905104001135383000939124
23312500434001568836001344863
23312787164001243747001040559
23312914514001159685001040559
23313053164001268048001141994
23313878074002307994002070470
23313919579001297928001091276
23314145194001677199001446297
23314176634001159685001040559
23314672844001105504000989842
23314813324001105504000989842
23314889134001623018001395580
23315261384002345339002071717
23316211399001159685001040559
23319023984001189565000989842
23319065474001297928001091276
23319071954001568836001344863
23319768904001297928001091276
23319769404001105504000989842
23319769544001406292001192711
23320540534001189565000989842
23320549884001460473001243428
23320607604001105504000989842
23320824184001376411001243428
23320934184002427360002148494
23322210604001297928001091276
23322831714001039947000928477
23323079234001538956001395580
23324161414001297928001091276
23324162844001352110001141994
23324373284001051321000939124
23325241314001623018001395580
23325241799001286553001080628
23325241934001028510000888407
23326121304001352110001141994
23326610984001243747001040559
23326639974001568836001344863
23326640964001593240001446400
23326887404001051321000939124
23327743414000853100000674890
23329804844001105504000989842
23330617314002509381002225270
23330620854001677199001446297
23330656204001376411001243428
23330994444001352110001141994
23331366064000915867000812331
23331368024001514654001294145
23331372404003001505002685929
23331373753001213866001091276
23331420484001538956001395580
23331420654001623018001395580
23331420794001568836001344863
23331804924002476118002070470
23332351524001460473001243428
23332889869002345339002071717
23333327694002175330001867601
23334136914001623018001395580
23335990854001568836001344863
23336348579001135383000939124
23336477654001593137001446297
23336622204001677199001446297
23336711819001051321000939124
23336712904001081202000888407
23336933234001051321000939124
23338885199001231379001091276
23339273804001430592001294145
23339566054001982904001766166
23339584133002427360002148494
23339586144001352110001141994
23341054044001514654001294145
23341691974001105504000989842
23341834864001135383000939124
23341995914001568836001344863
23342416764001243747001040559
23342418104000985765000877759
23346386304001394916001182063
23348639714001568836001344863
23349184974001081202000888407
23349190214001406292001192711
23349814544001051321000939124
23349815494001051321000939124
23350525394000997140000888407
23351994894001677199001446297
23354765284001105504000989842
23357375614002345339002071717
23357445124001243747001040559
23358427774001514654001294145
23358459994001568836001344863
23361336054001430592001294145
23364536534002263319001994941
23365173834001514654001294145
23365223319001135383000939124
23365601119001352110001141994
23366411313001189565000989842
23371035664001514654001294145
23371392114001568836001344863
23371650164001159685001040559
23373131539001286553001080628
23376515974001135383000939124
23381132994001514654001294145
23381137414001135383000939124
23386434654001081202000888407
23387366024001514654001294145
23402861894000944448000888407
23402861924001243747001040559
23426988054000997140000888407
24184513893002991876002685929
24213429635001400904001344863
24213450766001593240001446400
24219135838001484775001344863
24219687962002633204002374894
24221428842001268168001142114
24221694127003001505002685929
24222742494003183507002856294
24240108867001948111001699888
24241476606002633204002374894
24251597053003451386002983381
24255168890001268168001142114
24255169706001376411001243428
24255174033001268050001141996
24256657534001268168001142114
24259131657002307994002070470
24259930630001484895001344983
24260786403001352110001141994
24260992224001297928001091276
24263259501002825508002476208
24265589584001539076001395700
24267411766001268168001142114
24267748965001256673001131346
24273967067001701621001547852
24277491962001406292001192711
24288128991001268048001141994
24295466347001568838001344865
24298370871001623018001395580
24303181888001243747001040559
24310815094001243747001040559
24315964713001213866001091276
24326640057001677199001446297
24329730375000995165000939124
24357400771001933194001764611
24357453085001189565000989842
24358452104001051321000939124
24362286804002091268001867601
24384852404001434248001294145
27116548475001365036001232780
27118338729001484895001344983
27120176884002741567002476329
27121940413002917443002685929
27125316145001677199001446297
27127690109001484775001344863
27128664888001383531001243428
27128998069001484895001344983
27130018381001198037001141996
27135110855001376531001243548
27135113722001198035001141994
27135119011001268050001141996
27135119232002380417002183239
27136032505002084064001905835
27136033145001268168001142114
27136672822003001505002685929
27137027963001460473001243428
27137753133002849931002577763
27137847294001460593001243548
27139129291003612064003291167
27139594237001365157001232901
27140472714002843194002577764
27142116885001268048001141994
27142721207001159685001040559
27142728376001484895001344983
27142728805001268048001141994
27142729194001406292001192711
27143982748001701621001547852
27144124540001668563001430732
27144231916001406292001192711
27145149695001352230001142114
27145149717001568956001344983
27145149733001514775001294266
27145463632001268048001141994
27145465279003042356002679198
27145992244001159685001040559
27145993291001785563001547732
27146481227001159685001040559
27146980630001568836001344863
27147403769003042355002679198
27147489205002002289001750601
27147591115001568956001344983
27147627306001948227001700004
27149866928002476118002070470
27160027679003001505002685929
27160173861002002289001750601
27160174531001430713001294266
27160987133001731381001497015
27161074735001484895001344983
27161185650001502459001446418
27161943857001593258001446418
27161944632001352110001141994
27163095845001430713001294266
27163104151001297928001091276
27163106502001430713001294266
27163106987001268168001142114
27163107428001268168001142114
27163302670001268048001141994
27163302824001623018001395580
27163399801002416477002172025
27163941290001268168001142114
27164170220002673424002378825
27164178701001213866001091276
27164395419001460593001243548
27165385131001637118001497015
27165385794001297928001091276
27165659002002673422002378823
27166410938001568836001344863
27166627430001568956001344983
27166676024001460473001243428
27167355353001367775001227863
27167712482001593258001446418
27167714671001484895001344983
27167716070002741567002476329
27167720868002002289001750601
27167823675001268050001141996
27168021920001484775001344863
27168026841001213866001091276
27168050408001484775001344863
27168052095001213866001091276
27168053393001105504000989842
27168848388003001505002685929
27170197076001449218001232901
27170284785002673542002378943
27170338192002589360002378823
27170585262001213866001091276
27171228439002837464002532376
27171242008001893925001649166
27171397761001213866001091276
27171649809002928838002651617
27171693174002849837002577669
27171694855001105504000989842
27171839322001159685001040559
27172151286001268048001141994
27172366711001778622001750601
27172599074002584298002444195
27173225488001948107001699884
27173616460001593137001446297
27173676455001460473001243428
27174140176001268048001141994
27174984323001213866001091276
27174991818002509381002225270
27175140048003150719002780632
27175639077001268048001141994
27175749735002825508002476208
27176121748001376411001243428
27176581773001406292001192711
27176633862001948109001699886
27176753531001701621001547852
27176753949003584077003186276
27176754260001268168001142114
27176769594001268104001142050
27177158971002570202002360890
27177180713001701501001547732
27177184441001159685001040559
27177204183001484895001344983
27177247001004450603003918709
27177659164001677199001446297
27177792190001780319001547852
27177792425001460473001243428
27177829779001593137001446297
27177829906002919604002609272
27178167990001039947000928477
27178402485002199632001969036
27178890544001677199001446297
27178909709001268168001142114
27179109668001484895001344983
27179109803001243747001040559
27179121420001785563001547732
27179526323001593258001446418
27179614907003001505002685929
27179668306001918227001750601
27179669817001484895001344983
27179698205002570322002361010
27179716688001159685001040559
27179736824001297928001091276
27179736972002570306002360994
27179770267001213866001091276
27180149711001406292001192711
27180372844001484877001344965
27180405467001460475001243430
27180625777001484968001344865
27180899699003829871003495040
27180900190001484895001344983
27180904439003066657002780633
27180905702002456714002374894
27180907225003183507002856294
27180908299001350307001294266
27181013678001268048001141994
27181013740001378536001344911
27181023452003001505002685929
27181024327003042356002679198
27181024351001677320001446418
27181024378002605666002577645
27181024904001268168001142114
27181024971002570202002360890
27181176402002837464002532376
27181176488002263319001994941
27181194494002753402002532376
27181194796001460473001243428
27181213146001484895001344983
27181318134001593137001446297
27181320759001376411001243428
27181548423001352110001141994
27181548717002849931002577763
27181555764002222483002035411
27181556132001190189001141994
27181570895002380537002183359
27181572405001677202001446300
27181574874002570202002360890
27181816029001159685001040559
27181830498001484775001344863
27181838383003391729003084919
27181849555001268168001142114
27182119666001701501001547732
27182171374003612064003291167
27182222467001383631001243528
27182528914001785563001547732
27182540892001687835001547732
27182546467002832673002527892
27182597150002570250002360938
27182597185001785563001547732
27182598130002759987002538540
27182599331001322230001192711
27182599528002668699002476211
27182600011002570304002360992
27182621728002825629002476329
27182905203001677284001446382
27183004501001198044001142003
27183016372001484775001344863
27183079196001484775001344863
27183079234001268168001142114
27183186782001159685001040559
27183187940001401024001344983
27183397554001268048001141994
27183655383001484895001344983
27183725489003001505002685929
27183768188001433382001218069
27183796068002002289001750601
27184003851003283383002983501
27184051589001593258001446418
27184060669002524720002273339
27184073493002849931002577763
27184091556001484775001344863
27184099549002657277002363711
27184151451002926668002615877
27184161147003001505002685929
27184262318001593258001446418
27184297936002917443002685929
27184318526002673422002378823
27184339701001593185001446345
27184352295003001625002686049
27184513817002849931002577763
27184513884001484877001344965
27184517251003612066003291168
27184519394003001505002685929
27184528474001484895001344983
27184528482001401024001344983
27184716548001593240001446400
27184733353001213866001091276
27184736751003126297002679078
27184783202002570202002360890
27184785140001400951001344910
27184795294004255184003814472
27184809201001268050001141996
27184947337002928959002651738
27184947493001484895001344983
27184947752004359193004163049
27184947876003066537002780512
27184951644001268168001142114
27185005483001406292001192711
27185056525001593258001446418
27185062096002917443002685929
27185062118001213866001091276
27185062584004366541003918709
27185147024001996165001750601
27185147032001430592001294145
27185147059002673422002378823
27185162740001484877001344965
27185162945002933872002577643
27185198346001484895001344983
27185209488002493814002210699
27185209496003449148003138663
27185326271003001505002685929
27185334843001484775001344863
27185373342002640335002426544
27185373474003275247003247226
27185420758001484895001344983
27185426209001376531001243548
27185437375001484895001344983
27185443308002633204002374894
27185509279003001505002685929
27185509619003874417003458050
27185511087002673422002378823
27185607084001484895001344983
27185642246003001505002685929
27185701854001484822001344910
27185753412001731501001497135
27185787651004282481003918711
27185792736001352230001142114
27185830298001785563001547732
27185844884002450511002248855
27185847220001376413001243430
27185910038001198155001142114
27185934948001401024001344983
27185935359003001505002685929
27186015687003001505002685929
27186036994002765940002577643
27186069566001268050001141996
27186113778002561791002360890
27186118842002570304002360992
27186140023001677202001446300
27186143731002849811002577643
27186163295001159685001040559
27186178098002570322002361010
27186194689002849931002577763
27186286362001677199001446297
27186422673002247011002058370
27186422886001376411001243428
27186485667003720410003392585
27186504610002380417002183239
27186681504003001505002685929
27186681539001918227001750601
27186686239004350197003903418
27186735000001051321000939124
27186899119002759987002538540
27186901199001268168001142114
27187114875001502338001446297
27187237373001593240001446400
27187883518001376411001243428
27187913336002673422002378823
27189084736001568836001344863
27200568139001785611001547780
27200620890001105504000989842
27201288016003001505002685929
27201423371001484877001344965
27201511068002766042002577745
27201512250001484822001344910
27201513400001268048001141994
27201514504002570202002360890
27201515055002759987002538540
27201515179001256952001256952
27201516337001400951001344910
27201517325001593137001446297
27201517600003001505002685929
27201518674001480172001344863
27201518690001484895001344983
27201521586002832673002527892
27201522310002553683002266740
27201523031001460593001243548
27201523201002476118002070470
27201523627003535729003291047
27201523678001568867001344894
27201523848003696126003291167
27201524135003280110002983501
27201524577001360958001232885
27201524682002729703002374894
27201526537003011405002983384
27201526960002928845002651624
27201530127001484850001344938
27201530224003611955003291057
27201533290001484775001344863
27201536540003001505002685929
27201536699003001505002685929
27201537946001105504000989842
27201539280003183507002856294
27201539299001460473001243428
27201539477002656564002463214
27201543709002849931002577763
27201543741003001505002685929
27201546244003001505002685929
27201546945002750958002538588
27201548352001623018001395580
27201548891002425319002225270
27201551256001213866001091276
27201551450003033190002679198
27201552481001484895001344983
27201552988001677199001446297
27201555138004198915003918709
27201555170002712923002374774
27201556347001593137001446297
27201559729002561791002360890
27201560425002849813002577645
27201561952002002289001750601
27201564382001882551001638519
27201565206001893925001649166
27201567314003001505002685929
27201572237001430592001294145
27201572474001268048001141994
27201572547003001505002685929
27201573063002425319002225270
27201573691001376511001243528
27201574329003974750003918709
27201575775001918227001750601
27201577115003001505002685929
27201579002001189565000989842
27201583468001785683001547852
27201585177001484846001344934
27201585185002002289001750601
27201587153002002289001750601
27201588370002002289001750601
27201601571001484895001344983
27201627856003001505002685929
27202204126002397779002199491
27202262819002266860002210819
27202464551003800778003389120
27202464578002844049002538540
27202464926001514654001294145
27202465302001918227001750601
27202605082001785563001547732
27202606380001677199001446297
27202606577002668817002476329
27202606755001918227001750601
27202671700002570202002360890
27202673223001593240001446400
27202675188002949773002716191
27202675943001677202001446300
27203008460002741450002476211
27203010007001264326001142114
27203070387001484895001344983
27203070867001484775001344863
27203072665001376411001243428
27203074188002416357002171905
27203074404003001505002685929
27203074609002633804002577763
27203077152002657258002363692
27203077314001352230001142114
27203077322002570249002360937
27203077357002416359002171907
27203078248001890704001750601
27203089576002849931002577763
27203141039002573196002363692
27203270289003001505002685929
27203270300002917443002685929
27203271072002933993002577763
27203271781001484895001344983
27203271870001668563001430732
27203337529002002289001750601
27203337766002933872002577643
27203337847001400904001344863
27203337944004282479003918709
27203344495003001505002685929
27203347257003001505002685929
27203429946001593258001446418
27203536041002673422002378823
27203536521003001505002685929
27203536750001484895001344983
27203564363002849811002577643
27203930831001484775001344863
27204324110001568956001344983
27204324900002409752002210699
27204344162001180662001040559
27204480317002416357002171905
27204480368003001505002685929
27204602978001268048001141994
27204652428000796130000700249
27204792211002741567002476329
27204792238001484895001344983
27204793250001268048001141994
27204793374002570202002360890
27204793714001785565001547734
27204793919001484775001344863
27204858573001484895001344983
27204866010003001505002685929
27204866746002181297001918164
27204951093002476118002070470
27204951190002933992002577763
27204967240001568836001344863
27205008344001484879001344967
27205025249003229627002854487
27205039266003001505002685929
27205060532003001553002685977
27205060710002849931002577763
27205060761002330970002058267
27205119715001484822001344910
27205187060001268048001141994
27205192153004548543004089074
27205192994001159685001040559
27205194636001785563001547732
27205196027001484775001344863
27205196132001268048001141994
27205196337001159685001040559
27205196361003611944003291047
27205196574002589360002378823
27205207924002570273002360961
27205240123002991876002685929
27205240786003001505002685929
27205357497001484775001344863
27205442303002246956002058315
27205442362003954443003611650
27205442907001731480001497114
27205503973001593258001446418
27205510163001460476001243431
27205510325001484895001344983
27205510430001677202001446300
27205511062001484895001344983
27205511348001701501001547732
27205511607003001505002685929
27205640970002613072002348560
27205641284003611944003291047
27205641845002246995002058354
27205641942001484895001344983
27205642868001484775001344863
27205645123002849931002577763
27205646340001484895001344983
27205646464001484775001344863
27205647096002247028002058387
27205647940001430713001294266
27205649331001484895001344983
27205649846002349808002171904
27205649978001785611001547780
27205780047002654384002361010
27205780993002594581002538540
27205781213001406292001192711
27205781892002917443002685929
27205781906001677320001446418
27205782465001785566001547735
27205832225001484895001344983
27205879051003001505002685929
27205898129002307994002070470
27205898161003001505002685929
27205906539001564234001344863
27205906687003033834002716191
27205906814001647320001497015
27205912784003150599002780512
27205946387001484895001344983
27205947030001484895001344983
27205948053002844049002538540
27205948169002570322002361010
27205948703001484877001344965
27206042724002759987002538540
27206044948002570202002360890
27206045278003183507002856294
27206045383002741970002685929
27206054064001268124001142070
27206054498003001505002685929
27206054749003001505002685929
27206054927002933993002577763
27206150802003001505002685929
27206169562002849931002577763
27206169716002849932002577764
27206247490003001505002685929
27206382649004113648003760672
27206382975003001505002685929
27206458300002673422002378823
27206472974003001505002685929
27206501532001918227001750601
27206603831001484775001344863
27206604226001484895001344983
27206604617001367775001227863
27206609104003018053002577763
27206609384001785563001547732
27206728413004390237003862210
27206728529001568956001344983
27206756654001568956001344983
27207105339001484775001344863
27207188412003001505002685929
27207216211004065047003557806
27207323808001159685001040559
27207324448001198035001141994
27207325789002247028002058387
27207326068001365036001232780
27207327366001352110001141994
27207329342001484895001344983
27207381212001299469001243428
27207381565002648838002363694
27207382111001376411001243428
27207382529002570202002360890
27207383223002307994002070470
27207395248003001505002685929
27207606257001376531001243548
27207697619002002289001750601
27207711603001484775001344863
27207870213003150720002780633
27207871112001484895001344983
27207871139003259009002881994
27207872429001148309001029911
27207872593001484775001344863
27207872798001484895001344983
27207873131002417051002361010
27208059403001485086001344983
27208059632003537748003341604
27208059799003367325002983381
27208145539001406292001192711
27208190127001535683001395580
27208238553003274626002967816
27208257957002570304002360992
27208388644002849913002577745
27208487219002002289001750601
27208498334002589360002378823
27208574901003001505002685929
27208577021002425319002225270
27208875510002573316002363812
27208939942002307994002070470
27208980071003234663002780515
27208980195001406292001192711
27208980721001484775001344863
27208980918001480179001344870
27208981523001785563001547732
27208981639001430592001294145
27208981981001198035001141994
27209002227001484775001344863
27209002367002002289001750601
27209002871001484895001344983
27209004424001096600001040559
27209006109001484895001344983
27209007202001376411001243428
27209105107002849931002577763
27209119140003001505002685929
27209166564001701520001547751
27209166750001568956001344983
27209166947001268048001141994
27209167137002849931002577763
27209310916003150601002780515
27209311033001268168001142114
27209378057002837464002532376
27209378529002849914002577746
27209573267001514654001294145
27209578935001376531001243548
27209586059003001505002685929
27209586865001299569001243528
27209595783001677199001446297
27209596127001460475001243430
27209596488001376411001243428
27209597409002584481002171905
27209599762001376531001243548
27209619194001268051001141997
27209741542003001505002685929
27209768726003423303003291047
27209872167001484895001344983
27210058554002849932002577764
27210250544002832673002527892
27210251109003183507002856294
27210270421001918227001750601
27210292166003150599002780512
27210316405002002289001750601
27210316472001376414001243431
27210365511001189565000989842
27210394066001476137001329297
27210443237001785563001547732
27210558506003099445002856294
27210673550001268048001141994
27210676045001514654001294145
27210762677002409755002210702
27210800161002919484002609152
27210894077001731381001497015
27210894875002849931002577763
27211000223001484895001344983
27211050875001593137001446297
27211123023003612064003291167
27211125719001593185001446345
27211126235001890704001750601
27211126812001593137001446297
27211127215002409771002210718
27211127401002002289001750601
27211128262003234781002780633
27211128742001376531001243548
27211210376001322230001192711
27211599273003001505002685929
27211720609002958294002679198
27211793150001701501001547732
27211801099003099445002856294
27211803962002570202002360890
27211813933002002337001750649
27213062307001105504000989842
27213209715001159685001040559
27213302081002573299002363795
27213336032004419226003968025
27213336083001701549001547780
27213341087001344865001344865
27213391319001401024001344983
27213393036001105504000989842
27213393125001376531001243548
27213395306003731785003403232
27213396396001243428001243428
27213396434001268168001142114
27213397716001376531001243548
27213399212001484895001344983
27213400067001484895001344983
27213400571001593137001446297
27213400652002825509002476208
27213400962002570322002361010
27213401748002570202002360890
27213401934001268168001142114
27213404720002917443002685929
27213404739001677320001446418
27213405956001785563001547732
27213406022003258962002881947
27213406057002657260002363694
27213406154002002409001750721
27213407363002841145002577763
27213409129001159685001040559
27213410666001484778001344866
27213412898001564305001344934
27213413215001198035001141994
27213415064001539076001395700
27213416583001484775001344863
27213417792001299589001243548
27213418381001593258001446418
27213418500001593137001446297
27213418640001918227001750601
27213419019001593258001446418
27213419183003175020002882067
27213421153003183507002856294
27213422184001159685001040559
27213422567003001505002685929
27213422907002002289001750601
27213423717002002289001750601
27213423776001484895001344983
27213424608001484895001344983
27213427224001731381001497015
27213427593001593185001446345
27213428573001159685001040559
27213429901002002289001750601
27213430349002849931002577763
27213431027001159685001040559
27213431116001568956001344983
27213431345001484775001344863
27213431434001785563001547732
27213432678003183507002856294
27213433100003001505002685929
27213433712001568836001344863
27213433771002633084002374774
27213435227001484775001344863
27213435480001449219001232901
27213435545003465002003084816
27213438153002837464002532376
27213438315001593185001446345
27213438722001593240001446400
27213439303002801808002689726
27213439338002002289001750601
27213439478003001505002685929
27213439494001484895001344983
27213439540002002289001750601
27213440816001484775001344863
27213441596002002392001750704
27213442436002917443002685929
27213442746001785563001547732
27213442770002002289001750601
27213444781002774194002685929
27213445370002755542002455699
27213446032001593137001446297
27213446369001340735001131346
27213447195001376531001243548
27213447772002307994002070470
27213447977001785683001547852
27213448027003001505002685929
27213448086003001505002685929
27213448582002002289001750601
27213452695001081202000888407
27213452997001105504000989842
27213998817001484895001344983
27214183248001484895001344983
27214210733002917443002685929
27214403566001828369001587801
27214731288002849811002577643
27214843450001593258001446418
27214898026002002289001750601
27215199350001484895001344983
27215410191002849931002577763
27215478926001376531001243548
27215504730001677202001446300
27215558962002097239001918167
27215807261001365139001232883
27215807547004366541003918709
27215807598001352110001141994
27215837896002689845002577763
27215908580001918227001750601
27216090670001105504000989842
27216091413002247028002058387
27216091561000997140000888407
27216093467001213866001091276
27216094560003612049003291152
27216094943001484775001344863
27216294764001129945000989842
27216310182001135383000939124
27216314196001376531001243548
27216314676002416477002172025
27216314730003612064003291167
27216315303001484895001344983
27216315605001352110001141994
27216317373002570202002360890
27216317586001268168001142114
27216318833001401024001344983
27216320064001213866001091276
27216321834001268168001142114
27216324582001198155001142114
27216325325001677231001446329
27216326062001282217001142114
27216326518002849931002577763
27216326801001593258001446418
27216327751001268050001141996
27216329274002958294002679198
27216425044001268168001142114
27216426040001268048001141994
27216427683001568836001344863
27216429147001484879001344967
27216430153001557461001334215
27216450359002416357002171905
27216695912001593185001446345
27216708607002002289001750601
27216709751001484775001344863
27216780146003001505002685929
27216786438003001505002685929
27216786799003001505002685929
27216787264002002289001750601
27216787469002849931002577763
27216788007004445569003992684
27216788058002849931002577763
27216788074001864048001699886
27216790508003001505002685929
27216790745002376226002179316
27216807206001484775001344863
27216820970002570202002360890
27216852023002849931002577763
27216852724001785683001547852
27216852899003001505002685929
27216853828002849811002577643
27216854115002247028002058387
27216854425001484895001344983
27216854522003716716003389120
27216854654001484966001344863
27216854972002657258002363692
27216855227002427360002148494
27216855847001942174001699884
27216931144002380517002183339
27217010735002002289001750601
27217010808002741567002476329
27217011111002570202002360890
27217011383003367445002983502
27217011790001557461001334215
27217011952001352230001142114
27217120468001159685001040559
27217120794002246908002058267
27217232797001785563001547732
27217256408003001505002685929
27217256645003001505002685929
27217257781003612064003291167
27217257943001677199001446297
27217258982001376411001243428
27217267388002247028002058387
27217472747004197830003760793
27217474278002002289001750601
27217522396001148309001029911
27217522450002331042002058339
27217522930001480195001344886
27217523287001135383000939124
27217523821001484895001344983
27217524739002002289001750601
27217524976001268048001141994
27217657909001948107001699884
27217677926002801328002374894
27217688898001731381001497015
27217729535003150719002780632
27217733621004667329004121578
27217767437003001505002685929
27217822195001593258001446418
27217822497001297928001091276
27217836811001701501001547732
27217863657001593258001446418
27217894080001105504000989842
27217915223001484895001344983
27217915568001268048001141994
27217916971003451507002983502
27217917188001268048001141994
27217918265001785611001547780
27217940317001322230001192711
27217980599001352110001141994
27217991310004171225003814575
27218053896001484895001344983
27218057581002849880002577712
27218121093003001505002685929
27218180448002589360002378823
27218180537001893925001649166
27218248158002591522002302167
27218248417001268168001142114
27218263645001918227001750601
27218299380001460473001243428
27218299399002849932002577764
27218299402003367325002983381
27218422840002246908002058267
27218529858003612066003291168
27218550164002584481002171905
27218550539003001505002685929
27218551063001243970001192711
27218574683003001505002685929
27218705869001514654001294145
27218778335003001505002685929
27218799014001568836001344863
27218799499001484775001344863
27218943409002002289001750601
27218970058003066536002780512
27218971224003001505002685929
27218972271002892715002780633
27218972603001731381001497015
27218977532001159685001040559
27218977567001484775001344863
27219098370002570304002360992
27219100138001484895001344983
27219100251002181417001918284
27219100294001406292001192711
27219100839001484775001344863
27219101126001430713001294266
27219101134003343143002882067
27219101487002832673002527892
27219101754003001505002685929
27219101797001484895001344983
27219101851004171013003656996
27219101991001568836001344863
27219150887004667329004121578
27219164012003691075003365125
27219164195001460473001243428
27219164640002919484002609152
27219256626001159685001040559
27219275124001701621001547852
27219350304001677199001446297
27219350339002928959002651738
27219350355001484806001344894
27219350525001105504000989842
27219350797002849931002577763
27219350835002239714002127632
27219351149001484895001344983
27219351866002002289001750601
27219352919001484895001344983
27219365344001350307001294266
27219369064001268168001142114
27219375404001096600001040559
27219482839002849931002577763
27219491447001785563001547732
27219491641002867592002594295
27219491706001484895001344983
27219493121001430713001294266
27219493210001268168001142114
27219494594001213866001091276
27219680703002861184002588290
27219681017001159685001040559
27219683907001484895001344983
27219684199002633204002374894
27219684369001484895001344983
27219684792001147317001091276
27219685098002795749002527046
27219685705001484895001344983
27219687511001213866001091276
27219692140002002289001750601
27219695204002958294002679198
27219740102003001505002685929
27219793826001352110001141994
27219891674001701549001547780
27219894223001882551001638519
27219936082003451387002983381
27220041145002314687002058617
27220074655002773599002577646
27220107928001159685001040559
27220162961001421923001344866
27220230061002849811002577643
27220258403001406292001192711
27220277769003001505002685929
27220279796002661825002577763
27220320710004282479003918709
27220320753001731381001497015
27220320818003001505002685929
27220466456002849931002577763
27220628138001484895001344983
27220738030002570322002361010
27220745118002832673002527892
27220782455001460473001243428
27220892021001593137001446297
27220892110001268168001142114
27220892889001785563001547732
27220899638003066536002780512
27221047074002748612002527892
27221078123001890704001750601
27221179590003001505002685929
27221197025002849931002577763
27221197211002837464002532376
27221234591003001505002685929
27221270733001701510001547741
27221275859001159687001040561
27221423955001568836001344863
27221429171001593185001446345
27221511609001484895001344983
27221549592002849931002577763
27221565520001299589001243548
27221717789001484895001344983
27221780774001647320001497015
27221884030001376531001243548
27221908193001213866001091276
27221911550002475309002272064
27221979112003001505002685929
27221979252002837464002532376
27221979481001647440001497135
27221981052002741567002476329
27222026992002589360002378823
27222041959002570322002361010
27222069691001268048001141994
27222071327003475736003084864
27222086448002002289001750601
27222086529003074403002780531
27222087061002748612002527892
27222087444001514654001294145
27222087517003001505002685929
27222104292003367325002983381
27222105000001352230001142114
27222118862002717266002374894
27222187643003052871002780512
27222230433001484895001344983
27222352415002416359002171907
27222399810002002289001750601
27222399942001297928001091276
27222420925002849931002577763
27222424238002570202002360890
27222425684001400904001344863
27222427091002673422002378823
27222427512002247028002058387
27222428608001213866001091276
27222431633001484895001344983
27222433962001484895001344983
27222435310001365036001232780
27222437259001484895001344983
27222437666001159685001040559
27222438115001731381001497015
27222487574002741970002685929
27222487949001785683001547852
27222487965001568956001344983
27222506188002849931002577763
27222526170001268168001142114
27222615513001484775001344863
27222710095001539076001395700
27222742477001785563001547732
27222755854001785563001547732
27222818066001593258001446418
27222818902001785582001547751
27222890743003008090002692093
27222891723003234780002780632
27223011050002837464002532376
27223011085002933872002577643
27223011964001376411001243428
27223082225002397899002199611
27223082470001159685001040559
27223082845001344863001344863
27223128209003001505002685929
27223168308002002289001750601
27223169428002717266002374894
27223259389001568836001344863
27223259680001677199001446297
27223342510001948107001699884
27223403781001785563001547732
27223452626001893925001649166
27223473119002917443002685929
27223486172001785563001547732
27223486466002917443002685929
27223486598001484895001344983
27223486652002570322002361010
27223486709002469621002266740
27223489449001785565001547734
27223522349003001505002685929
27223522640001484895001344983
27223522675001568956001344983
27223576090002849931002577763
27223732769001647440001497135
27223837048003001505002685929
27223847841002481843002199493
27223972247003001505002685929
27223989972001268168001142114
27224000796002199632001969036
27224055566002425319002225270
27224059065002261277002071717
27224090418001268048001141994
27224151026001677202001446300
27224151085001449219001232901
27224151093002909691002476329
27224151336001268048001141994
27224151506001484895001344983
27224151549001352230001142114
27224151689003001576002686000
27224151743001484775001344863
27224190323001484775001344863
27224209679003367325002983381
27224221601001484895001344983
27224221857003883200003544962
27224258998000846081000771359
27224356973001593137001446297
27224391566001593258001446418
27224392473001701520001547751
27224392597002518926002378823
27224392651001051321000939124
27224394344001568956001344983
27224400603003612064003291167
27224402177001213866001091276
27224402258003183507002856294
27224402347001568956001344983
27224404633003113126002666749
27224405303001460473001243428
27224405400003449221003138736
27224405516002330970002058267
27224405656002849931002577763
27224414787004314400003791215
27224461033001701501001547732
27224470350001568956001344983
27224492559001918227001750601
27224519996001268168001142114
27224559106001484775001344863
27224600750002589380002333864
27224639002003001505002685929
27224639355001593258001446418
27224639452001593185001446345
27224781747002427360002148494
27224896161001484895001344983
27225062671001460473001243428
27225178041002002409001750721
27225301943003017981002577690
27225311922001918227001750601
27225317556001603342001446329
27225320557002591401002302046
27225439341001484895001344983
27225439422003183507002856294
27225468392002654264002360890
27225472225001484895001344983
27225504011002760107002538660
27225526228001376411001243428
27225576535001460593001243548
27225611624001568836001344863
27225689615002002289001750601
27225689852001538956001395580
27225816153001918227001750601
27225840321003018005002577714
27225841638001785683001547852
27225843479003001505002685929
27225886356004366541003918709
27225918568002397869002199581
27225984013003001505002685929
27226000513002002289001750601
27226088836001484895001344983
27226124646002748612002527892
27226129346001406292001192711
27226171431002416477002172025
27226171725001430713001294266
27226172322002849811002577643
27226172713001484895001344983
27226174376001401024001344983
27226174910001484895001344983
27226175135002849931002577763
27226175240001484895001344983
27226176530001484895001344983
27226179122002849931002577763
27226180171001365036001232780
27226180236001159685001040559
27226181585002435862002156460
27226181836002416477002172025
27226184762001105504000989842
27226185432002002289001750601
27226187249001376531001243548
27226527015001213866001091276
27226635284001484807001344895
27226636000001701501001547732
27226636779003074384002780512
27226687098001484895001344983
27226698081001340058001199955
27226698367001460593001243548
27226699797001460593001243548
27226699908001568956001344983
27226744148002570202002360890
27226744334001299472001243431
27226773628001568956001344983
27226774128001893925001649166
27226811279001268048001141994
27226811813001268168001142114
27226812135003001505002685929
27226813077001484775001344863
27226813840001159685001040559
27226813913002849931002577763
27226814731002933992002577763
27226860091001484775001344863
27226869374001256673001131346
27226869617001051321000939124
27226869781001593226001446386
27227029973001785563001547732
27227032869002002289001750601
27227032915002917443002685929
27227052290001785566001547735
27227053211001677320001446418
27227053815003001505002685929
27227134114001568956001344983
27227221408001484777001344865
27227221858001213866001091276
27227221904002849813002577645
27227222110002849931002577763
27227222242001400904001344863
27227222285001568907001344934
27227222943003611954003291057
27227223206001322230001192711
27227223834002570322002361010
27227225918004366541003918709
27227227341002849931002577763
27227290779002748632002527912
27227322220002570202002360890
27227448585001352230001142114
27227460577001701520001547751
27227542840001701501001547732
27227542859001213866001091276
27227633307001593237001446397
27227633587001593258001446418
27227644171002917443002685929
27227644856002832673002527892
27227709389001593137001446297
27227980058001484775001344863
27228004931001484895001344983
27228042418001484895001344983
27228060092002673422002378823
27228200692001213866001091276
27228216262001484895001344983
27228388071001352230001142114
27228388519002002409001750721
27228389213001352112001141996
27228389744001376531001243548
27228389892001677320001446418
27228396058001890704001750601
27228446187003001505002685929
27228446268002573196002363692
27228490003001352230001142114
27228619162001406292001192711
27228641842002002289001750601
27228769245001105504000989842
27228801580001484775001344863
27228815743002969670002689846
27228935595001948107001699884
27228949316001473499001334315
27228970641001376411001243428
27229098204003367446002983502
27229098654001484895001344983
27229098883001893925001649166
27229244480001982904001766166
27229401713002928870002651649
27229401748001268048001141994
27229401845002246908002058267
27229411174003358688002967816
27229560153003367325002983382
27229560285001893925001649166
27229720614002475430002272185
27229736545001159685001040559
27229736642001731381001497015
27229866872003001505002685929
27229872597001484895001344983
27229951411003001505002685929
27229990824003001505002685929
27229994609001484775001344863
27230034740001473399001334215
27230043855002285524002094414
27230043944001785563001547732
27230178157001105504000989842
27230178211001039947000928477
27230203801001701520001547751
27230206525002573243002363739
27230313771002589360002378823
27230350324001484895001344983
27230350960001484895001344983
27230410211001159685001040559
27230410742001484775001344863
27230411145003055281002769984
27230411706001785563001547732
27230412273001352110001141994
27230413970001593137001446297
27230414071001213866001091276
27230415361002687386002425612
27230418131001213866001091276
27230418573002849831002577663
27230419359001268048001141994
27230421663001430713001294266
27230422538001268050001141996
27230424166002570202002360890
27230424409001401024001344983
27230424611001484895001344983
27230424824001159685001040559
27230426738001785563001547732
27230427262002849931002577763
27230428072002144203001969036
27230483154001701501001547732
27230483197002849931002577763
27230483758003347208003291167
27230484576002849931002577763
27230486161002549567002296596
27230486579002657258002363692
27230486862001785594001547763
27230487559001376531001243548
27230488938001159685001040559
27230511697003001505002685929
27230555198002002289001750601
27230569601003001505002685929
27230570928002741567002476329
27230800044000997140000888407
27230815378003001505002685929
27230821351000868372000812331
27230822404002247028002058387
27230822676001460593001243548
27230822692003018054002577763
27230822838001460593001243548
27230853334003008090002692093
27230854187002849931002577763
27230854470001484895001344983
27230854748001352110001141994
27230968964002801208002374774
27231076226001484895001344983
27231172039001701501001547732
27231320186002673422002378823
27231501717002427360002148494
27231503914001268048001141994
27231510120001268048001141994
27231510341001376531001243548
27231510465001484895001344983
27231580315003001505002685929
27231613817002741567002476329
27231614368001213866001091276
27231614562003150667002780581
27231615542001159685001040559
27231616085002849931002577763
27231626986001677271001446369
27231638690002591401002302046
27231640288002002292001750604
27231640407002002289001750601
27231695058001593137001446297
27231770629001677320001446418
27231878012003001505002685929
27231878330001593240001446400
27231878357001677199001446297
27231883628001677199001446297
27231912660001677232001446330
27232015670001430592001294145
27232034217002849811002577643
27232034411004230882003713037
27232286550001785563001547732
27232544614002849932002577764
27232809863004366541003918709
27232821952001484895001344983
27232821987002589362002378825
27232840108003066537002780512
27232840205002002289001750601
27232840574001484846001344934
27232901344003001505002685929
27232901476002002289001750601
27232906176001484895001344983
27232930816001484895001344983
27232942113001039947000928477
27232942296001198151001142110
27232942342003183507002856294
27232980090002673424002378825
27232980589001484895001344983
27233021526001593137001446297
27233058403001297928001091276
27233058764001731381001497015
27233058926001322230001192711
27233058977001568836001344863
27233059108001352110001141994
27233059132001376531001243548
27233059337001731381001497015
27233108060002570202002360890
27233119429001484895001344983
27233207042001785563001547732
27233216122003001505002685929
27233253842001557839001557839
27233333706003018054002577763
27233337019002002409001750721
27233340478002826032002685929
27233351747002002289001750601
27233351925004558968004020146
27233352093001268048001141994
27233352131003001505002685929
27233353308002731773002546941
27233353367001484895001344983
27233387237001159685001040559
27233399529001484775001344863
27233453299001809868001649171
27233454392001484895001344983
27233500106001376411001243428
27233504632001514654001294145
27233577095002246955002058314
27233577745002416366002171914
27233578296001785565001547734
27233578725001484895001344983
27233578865001297928001091276
27233668740001484895001344983
27233677944003066537002780512
27233738684003001505002685929
27233739125001677320001446418
27233739184001484895001344983
27233739788002519183002374877
27233890923001948190001699967
27233917228001268168001142114
27234054541001159685001040559
27234054622003099445002856294
27234100071000931583000827042
27234101612001051321000939124
27234104336001299469001243428
27234104530002416357002171904
27234104964001484895001344983
27234105537001268048001141994
27234106371001484775001344863
27234109478002002289001750601
27234110484001268168001142114
27234111162002849931002577763
27234111278001148309001029911
27234111456002481841002199491
27234112673003150630002780543
27234115338001268057001142003
27234115729001213866001091276
27234116261001213866001091276
27234119783001268050001141996
27234179190001502459001446418
27234179433001484895001344983
27234197482001484895001344983
27234197881002524720002273339
27234282390002084184001905955
27234282870001352230001142114
27234320950001213866001091276
27234321140001677199001446297
27234321744001514654001294145
27234509999002427360002148494
27234652597003413405003071492
27234652929001213866001091276
27234673691001785563001547732
27234721408002933872002577643
27234800057001484895001344983
27234800448001268168001142114
27234800472001484775001344863
27234984301001677202001446300
27234984433001051321000939124
27234985502001159685001040559
27234985995002570322002361010
27234986428001105504000989842
27234987688001484895001344983
27235099468001497015001497015
27235235345001213866001091276
27235250174001350186001294145
27235420274001547852001547852
27235440445001484775001344863
27235447210003001505002685929
27235516166002573196002363692
27235556478001568838001344865
27235577661001701520001547751
27235578811002692965002273460
27235578935000439399000418851
27235703187001376411001243428
27235708197002002289001750601
27235773134002849811002577643
27235773584001593240001446400
27235800859001539076001395700
27235878866001593185001446345
27235879552001785563001547732
27236150297002524721002273340
27236176474001213866001091276
27236257806001159685001040559
27236258098002633204002374894
27236258349001376411001243428
27236259647001484775001344863
27236301007001376531001243548
27236305088001376413001243430
27236305452001677203001446301
27236329963001593258001446418
27236360666001785565001547734
27236470100001268048001141994
27236470291002654384002361010
27236516100001785565001547734
27236557478002917443002685929
27236770554001701501001547732
27236875364002461901002207056
27236875488001159685001040559
27236875763002849932002577764
27236877960001213866001091276
27236878223002849931002577763
27236878673001268048001141994
27236878908001268050001141996
27236878916002002289001750601
27236879025001484895001344983
27236879378001268048001141994
27236930381001401024001344983
27236930667001213866001091276
27236947527002673422002378823
27237118133001159685001040559
27237281042002476118002070470
27237336335002002289001750601
27237336394001593169001446329
27237336408001365036001232780
27237336742002933874002577645
27237402133001322230001192711
27237402583002002289001750601
27237403105003066657002780633
27237403989002591401002302046
27237405426001268048001141994
27237405779001785565001547734
27237405973001213866001091276
27237514152001593258001446418
27237530050002500419002171905
27237742392002584481002171905
27237751197001159685001040559
27237788856001376411001243428
27237789348001484775001344863
27237793329001484775001344863
27237856789001484895001344983
27237860735001593258001446418
27238007580001460473001243428
27238007793003001505002685929
27238007939001484775001344863
27238008781001885289001633601
27238009060001593169001446329
27238026488001245178001119085
27238080032001484895001344983
27238081918002849931002577763
27238082086001677202001446300
27238084372001383531001243428
27238085972001484895001344983
27238087495003234780002780632
27238092138001568836001344863
27238110438002002409001750721
27238110675001430713001294266
27238251937002570202002360890
27238379178001376531001243548
27238379356001268048001141994
27238379437002343298002148494
27238379526001948109001699886
27238383752001701501001547732
27238410040003828672003493917
27238410989001430713001294266
27238518399002002289001750601
27238518607001105504000989842
27238519697001647320001497015
27238591282001593240001446400
27238602071001623018001395580
27238619241001243747001040559
27238663135002247028002058387
27238689681001484895001344983
27238851748001647320001497015
27238858521001484895001344983
27238860011001484895001344983
27238862634002832673002527892
27238864882001159685001040559
27238868381002263319001994941
27238869213002906685002630882
27238898582002832773002527992
27238959301001484895001344983
27238990004003378820002994149
27239168952002673424002378825
27239200562002741567002476329
27239232448001665824001435649
27239232510001484775001344863
27239248107003001505002685929
27239272385001376411001243428
27239347687002741567002476329
27239398869001893925001649166
27239579707001052328001040559
27239627744001568836001344863
27239655632001376411001243428
27239738775002917443002685929
27239762285001181783001141994
27239764032001213866001091276
27239765764001376531001243548
27239768097001213866001091276
27239817527001322230001192711
27239818647001419218001283498
27239820609001484847001344935
27239864371001918227001750601
27239945517001419338001283618
27240033203002002409001750721
27240035192001701605001547836
27240050159003828790003494036
27240051716002416357002171905
27240052402002654264002360890
27240052682001484895001344983
27240052747001568956001344983
27240054316001268050001141996
27240055347002570322002361010
27240092560002345339002071717
27240100822001460473001243428
27240100938001322230001192711
27240138811002307994002070470
27240139168001430592001294145
27240142460002500419002171905
27240348573001484775001344863
27240357106001365036001232780
27240357262001514654001294145
27240445072002919484002609152
27240448535002917443002685929
27240522174001268050001141996
27240527486001484895001344983
27240608079002129500002017418
27240608362001051321000939124
27240608591003001505002685929
27240609288003001505002685929
27240609970001623018001395580
27240630589002518926002378823
27240632336001568836001344863
27240634371001105504000989842
27240681426002452111002171905
27240682880002392057002070471
27240684506001568956001344983
27240728376003042334002679177
27240738649001593258001446418
27240745343001213866001091276
27240745696002832676002527895
27240748725001785563001547732
27240749438001677275001446373
27240750517001243747001040559
27240751637001701621001547852
27240855564001159685001040559
27240973060001268048001141994
27241016248001105504000989842
27241017112000997140000888407
27241019344001785563001547732
27241023821003183507002856294
27241058633002849931002577763
27241058919003001505002685929
27241160233001593240001446400
27241160462001701501001547732
27241190515003001505002685929
27241190760001484895001344983
27241230207002773716002577763
27241330015003001505002685929
27241330066001785563001547732
27241331909001322230001192711
27241350911002933992002577763
27241413956001352110001141994
27241456795001229582001105987
27241468718003017934002577643
27241470887001484895001344983
27241476176001268048001141994
27241476451002246908002058267
27241476850001213866001091276
27241528117001268048001141994
27241646489001322230001192711
27241682396002728521002385422
27241754389002844049002538540
27241813423003001505002685929
27241813563001568956001344983
27241898283002753402002532376
27241899506001809984001649287
27241916389001189565000989842
27241930098002633086002374776
27241930241001268048001141994
27241930438001893930001649171
27241930896001352110001141994
27241945915001213866001091276
27241977507002817003002546941
27241977515001506149001364878
27242003514001159685001040559
27242018872001731381001497015
27242035645001568836001344863
27242213012002002289001750601
27242213063002633084002374774
27242213705001893925001649166
27242385018002131128001871210
27242386375001365036001232780
27242404535001298049001091397
27242404691001731381001497015
27242404861002509381002225270
27242446157001514775001294266
27242513784001159685001040559
27242553042001045883000989842
27242607177001623018001395580
27242609080001948107001699884
27242620580001198155001142114
27242686980002673422002378823
27242687723002917443002685929
27242777862001268048001141994
27242778346001268168001142114
27242778923001159685001040559
27242779105001268050001141996
27242779830002849931002577763
27242798053002306424002035290
27242798355001268048001141994
27242798827001484777001344865
27242798975001484895001344983
27242855049001701621001547852
27243178040002917443002685929
27243199226002573298002363794
27243461710001268050001141996
27243464299001268168001142114
27243465635001268048001141994
27243467042001213866001091276
27243468103002416360002171908
27243468944001105504000989842
27243499114001189565000989842
27243518275001593170001446330
27243520881003099445002856294
27243605666001268048001141994
27243610902001785563001547732
27243630776001159685001040559
27243760211001243747001040559
27243761722001484895001344983
27243762990001213866001091276
27243765140001484895001344983
27243766155002246908002058267
27243767054001159685001040559
27243774476002636402002415376
27243845756001484895001344983
27243845977002002392001750704
27243987437000997140000888407
27243988492001243747001040559
27243988956001484895001344983
27244019930001243867001040679
27244054191001352230001142114
27244077655001484895001344983
27244147025003001505002685929
27244147041001785566001547735
27244147440002837464002532376
27244148579001484895001344983
27244238039001593258001446418
27244241005001677199001446297
27244292246002885799002689846
27244292904001299469001243428
27244293137001948107001699884
27244293862001514654001294145
27244296047002849931002577763
27244296284001593137001446297
27244297132001593258001446418
27244298449001731381001497015
27244299038003066657002780632
27244299690001514654001294145
27244299992001460473001243428
27244321068001484775001344863
27244321939003001505002685929
27244335328002002289001750601
27244385767001484895001344983
27244385783000687264000547161
27244512300002849811002577643
27244575647004366541003918709
27244596423000581358000525317
27244743779001593258001446418
27244745852001268168001142114
27244940264001484895001344983
27244941589001376531001243548
27245138070002867495002679198
27245138488001105504000989842
27245139034002633084002374774
27245139247003001505002685929
27245139522001147317001091276
27245139980001213866001091276
27245166651001268048001141994
27245193454001159685001040559
27245194019001268048001141994
27245194892002741567002476329
27245195961001514775001294266
27245196879001268048001141994
27245197573001460593001243548
27245232948001159685001040559
27245459144001484895001344983
27245476081002002289001750601
27245584062001189565000989842
27245599388001593240001446400
27245703037002909570002476208
27245703320000888777000786973
27245703770001484775001344863
27245704572001105504000989842
27245704602001731381001497015
27245705978001430713001294266
27245785939001159685001040559
27245786625001484895001344983
27245788229002849932002577764
27245788571001159685001040559
27245788636001268048001141994
27245789624001213866001091276
27245807770002849931002577763
27245819221001593137001446297
27245857271001376531001243548
27246026233001514654001294145
27246026829002633170002374860
27246057570001213866001091276
27246074114001268048001141994
27246077504001484775001344863
27246226372001406292001192711
27246264738001406292001192711
27246273702001213866001091276
27246319826001297928001091276
27246403754001213866001091276
27246616707001623018001395580
27246663144001918227001750601
27246720113002917443002685929
27246855418001352110001141994
27246855582001322230001192711
27246891686002002289001750601
27246963733001256675001131348
27246963776001460473001243428
27247008654001352110001141994
27247008905002832673002527892
27247009480001460473001243428
27247126312001647419001497114
27247126371002500420002171905
27247126614003451418002983412
27247244110002570202002360890
27247244293001430713001294266
27247260507002002289001750601
27247285070001299589001243548
27247285844001213866001091276
27247286018001268168001142114
27247289394001677272001446370
27247289696002801208002374774
27247296609001473491001334307
27247319021002002289001750601
27247328225001376531001243548
27247328268001460593001243548
27247328306001460593001243548
27247328527001352230001142114
27247328969001131050000990947
27247329116001514775001294266
27247329213001677199001446297
27247329302001460593001243548
27247329523001352112001141996
27247329868001213866001091276
27247329906001352230001142114
27247329922001297928001091276
27247329930002708508002359208
27247330009001352110001141994
27247375274001051321000939124
27247384192001701510001547741
27247468159001213866001091276
27247468507002589360002378823
27247469600002825508002476208
27247480868002222483002035411
27247480906001094128000979194
27247481007001894046001649287
27247636752001484775001344863
27247666090001085952001029911
27247666244001731381001497015
27247667593001677199001446297
27247668719001268048001141994
27247669618001430713001294266
27247752248001376531001243548
27247767091001484895001344983
27247873754001593258001446418
27247897157002673542002378943
27247897254001213866001091276
27247897742001376411001243428
27247940206002732416002577763
27247940303001484895001344983
27248074723001159685001040559
27248329322002002289001750601
27248390714003183507002856294
27248400965002500419002171904
27248407854001051321000939124
27248454607001376511001243528
27248580742002673542002378943
27248834841002640249002426458
27248927823001297928001091276
27248943578001460473001243428
27249129637001484895001344983
27249186967001159685001040559
27249432135001376531001243548
27249444397001690125001537084
27249444478001568956001344983
27249500777001268048001141994
27249505760001213866001091276
27249506775001376531001243548
27249507542001568952001344979
27249508638001213866001091276
27249508700001484895001344983
27249509022001268168001142114
27249509308002481136002232549
27249528485001231379001091276
27249540000003183507002856294
27249569289001731381001497015
27249569556001268048001141994
27249569823001893925001649166
27249670079001159685001040559
27249670605001376411001243428
27249671091001147317001091276
27249674201001376531001243548
27250022765002247028002058387
27250022862002673542002378943
27250278336001268048001141994
27250279359001484895001344983
27250424855002673422002378823
27250503461002589480002378943
27250603083001893930001649171
27250637115001677320001446418
27250959945002849811002577643
27251101898002825624002476324
27251101901001918246001750620
27251133978001460593001243548
27251140478001268048001141994
27251141830001268050001141996
27251143930001213866001091276
27251159667001893925001649166
27251248937001568836001344863
27251460553002949821002716239
27251597532001376411001243428
27251599489002434864002378823
27251683447002717266002374894
27251686063001893925001649166
27251688139001268048001141994
27251688635001376531001243548
27251688805001484895001344983
27251689232001460473001243428
27251698363003183507002856294
27251754018002591401002302046
27251754948001701501001547732
27251834410001785563001547732
27251847709002002289001750601
27251866886001213866001091276
27252009332001268048001141994
27252009537002958294002679198
27252009634004038458003611603
27252079063002673422002378823
27252080207001593258001446418
27252176107001647322001497017
27252176123001568956001344983
27252177316001159685001040559
27252177324001785683001547852
27252177863001460473001243428
27252328772001785565001547734
27252437741002917443002685929
27252457157001434248001294145
27252457173001623018001395580
27252615658003042355002679198
27252706653001039947000928477
27252707013002633204002374894
27252708508001485086001344983
27252760046002933992002577763
27252760178001568836001344863
27252760240001159685001040559
27252760593001484895001344983
27252816483001268048001141994
27252816858001159685001040559
27252816874001376531001243548
27252817013001294266001294266
27252817498003001505002685929
27252909341001243747001040559
27253011624001268168001142114
27253012442001268048001141994
27253012604001484895001344983
27253014062001623018001395580
27253014194001213866001091276
27253014518001268168001142114
27253018963002591401002302046
27253018971002717258002374887
27253111556000997140000888407
27253332137001514775001294266
27253334555001310854001182063
27253336671001268168001142114
27253337066001484775001344863
27253338364001322230001192711
27253338984002002289001750601
27253341284001473399001334215
27253372090001484775001344863
27253480683001213866001091276
27253577237001731381001497015
27253577385001677199001446297
27253577547001406292001192711
27253577601001677199001446297
27253735258001376531001243548
27253746861001376531001243548
27253754449001785563001547732
27253801269003283383002983501
27253828124001268048001141994
27253828612001430713001294266
27253885241003669066003265829
27253967043001484895001344983
27254080115001491811001435770
27254080395002801327002374894
27254080778001484895001344983
27254082266001268048001141994
27254327404001484777001344865
27254329687001514654001294145
27254378068001159685001040559
27254378696001148309001029911
27254382596001045883000989842
27254449720001484775001344863
27254466021002633204002374894
27254466080002509381002225270
27254511485001785601001547770
27254518080001081202000888407
27254597053001864046001699884
27254634218001568836001344863
27254634390001894046001649287
27254700954001105504000989842
27254701691001430713001294266
27254702930001268048001141994
27254706049001159685001040559
27254706510001568836001344863
27254707118001243747001040559
27254941226002346464002172025
27254979630001484895001344983
27254979843001213866001091276
27254997612001268048001141994
27254999844001864166001700004
27254999968001297928001091276
27255012369001159685001040559
27255013756001268168001142114
27255016321001256793001131466
27255016585001268048001141994
27255017662001243747001040559
27255088381001213866001091276
27255097879001051321000939124
27255171386001105504000989842
27255172226001105504000989842
27255172781002307996002070472
27255173117001568903001344930
27255174121001430592001294145
27255174482001268168001142114
27255174857002181297001918164
27255357293001785565001547734
27255418268001430592001294145
27255426503001213866001091276
27255777101002328294002026134
27255823022003001505002685929
27255842027001159685001040559
27255842353002416357002171905
27255842493001268048001141994
27255843007003367325002983382
27255960496001268168001142114
27255960933001484895001344983
27255961948002633204002374894
27255962464001484895001344983
27255965331001268048001141994
27255967407001028510000888407
27256179178001243747001040559
27256289968002392056002070470
27256420657002524721002273339
27256442103001189565000989842
27256457615001376411001243428
27256524274000790937000650834
27256538828002741567002476329
27256644350001376531001243548
27256656510001514654001294145
27256658629001159685001040559
27256680888001460593001243548
27256681159001344983001344983
27256681299002745223002476329
27256681620001352193001142077
27256681892003367445002983501
27256933085002416477002172025
27256933611001268048001141994
27256935622001785565001547734
27257000791001731381001497015
27257090081002247028002058387
27257091150001268048001141994
27257091576002524721002273340
27257119608001268048001141994
27257120592001785677001547846
27257300647001297928001091276
27257301597001105504000989842
27257301945001484775001344863
27257365846001268048001141994
27257366281001484895001344983
27257366370001268048001141994
27257367725001268168001142114
27257488069001785683001547852
27257488174001352110001141994
27257488557002837584002532496
27257771186003001505002685929
27257771801002097236001918164
27257801530001213866001091276
27257801840001731381001497015
27257818131002573279002363775
27258185035002849837002577669
27258187631001268048001141994
27258188492001268050001141996
27258189804001268168001142114
27258206105001406292001192711
27258377112001484775001344863
27258450626001593258001446418
27258497843001568836001344863
27258559075001647320001497015
27258559318002748616002527896
27258597961003413405003071492
27258609110001352110001141994
27258609447001893925001649166
27258609579001268168001142114
27258654310001376531001243548
27258739154000997140000888407
27258799017003099445002856294
27258799114001376411001243428
27258799238001430592001294145
27258799343002917443002685929
27258803804001514654001294145
27258804126001460473001243428
27258807958002673422002378823
27258807966002584601002172025
27258878170001096600001040559
27258878774002673422002378823
27258926728002509381002225270
27259025872002633087002374777
27259025937001649287001649287
27259026275001256773001131446
27259026798001568956001344983
27259154036001141996001141996
27259162012001147317001091276
27259260065001460574001243529
27259260529002165486001982051
27259260626001568956001344983
27259369962001247538001243548
27259462555002917445002685931
27259463306001268048001141994
27259463861001105504000989842
27259466496001213866001091276
27259468685002849811002577643
27259531352003234780002780632
27259552244001677199001446297
27259634305001430620001294173
27259646567001677199001446297
27259646672002673422002378823
27259646710001376531001243548
27259866117001484775001344863
27259867245001376413001243430
27259870475001268168001142114
27259924397001352112001141996
27259924869002752939002486973
27260036071002416357002171905
27260037892003183507002856294
27260117144001376411001243428
27260119120002002289001750601
27260124779001460473001243428
27260167842002002289001750601
27260204012001593137001446297
27260262268001352110001141994
27260262276003150719002780633
27260262462001568956001344983
27260262586001623018001395580
27260270201001376411001243428
27260316759001268168001142114
27260392234001148309001029911
27260401217001731481001497115
27260402760003001505002685929
27260402833000832366000776325
27260403007001921340001753523
27260403074001213866001091276
27260403953001310974001182183
27260404011001268168001142114
27260404658001352112001141996
27260530130001460473001243428
27260530866001352110001141994
27260723591001256673001131346
27260724148002748660002527940
27260724369000985765000877759
27260724636001460473001243428
27260785341001081202000888407
27260785406002584601002172025
27260785627001243747001040559
27260785716002673422002378823
27260786496001568874001344901
27260786712001352230001142114
27260786828001159685001040559
27260786887001352110001141994
27260894760001677199001446297
27260948852001484775001344863
27260950601001135383000939124
27260950652001135383000939124
27260950865002591401002302046
27260976058001213866001091276
27260976554002345339002071717
27260976589001677199001446297
27260990417001268168001142114
27260991391001484895001344983
27260992126001677320001446418
27260993009001352110001141994
27260993114001401024001344983
27260993653002837584002532496
27260993963002933872002577643
27260994129001268095001142041
27261089500001918227001750601
27261090282001568836001344863
27261137084001112012001040559
27261255540003042356002679198
27261255648001189565000989842
27261377913001401024001344983
27261419268001039947000928477
27261551514002002289001750601
27261557075001484895001344983
27261557806001430713001294266
27261558144001243747001040559
27261558616001268168001142114
27261559167001568944001344971
27261589759001159685001040559
27261591087001159685001040559
27261612262001376531001243548
27261617051001105504000989842
27261714820002345339002071717
27261715290002673422002378823
27261715371001894046001649287
27261767347001268048001141994
27261767525002933993002577763
27261768564001677199001446297
27261895132001484775001344863
27261895264001135383000939124
27261895949001243747001040559
27261896139001677199001446297
27261896171001410581001267932
27261896244003018054002577763
27261896724001213868001091278
27261896813001568836001344863
27261897003002717177002374806
27261920242001352112001141996
27262140305001268048001141994
27262206373001484895001344983
27262206497001376411001243428
27262207191001159685001040559
27262207329001170014001029911
27262207396002450463002248807
27262316365001213866001091276
27262316462001268168001142114
27262317515001268048001141994
27262526122001213866001091276
27262527056001406292001192711
27262527498002416477002172025
27262527633002633204002374894
27262622741001376531001243548
27262622970001135383000939124
27262648414001701585001547816
27262765143002573196002363692
27262917563002584483002171907
27263044415001268168001142114
27263046175001268050001141996
27263046752001213866001091276
27263089354000888777000786973
27263290092001894046001649287
27263290106001484775001344863
27263306525001893928001649169
27263363855001376411001243428
27263423394001731381001497015
27263469122001593137001446297
27263517593003259082002882067
27263518018001484777001344865
27263518069001484775001344863
27263518158001677199001446297
27263545678002969550002689726
27263545759002673422002378823
27263579335001213866001091276
27263579696001051321000939124
27263579793001159685001040559
27263681571001213866001091276
27263681806001105504000989842
27263683116004051395003545034
27263684333001376531001243548
27263684414001376411001243428
27263685895001376411001243428
27263686859001268168001142114
27263687898000997140000888407
27263689149001268050001141996
27263689505001159685001040559
27263698466001159685001040559
27263708658002416477002172025
27263754714001568956001344983
27263754935001539076001395700
27263785210001243747001040559
27263820571001687837001547734
27263840394001484775001344863
27263857424001352230001142114
27263893358003042236002679078
27263948365003018054002577763
27263948683001677199001446297
27263950246001352110001141994
27263967033002500419002171904
27263967041001376531001243548
27263967394001159685001040559
27263967424001268048001141994
27263967718001159685001040559
27263967971001352110001141994
27263968129001159685001040559
27263968293001159685001040559
27263968625001460473001243428
27263968943001159685001040559
27263998672001785563001547732
27264109227001352112001141996
27264109553003150719002780633
27264110349001593137001446297
27264141465001701549001547780
27264142348002633204002374894
27264142879001350186001294145
27264239422001322230001192711
27264283855001352110001141994
27264386441001213866001091276
27264388711000997140000888407
27264388746001213866001091276
27264390457001243747001040559
27264391895001322230001192711
27264392700001159685001040559
27264392727001538956001395580
27264431161002416357002171905
27264487183001297928001091276
27264487477001430713001294266
27264489151001297928001091276
27264590200001322230001192711
27264590294001268048001141994
27264590847001105504000989842
27264591592001105504000989842
27264591622001159685001040559
27264592858001148309001029911
27264593145001484775001344863
27264594370001809863001649166
27264594737002573196002363692
27264595857001731381001497015
27264595903001297928001091276
27264597221001484895001344983
27265178125001268168001142114
27265299348002662963002324056
27265300265001268048001141994
27265300354001268048001141994
27265357127001268048001141994
27265357429002673542002378943
27265357631001180662001040559
27265373734001268048001141994
27265462621002416477002172025
27265517949001376531001243548
27265528339003001505002685929
27265589710001452260001398087
27265700743002252395002073553
27265702851001259411001126428
27265705214001159685001040559
27265705753001051321000939124
27265858258001623018001395580
27265858878002136547001969036
27265859114000997140000888407
27265860953001430713001294266
27265864053001297928001091276
27265864592002704977002442073
27265865106003886831003593342
27265865505001268048001141994
27265963426001213866001091276
27265963647001243747001040559
27265980126001513547001457506
27266294080001785563001547732
27266294137001484895001344983
27266294374001677199001446297
27266294617001568956001344983
27266294684001352110001141994
27266294854001243747001040559
27266294986001514775001294266
27266353834002741567002476329
27266355896001297928001091276
27266361098001376511001243528
27266361659001731381001497015
27266399036001322230001192711
27266407047001159685001040559
27266407314000997140000888407
27266407500001148309001029911
27266408175001268048001141994
27266467996002225632001959666
27266472213001189565000989842
27266472221001352110001141994
27266570061001213866001091276
27266570207001105504000989842
27266951081001198035001141994
27266951324001514654001294145
27266952606001268168001142114
27267070879002181300001918167
27267074246001213866001091276
27267124936001268048001141994
27267183681001785563001547732
27267204522001213866001091276
27267293282001484966001344863
27267293487002633204002374894
27267296850002849811002577643
27267296966001701501001547732
27267412079001159685001040559
27267430778001785683001547852
27267437195001159685001040559
27267594738001568836001344863
27267630769001105504000989842
27267635701001785563001547732
27267678095001568836001344863
27267678176001352230001142114
27267678613001171530001142114
27267678672001135383000939124
27267744322001376411001243428
27267745280001051321000939124
27267748662002919484002609152
27267810260002717266002374894
27267814177002427360002148494
27267898311002705771002364126
27267898419001376531001243548
27267898974002584481002171905
27267899083001189565000989842
27267976304001568836001344863
27267991885002673422002378823
27268071895001352230001142114
27268072115002741446002476208
27268084652001322230001192711
27268132703001444064001306755
27268274591001198037001141996
27268349419001159685001040559
27268373905001647320001497015
27268402921001568836001344863
27268458676001322230001192711
27268522501002917443002685929
27268522609002759987002538540
27268559057001051321000939124
27268559103001297928001091276
27268559960000944448000888407
27268597617001595979001595979
27268680360001268168001142114
27268707706002524721002273340
27268762219001376531001243548
27268762766001268050001141996
27268769221002692845002273340
27268831822001731381001497015
27268832012001568836001344863
27268903920001406292001192711
27268905001001268048001141994
27268905788001268048001141994
27269090745002608783002273340
27269104568001051321000939124
27269104967001731501001497135
27269315569001376531001243548
27269391486004486471004030792
27269449514001352112001141996
27269549527001105504000989842
27269551181001568836001344863
27269553702001352113001141997
27269554296001147317001091276
27269554695001243747001040559
27269555934001213866001091276
27269557341001677199001446297
27269571786001322230001192711
27269756018002825629002476329
27269756891002066966001766166
27269806856001376531001243548
27269810918001586521001446418
27269931022002509381002225270
27270015196001785683001547852
27270051125002591401002302046
27270070928001623018001395580
27270102706001484775001344863
27270103613001268168001142114
27270103834001460473001243428
27270213990001135383000939124
27270223880001243747001040559
27270302837001213866001091276
27270303701001376415001243432
27270304309001376411001243428
27270305097001352230001142114
27270306034001256673001131346
27270306182000993484000939124
27270306247001430713001294266
27270306972001553056001497015
27270309009001159685001040559
27270309971002704927002442023
27270376032001677299001446397
27270376156001159685001040559
27270376806001159685001040559
27270377101001268048001141994
27270379562002608782002273339
27270405644001268050001141996
27270475383001243747001040559
27270479826001159685001040559
27270479982002345339002071717
27270573814001785563001547732
27270604698001484895001344983
27270640988003175020002882067
27270821001001406292001192711
27271100316001593137001446297
27271189856000997140000888407
27271228029001484895001344983
27271228312001593241001446401
27271228703001948174001699951
27271229386001460475001243430
27271229726002657258002363692
27271411206001039947000928477
27271691268002430406002171905
27271691519002837464002532376
27271769453003150718002780632
27271907120001376413001243430
27271907201001297928001091276
27271907864001484874001344962
27271909883000997140000888407
27271949834001460473001243428
27271984192001159685001040559
27271984834001159685001040559
27272216563001593258001446418
27272216571001460593001243548
27272217063001294145001294145
27272228154001213866001091276
27272228782001105504000989842
27272229991001105504000989842
27272252721003001505002685929
27272254279001785563001547732
27272289579002263319001994941
27272319281001383531001243428
27272420489001213866001091276
27272566564001268048001141994
27272672232001785683001547852
27272672569001213866001091276
27272713664002189124002148494
27272839900001243747001040559
27272931548001352110001141994
27272932048001593185001446345
27272932366002673422002378823
27272932374001785563001547732
27272932668001383651001243548
27273239346001159685001040559
27273358523001623018001395580
27273358973002394133002117391
27273358981001948107001699884
27273359139001352110001141994
27273482127001268050001141996
27273540844001105504000989842
27273694914001484895001344983
27273790026001893925001649166
27273901138002416477002172025
27273901286002717265002374894
27273901294001213866001091276
27273901707001198037001141996
27273903181001159685001040559
27273904455001268048001141994
27273906067000997140000888407
27273907209001051321000939124
27273907950001213866001091276
27273910501002091269001867601
27273911656000997140000888407
27273914914001213866001091276
27273915163001376411001243428
27273915805001159685001040559
27273920035001406292001192711
27273920183001376531001243548
27273921813002633204002374894
27273922534000981874000874117
27273924391001297928001091276
27273924693001376531001243548
27273927072001189565000989842
27273927471002837464002532376
27273928524001096720001040679
27273929717002705048002442144
27273929792001213866001091276
27273933196001159685001040559
27273933471001159685001040559
27273967570002837584002532496
27273967902002345339002071717
27274150241001785563001547732
27274152538002416477002172025
27274152880003178676002882067
27274228682001352230001142114
27274229042001180662001040559
27274286577001243430001243430
27274287123001159685001040559
27274287654001514654001294145
27274288324001268048001141994
27274333974001677199001446297
27274480519001268048001141994
27274483836003001505002685929
27274484859001159685001040559
27274552102001514775001294266
27274573118001213866001091276
27274756131001213866001091276
27274759939002416357002171905
27274855512001948107001699884
27274855652001268048001141994
27274855741001322230001192711
27274856721002307994002070470
27274858007001581883001435770
27274906354002633204002374894
27274909809001376531001243548
27274909949001189565000989842
27274909965002471663002189964
27274956742001503280001283498
27275027028001484895001344983
27275027249002406844002378823
27275071477001677199001446297
27275229445001352110001141994
27275229682002367757001969038
27275320361002345339002071717
27275419279001874542001664732
27275419384001376411001243428
27275474083001094128000979194
27275575521001460473001243428
27275575564001568836001344863
27275575599001406292001192711
27275597304002608783002273339
27275597649000995165000939124
27275620470001376411001243428
27275625847001701501001547732
27275665644001096600001040559
27275703651001406292001192711
27275704054003001505002685929
27275796021001147317001091276
27275816898001299469001243428
27275817800001268168001142114
27275828829001593137001446297
27275852398001484895001344983
27275984650001785563001547732
27276067465002181297001918164
27276067619001189565000989842
27276080232002380537002183359
27276085129002748612002527892
27276085137001297928001091276
27276085358001484775001344863
27276085927001213866001091276
27276087385001400904001344863
27276087466001213866001091276
27276088705002919484002609152
27276099499001785683001547852
27276101639001105504000989842
27276102775001096600001040559
27276114781002427360002148494
27276141355001268048001141994
27276146543002673422002378823
27276158010001213866001091276
27276192847001159685001040559
27276457956002367756001969036
27276737681001243747001040559
27276769451001376531001243548
27276791031001547732001547732
27276837406002837464002532376
27276864551001376413001243430
27276864977001344863001344863
27277211241000984518000928477
27277229043001268168001142114
27277415637002933872002577643
27277456163001593137001446297
27277491597001105504000989842
27277491724001785563001547732
27277627960001322230001192711
27277667903001243747001040559
27277715487001159685001040559
27277725539002849838002577670
27277725881002345339002071717
27277726519001568836001344863
27277726756001028510000888407
27278404256001069826000877759
27278404817001159685001040559
27278404957001297928001091276
27278525258001135383000939124
27278528222002199632001969036
27278529547001731381001497015
27278658711001677199001446297
27278659408001322230001192711
27278683147003066657002780633
27278683457001159685001040559
27278683635000999929000812331
27278683899001593137001446297
27278692375001105504000989842
27278736372001893925001649166
27278899263001268048001141994
27279039357001484895001344983
27279057290001568836001344863
27279057339001352110001141994
27279057665001484775001344863
27279057673001376531001243548
27279057924002509381002225270
27279061468001189565000989842
27279064394001785563001547732
27279066028001159685001040559
27279066222001243747001040559
27279067156002958257002679161
27279067512001105504000989842
27279068225002837511002532423
27279068470001406292001192711
27279069582002509381002225270
27279069655001677199001446297
27279069663001159685001040559
27279069671001322230001192711
27279075272002849810002577643
27279076473001484775001344863
27279076783001268048001141994
27279078255001135383000939124
27279079022001785563001547732
27279086053001352110001141994
27279087556002416477002172025
27279090433002589443002378906
27279135100001893925001649166
27279175757001202491001080628
27279176419001460473001243428
27279180017001460473001243428
27279180262001677199001446297
27279258784001243747001040559
27279259551001297928001091276
27279364630001105504000989842
27279368253001096661001040620
27279372056001268048001141994
27279447439001105504000989842
27279627941001623018001395580
27279702501001297928001091276
27279746347001538956001395580
27280154127001514654001294145
27280180489001665824001435649
27280485921001376411001243428
27280487088001623018001395580
27280487177001198037001141996
27280487401001268048001141994
27280488688001268168001142114
27280489382001268048001141994
27280489889001096866000974276
27280490518001189565000989842
27280491999001268048001141994
27280683618001568836001344863
27280861710001213866001091276
27281076219000888777000786973
27281251398001485086001344983
27281252114001186336001091276
27281252270001268168001142114
27281252408002392056002070470
27281252513001677199001446297
27281253188001094128000979194
27281254311001159685001040559
27281254664001268050001141996
27281390770001484877001344965
27281397201001268168001142114
27281397996002416357002171905
27281437823000953710000939124
27281944105001147317001091276
27282117032003001552002685976
27282118489002917443002685929
27282118586003234661002780512
27282126244002633086002374776
27282206442001243747001040559
27282455701001213866001091276
27282456406001189565000989842
27282456422001297928001091276
27282456627001243747001040559
27282457550001352110001141994
27282458352002427360002148494
27282459782001731381001497015
27282459863001406292001192711
27282461507002633204002374894
27282462937001568836001344863
27282463011001051321000939124
27282463550001217160001094359
27282475540001079227000939124
27282476512001079227000939124
27282478760001213866001091276
27282666710001268048001141994
27282666982002427360002148494
27282913807001376411001243428
27282922741001460475001243430
27283235500001213866001091276
27283400978001623018001395580
27283427701001460473001243428
27283501219001213866001091276
27283738936002514468002171905
27283788526001514654001294145
27283788690001460473001243428
27284290262001159685001040559
27284330876001159685001040559
27284421510001568956001344983
27284447404001213866001091276
27284583065001268048001141994
27284583561001051321000939124
27284583960001268050001141996
27284584010001105504000989842
27284585874001268168001142114
27284758035002333163002070470
27284758272001189565000989842
27284758450001159685001040559
27284758752001376411001243428
27284758809001406292001192711
27284764450001460473001243428
27284864595001159685001040559
27284969060002608782002273339
27284972355001135383000939124
27284972754002591401002302046
27284973505002673422002378823
27285030736001159685001040559
27285248642001159685001040559
27285306294001731381001497015
27285307541001593137001446297
27285311743001785565001547734
27285464825001623018001395580
27285610880000993484000939124
27285698745001135383000939124
27285941194001297928001091276
27285941607001213866001091276
27285941755001297928001091276
27285943081001430592001294145
27285943626001159685001040559
27285943952001352110001141994
27285945203001677199001446297
27285947435001135383000939124
27285949969001623018001395580
27286073757001322232001192713
27286378582001051321000939124
27286378736002263319001994941
27286772655001213866001091276
27286774909001105504000989842
27286777878001069701000989842
27286802791002673424002378825
27286966735002199632001969036
27287082628001159685001040559
27287242226001352110001141994
27287247090002825630002476329
27287247597001701621001547852
27287332233001514654001294145
27287335003001213866001091276
27287384667001159685001040559
27287440354001213866001091276
27287441202001105504000989842
27287442756001243747001040559
27287444384002346344002171905
27287444538001322230001192711
27287476642001376531001243548
27287541118001593137001446297
27287542157001231660001141994
27287546969001406292001192711
27287547191001159685001040559
27287547612001051321000939124
27287618153001637118001497015
27287792269002657289002363723
27287792595001352110001141994
27287845311001159685001040559
27287992586001081202000888407
27288126513002345339002071717
27288126726001568956001344983
27288127501002259391001867601
27288298462001297928001091276
27288399439001159685001040559
27288705416002524840002273459
27288705777001623018001395580
27288706374001051321000939124
27288708458002367756001969036
27288754719002416477002172025
27288854314001243747001040559
27288854411001376531001243548
27288985435001051321000939124
27288988450001105504000989842
27288989783001268168001142114
27288992369001352110001141994
27289000130001268048001141994
27289000653001051321000939124
27289001021001268168001142114
27289002249001677320001446418
27289003180001051321000939124
27289024234001213866001091276
27289024684001320490001243548
27289024900002591401002302046
27289176654002416477002172025
27289179688001568836001344863
27289189446001243747001040559
27289189470002673422002378823
27289189683001514654001294145
27289189802001243747001040559
27289210313001918227001750601
27289211719003066536002780512
27289441560001376411001243428
27289586712001243747001040559
27289693810001352230001142114
27289798442001332814001192711
27290061895001213866001091276
27290218743001039947000928477
27290245899001538956001395580
27290323547002242173002070470
27290375741001268048001141994
27290378120001198035001141994
27290379720002182552002070470
27290685481002781805002435299
27290685813002307995002070471
27290688502001268168001142114
27290854240001268048001141994
27290963511001376411001243428
27291034034001460473001243428
27291034972001213866001091276
27291035030001668563001430732
27291036002001297928001091276
27291235455001376483001243500
27291238721001189565000989842
27291425432001105504000989842
27291425815001268168001142114
27291427273001105504000989842
27291448467002933992002577763
27291794128001677199001446297
27291794918001268048001141994
27292140180001376531001243548
27292312925001213866001091276
27292348644001159685001040559
27292365441001147317001091276
27292366995001049462000989842
27292374254002654264002360890
27292374793003001625002686049
27292389995001593137001446297
27292422992001159685001040559
27292763781001623018001395580
27292763854002099277001841388
27293263553001268168001142114
27293263766001460593001243548
27293401808001247172001142114
27293659473001731381001497015
27293764811001051321000939124
27293765990002832774002527993
27293767063001159685001040559
27293768469001051321000939124
27293770234001051321000939124
27293770447001159685001040559
27293843096001213866001091276
27293846745001148309001029911
27293846850001484775001344863
27293846931001105504000989842
27293927494001213866001091276
27294051924001623018001395580
27294290058001593242001446402
27294290236002832676002527895
27294444942001159685001040559
27294516048001243747001040559
27294516293001135383000939124
27294517117002307994002070470
27294517451001568836001344863
27294517583001352230001142114
27294517907001105504000989842
27294529484001332814001192711
27294532353001039947000928477
27294532876001268048001141994
27294534739001568956001344983
27294535972002283694001969036
27294584558001268048001141994
27294584736001015645000827042
27294633257001081202000888407
27294865255001105504000989842
27294869285001268048001141994
27294869374001268048001141994
27295070493001406292001192711
27295073824001248752001192711
27295074294001513546001457505
27295091261001051321000939124
27295140610001096600001040559
27295341802002825508002476208
27295466168001268048001141994
27295488250001352110001141994
27295740464001045883000989842
27295740499002427360002148494
27295767907001159685001040559
27295768210001105624000989962
27295786855001677199001446297
27295787703001433382001218069
27295810918001406292001192711
27295827756001105504000989842
27295890768001433382001218069
27296045069001213866001091276
27296047231001147317001091276
27296047770002310071002117391
27296049773001051321000939124
27296131836001677199001446297
27296131879001124009000928477
27296132506001243747001040559
27296251386001352110001141994
27296251408001189565000989842
27296787502000944448000888407
27297165122001243747001040559
27297166323001268048001141994
27297167346001159685001040559
27297279780001593242001446402
27297790868001129945000989842
27297833354001147317001091276
27297835381001184607001141994
27297855102001376411001243428
27297856435001105504000989842
27297888078002849932002577764
27298109056002307994002070470
27298109358001677199001446297
27298109668001460473001243428
27298109781001677199001446297
27298115366001785563001547732
27298116540001568956001344983
27298140530001785563001547732
27298140778001213866001091276
27298142118001352110001141994
27298142576001731381001497015
27298146482001406292001192711
27298148655001322230001192711
27298152059001243747001040559
27298152261001189565000989842
27298152997001367775001227863
27298240144001081202000888407
27298317910001623018001395580
27298318933001213866001091276
27298370943001268050001141996
27298371435002500420002171905
27298447571001460593001243548
27298456473001135383000939124
27298607331001406292001192711
27298749934002837004002486976
27298801529001189565000989842
27298810900001406292001192711
27298821597001159685001040559
27298870091001051321000939124
27298871950001051321000939124
27298941207001268168001142114
27298979166001268168001142114
27299134127001159685001040559
27299139404001213866001091276
27299140038002673422002378823
27299291303002933992002577763
27299308540002673424002378825
27299308753001406292001192711
27299375396002591401002302046
27299767375002392056002070470
27299767553002524840002273459
27299768614000997140000888407
27299769009001982904001766166
27300050927001352110001141994
27300065851001568836001344863
27300255553001105504000989842
27300310287001406292001192711
27300587343001159685001040559
27300593610001514654001294145
27300593734001051321000939124
27300767406002524721002273339
27300883678002591401002302046
27301079244001178190000979194
27301079627001105504000989842
27301106985001268048001141994
27301181421000877463000776386
27301181545001105504000989842
27301184730001213866001091276
27301185796001430592001294145
27301329100001297928001091276
27301750019001568836001344863
27301750469001350186001294145
27301750515002584481002171905
27301750663001731381001497015
27301770311001568836001344863
27301771059000997140000888407
27301771180000888777000786973
27302009029001297928001091276
27302009134002283694001969036
27302080874001105504000989842
27302081315001051321000939124
27302082656002633084002374774
27302084268001406292001192711
27302412893001159685001040559
27302414241001785563001547732
27302414810001159685001040559
27302522060001352230001142114
27302522176001495653001395580
27302522575001647320001497015
27302522710001297928001091276
27302668405001297928001091276
27302716523001213866001091276
27302799445001623018001395580
27303002966001213866001091276
27303161142001159685001040559
27303163390001105504000989842
27303164036001159685001040559
27303168848001503280001283498
27303180015001159685001040559
27303180031001282097001141994
27303180902001105504000989842
27303182476001189565000989842
27303182700001189565000989842
27303198372001189565000989842
27303423287001268048001141994
27303423589001213866001091276
27303423872001332814001192711
27303536294000997140000888407
27303537339001189565000989842
27303538025001514654001294145
27303538823001568836001344863
27303550718001105504000989842
27303554179001096600001040559
27303554411001647320001497015
27303556503001213866001091276
27303729424001081202000888407
27303730074001159685001040559
27303731852002416477002172025
27303884055002207427001867601
27304339085001268048001141994
27304348165001677272001446370
27304354866002591401002302046
27304415628001105504000989842
27304415687001051321000939124
27304430147001159685001040559
27304430155001159685001040559
27304430597001365036001232780
27305067402001406292001192711
27305070705001268048001141994
27305070772001147317001091276
27305071485001514654001294145
27305071639000877222000827042
27305080298001213866001091276
27305223781001243747001040559
27305386524002509381002225270
27305507046001159685001040559
27305687737001268048001141994
27305777523001376411001243428
27305777590001568836001344863
27305778465002345339002071717
27305778511001514654001294145
27305778651003234660002780512
27305778953001297928001091276
27305839219001514654001294145
27305839359001376411001243428
27305839987002509381002225270
27305890028001406292001192711
27305906099001593185001446345
27306167087001352110001141994
27306167133001268048001141994
27306221375001105504000989842
27306222126001268048001141994
27306270155001297931001091279
27306272530001406292001192711
27306274460001243747001040559
27306274746001189565000989842
27306328773002199632001969036
27306410070000997140000888407
27306410100001159685001040559
27306457425001268048001141994
27306531838001268048001141994
27306556075001268048001141994
27306706107001593137001446297
27306811687002673424002378825
27306811806001460473001243428
27306841594001105504000989842
27306843244001677199001446297
27306843341001352110001141994
27306848238000753216000697175
27306848246001147317001091276
27306849153000997140000888407
27306850089001103644001040559
27306850151001406292001192711
27306901783001376411001243428
27306901961001568836001344863
27307073175002313573001918318
27307073426001069826000877759
27307073612001677199001446297
27307121102001105504000989842
27307123709001051321000939124
27307728228000997140000888407
27307729011001460473001243428
27307729895001124009000928477
27307983848001159685001040559
27307984437000714857000624173
27307988483001051321000939124
27307988998000997140000888407
27308072334001243747001040559
27308173912001514654001294145
27308217960001677202001446300
27308279869002263319001994941
27308725885001198035001141994
27308726997001514654001294145
27308727764001352110001141994
27308734191001586521001446418
27309176842001159685001040559
27309178527001159685001040559
27309534196002392056002070470
27309719846001159685001040559
27309737070001731381001497015
27309737895002717146002374774
27309939951001514654001294145
27309955256001297928001091276
27310448635001105504000989842
27310815158000999929000812331
27310815220001051321000939124
27310815255001297928001091276
27310815948001180662001040559
27310815956001243747001040559
27310816162001135383000939124
27310816855001352110001141994
27310817061001213866001091276
27310839790001400904001344863
27311202184001105504000989842
27311202702001159685001040559
27311209669002524721002273339
27311318778000790937000650834
27311411654002199632001969036
27311621039001159685001040559
27311621152001135383000939124
27311699607001484775001344863
27311787611001406292001192711
27311805075001135383000939124
27311806470001147317001091276
27311807221001051321000939124
27311892164001677199001446297
27311892326002692845002273340
27311892741001623018001395580
27312332227001460473001243428
27312486127001079227000939124
27312486178002591401002302046
27312500316001297928001091276
27312675582002481017002232430
27312683321001268050001141996
27312734988003065040002779111
27312963146001213866001091276
27313050632001105504000989842
27313052279001040102000939124
27313054859000944448000888407
27313115874001268048001141994
27313116889001105504000989842
27313358696001051321000939124
27313359021001677199001446297
27313370017001677199001446297
27313456612001051321000939124
27313740116001514654001294145
27313919736001159685001040559
27313919779001189565000989842
27313919841001105504000989842
27314145351001180662001040559
27314145742002362459002070470
27314145939001406292001192711
27314175269001623018001395580
27314177210001213866001091276
27314177598001535683001395580
27314618616001189565000989842
27314664197001159685001040559
27314664553001051321000939124
27314666823001677199001446297
27314746673001159685001040559
27314751642001297928001091276
27314815195001568836001344863
27314907758001213866001091276
27315067125001189565000989842
27315067915001623018001395580
27315068571002199632001969036
27315068628001294145001294145
27315097113001189565000989842
27315100017001352110001141994
27315100114001593137001446297
27315202510001105504000989842
27315798243001039947000928477
27315798375001460473001243428
27315798537001677199001446297
27315854038001189565000989842
27315960555001769152001611058
27315962825001189565000989842
27316134217001352110001141994
27316210207001213866001091276
27316210304001677199001446297
27316211785001159685001040559
27316211947001449098001232780
27316212781001213866001091276
27316564319001352110001141994
27316985667001051321000939124
27317133699001322230001192711
27317165280001189565000989842
27317294641001159685001040559
27317328740001406292001192711
27317374076001243747001040559
27317391671001268048001141994
27317394840001159685001040559
27317411753001105504000989842
27317413713000997140000888407
27317536319001623018001395580
27317545601001243747001040559
27317545806001135383000939124
27318197321001105504000989842
27318197917001568836001344863
27318245016001243747001040559
27318251814001159685001040559
27318252691001051321000939124
27318334817001514654001294145
27318377311001051321000939124
27318378067001051321000939124
27318378644001081202000888407
27318409078001935235001687835
27318409124002509381002225270
27318410793001352110001141994
27318593081001039947000928477
27318593731001677199001446297
27318593863001677199001446297
27318641310001297928001091276
27318641744001406292001192711
27318641809001213866001091276
27318886518002097236001918164
27318937139001322230001192711
27319065062001376411001243428
27319065348001189565000989842
27319066727001434248001294145
27319118298001299469001243428
27319118441001514654001294145
27319246938000997140000888407
27319625327001376411001243428
27319768322001406292001192711
27319768365002367756001969036
27319768578002744966002445792
27319769051001159685001040559
27319769728001297928001091276
27319769981001243747001040559
27319889871001593137001446297
27319909759001159685001040559
27319911052002476118002070470
27319911834000931583000827042
27319912040001135383000939124
27320535714000769038000674890
27320539442001096918000903118
27320540777002416477002172025
27320544012001051321000939124
27320544233001202491001080628
27320544462002591401002302046
27320544632002345339002071717
27320550586001637118001497015
27320553992001159685001040559
27320556568001159685001040559
27320561057001376411001243428
27320561391001081202000888407
27320607618001982904001766166
27320608118001406292001192711
27320608312001105504000989842
27320611879001079227000939124
27320774050001105504000989842
27320774301001352110001141994
27320774395000997140000888407
27320774840001297928001091276
27320824503001243747001040559
27320824554002528376002273339
27320824937001460473001243428
27321088398002825509002476209
27321154463001623018001395580
27321321602001045883000989842
27321322692001105504000989842
27321347555001352110001141994
27321383977001243747001040559
27321384582001051321000939124
27321397358001243747001040559
27321546310001159685001040559
27321548046001159685001040559
27321633191001105504000989842
27321679396001105504000989842
27322054500001568836001344863
27322070107001135383000939124
27322070255001159685001040559
27322070328001243747001040559
27322072363001135383000939124
27322072568002283694001969036
27322210561001135383000939124
27322210723001677199001446297
27322301214001406292001192711
27322497003001243747001040559
27322770761002367756001969036
27322771350001297928001091276
27322771687001159685001040559
27322772349001081202000888407
27322772535001213866001091276
27322772926001623018001395580
27322835138001268048001141994
27323019547002199632001969036
27323096711001243747001040559
27323146662000997140000888407
27323147014000995165000939124
27323331354001213866001091276
27323518586001297928001091276
27323555503001731381001497015
27323647386001147317001091276
27323649672001982904001766166
27323704266001159685001040559
27323825306001051321000939124
27324013321001297928001091276
27324140501001568836001344863
27324144043001623018001395580
27324144477001623018001395580
27324160146002345339002071717
27324160758001460473001243428
27324160839001159685001040559
27324160960001189565000989842
27324161177001189565000989842
27324161916001097421000982276
27324162777001297928001091276
27324386896001180662001040559
27324423368001105504000989842
27324593379001159685001040559
27324760569001051321000939124
27324760682001213866001091276
27324763290001213866001091276
27325061257001593137001446297
27325061818002017256001764611
27325062881001677199001446297
27325065813001189565000989842
27325066879001135383000939124
27325216331001081202000888407
27325240453002283694001969036
27325241727001514654001294145
27325241948001105504000989842
27325241999001159685001040559
27325299644001593137001446297
27325299660001079227000939124
27325388507001213866001091276
27325399142002509381002225270
27325399940001105504000989842
27325420591001180662001040559
27325422942001159685001040559
27325433316001623018001395580
27325477496001376411001243428
27325504612001243747001040559
27325506968001460473001243428
27325695809002717146002374774
27325706894001352110001141994
27325917526001096600001040559
27325917542000572559000516518
27325992978001352110001141994
27326120044001297928001091276
27326620918001105504000989842
27326624611001159685001040559
27326639228001213866001091276
27326639325001785565001547734
27326639597001785565001547734
27326639643001647320001497015
27326639961001484895001344983
27326640005001568836001344863
27326846444001926748001766166
27326851022001677199001446297
27326854749001159685001040559
27326856539001189565000989842
27326858183000995165000939124
27326858973001376411001243428
27326859090001213866001091276
27326885636001159685001040559
27327057648001406292001192711
27327131481002509381002225270
27327195595001105504000989842
27327196982001243747001040559
27327413940001538956001395580
27327495246001189565000989842
27327495386001206160001091276
27327495866001406292001192711
27327496250001159685001040559
27327496412001081202000888407
27327496498001243747001040559
27327739021001105504000989842
27327740852002673422002378823
27327742243001677199001446297
27327742472001051321000939124
27327745587000997140000888407
27327761345001159685001040559
27327761582001105504000989842
27327885605001105504000989842
27327997071001135383000939124
27328092870001322230001192711
27328361278001322230001192711
27328423575001430592001294145
27328553770001105504000989842
27328559205001352110001141994
27328559396001297928001091276
27328559639001213866001091276
27328591761001677199001446297
27328592385001105504000989842
27328593349001097421000982276
27328593462002091269001867601
27328597506001159685001040559
27328598332001159685001040559
27328598995001159685001040559
27328599274001159685001040559
27328629742001051321000939124
27328733906002175330001867601
27328885196001159685001040559
27328885684001159685001040559
27328885986001282097001141994
27328931848001105504000989842
27328961976001105504000989842
27328980148001243747001040559
27329001720001406292001192711
27329281480000997140000888407
27329283181000997140000888407
27329287144001159685001040559
27329288167001268048001141994
27329379995000961464000776325
27329380225001081202000888407
27329663332001081202000888407
27329804076001051321000939124
27329804696001051321000939124
27329804858000997140000888407
27330175708001213866001091276
27330546250000714857000624173
27330548172001514654001294145
27330548490001105504000989842
27330620213001352110001141994
27330620515001268048001141994
27330620655001268048001141994
27330620930002825510002476210
27330621805001484777001344865
27330622976001593137001446297
27330626742001243747001040559
27330627390001974269001750601
27330629164001243747001040559
27330631630001159685001040559
27330635083001677199001446297
27330650058001051321000939124
27330652395001105504000989842
27331309554001135383000939124
27331366620002509381002225270
27331366949001623018001395580
27331369190000985765000877759
27331369328001248752001192711
27331372108001484779001344867
27331373503001623018001395580
27331374097001213866001091276
27331408625001051321000939124
27331409796000997140000888407
27331410700001677199001446297
27331410727002307994002070470
27331420471001623018001395580
27331420544001243747001040559
27331420595001395580001395580
27331421818001159685001040559
27331423160001406292001192711
27331534744001623018001395580
27331649657001568836001344863
27331804830001352110001141994
27331878346001135383000939124
27331981120001159685001040559
27332064520001406292001192711
27332077096000918657000736255
27332077312001243747001040559
27332077525001677199001446297
27332077533001352110001141994
27332077746001159685001040559
27332078610001105504000989842
27332080275001135383000939124
27332081581001406292001192711
27332081999001159685001040559
27332102554001568836001344863
27332346097001243747001040559
27332889252001028510000888407
27332895139001159685001040559
27332895449001286553001080628
27332895694001623018001395580
27332934533001677199001446297
27333518185001243747001040559
27333518363001460473001243428
27333518924001484775001344863
27333719342000995165000939124
27333719970001159685001040559
27333720332000997140000888407
27333721134001297928001091276
27333850392001593137001446297
27333851151001159685001040559
27333851283001243747001040559
27334364629001105504000989842
27334464356001231379001091276
27334534117001484966001344863
27334535377000769038000674890
27334535393001623018001395580
27334535571001568836001344863
27334544015001514654001294145
27335201170001051321000939124
27335209376001406292001192711
27335210986001014309000928477
27336171135001785563001547732
27336219162001213866001091276
27336220217001297928001091276
27336220667001159685001040559
27336221582001105504000989842
27336221787001081202000888407
27336271121001243747001040559
27336271717001039947000928477
27336272276001051321000939124
27336290681001189565000989842
27336291564001159685001040559
27336291947001105504000989842
27336307045000961464000776325
27336346636001406292001192711
27336348027000997140000888407
27336348523001484775001344863
27336377809001352110001141994
27336381237001094128000979194
27336381962001015645000827042
27336390686001568836001344863
27336393111001243747001040559
27336477196001189565000989842
27336477242001352110001141994
27336478044001352110001141994
27336478249001135383000939124
27336713108001434248001294145
27336723006001135383000939124
27336931539001243747001040559
27336935429001051321000939124
27337266792001105504000989842
27337489546002306424002035290
27337492075001159685001040559
27337492636002608784002273340
27338197603001081202000888407
27338822532001159685001040559
27338829561001105504000989842
27338872386001212007001141994
27338872637002392057002070471
27338872688001731381001497015
27338873552001677199001446297
27338873587000997140000888407
27338873854001484775001344863
27338874796001268048001141994
27338878694000997140000888407
27338879909001159685001040559
27338885062001243747001040559
27338915212000985765000877759
27338915662001352110001141994
27339259378002368049002171905
27339263553001051321000939124
27339566327001785563001547732
27339584023001129945000989842
27339584066001297928001091276
27339585046001159685001040559
27339586166001148718001091276
27339586212001243747001040559
27340102458001189565000989842
27340607134001159685001040559
27340820865001514654001294145
27340820911001015645000827042
27340821578001435467001300034
27341050664001677199001446297
27341054430001243747001040559
27341054767001623018001395580
27341055216001135383000939124
27341055542001243747001040559
27341055550001051321000939124
27341055852001129648000989842
27341055879001568836001344863
27341069888001268048001141994
27341081349001051321000939124
27341671464000997140000888407
27341672819000997140000888407
27341688618001514654001294145
27341689126001243747001040559
27341689363001514654001294145
27341689827002283694001969036
27341692186001105504000989842
27341694790001243747001040559
27341721127001081202000888407
27341834398001051321000939124
27342241420001135383000939124
27342242257002263319001994941
27342311658001051321000939124
27342312859001135383000939124
27342417014001105504000989842
27342417316002427360002148494
27342417456001081202000888407
27342417804001243747001040559
27342418738001081202000888407
27342436086001051321000939124
27342436396001593137001446297
27342439824000997140000888407
27342636603001189565000989842
27343104176001352110001141994
27343145093001051321000939124
27343299082001105504000989842
27343531171001430592001294145
27343531295001623018001395580
27343531457001189565000989842
27343981770001284816001218069
27344230175002595857002182553
27344428102000997140000888407
27345820243001081202000888407
27346033229001514654001294145
27346371116001051321000939124
27346371426001297928001091276
27346379036001623018001395580
27346380646001159685001040559
27346380751001105504000989842
27346380840001135383000939124
27346383475001434248001294145
27346938841001213866001091276
27346940218001216655001015200
27346940234000997140000888407
27346953085001568836001344863
27346958540002343298002148494
27347842015001135383000939124
27347842058001243747001040559
27347842260001352110001141994
27347842651001352110001141994
27348638365001568836001344863
27348638624001623018001395580
27348638942001135383000939124
27348639027001189565000989842
27348639205001406292001192711
27348639663001623018001395580
27348789045000931583000827042
27348800154001268048001141994
27348801746000997140000888407
27348887136001081202000888407
27349183469001144185001040559
27349184163001434248001294145
27349190422001243747001040559
27349190856001406292001192711
27349192956001189565000989842
27349196765001623018001395580
27349197257001677199001446297
27349255699001433382001218069
27349255710001623018001395580
27349255915001514654001294145
27349258302001159685001040559
27349260471001514654001294145
27349260595001623018001395580
27349260714001297928001091276
27349260919001135383000939124
27349261400001189565000989842
27349261575001135383000939124
27349262172001213866001091276
27349265201001159685001040559
27349265775001421920001344863
27349266860001081202000888407
27349309357001051321000939124
27349810242001568836001344863
27349814264001051321000939124
27349816429000997140000888407
27349818642002345339002071717
27349943226001081202000888407
27349944222001051321000939124
27349945644001045883000989842
27349956190001406292001192711
27350525691001677199001446297
27350871352002181297001918164
27351053750001568836001344863
27351063551001051321000939124
27351064191001105504000989842
27351065260001051321000939124
27351065694001406292001192711
27351066291001051321000939124
27351648363001081202000888407
27351649149001243747001040559
27351649203001677199001446297
27351649327001096600001040559
27351649394001514654001294145
27351649564001105504000989842
27351649815001538956001395580
27351777023001268048001141994
27351777333002509381002225270
27351777988001189565000989842
27351993893001051321000939124
27352128789001352110001141994
27352469977001051321000939124
27352866240001135383000939124
27352866887001129945000989842
27352867980001105504000989842
27352868030001135383000939124
27352869347002175330001867601
27352869711001297928001091276
27352876572001105504000989842
27353437947001051321000939124
27353453780000997140000888407
27353454507001189565000989842
27353454574001159685001040559
27354529462001135383000939124
27354760717001105504000989842
27355042710000997140000888407
27355824476001135383000939124
27356847917001297928001091276
27357377582001297928001091276
27357377728001484775001344863
27357377965001135383000939124
27357382977001189565000989842
27357384112001051321000939124
27357384554001105504000989842
27357392190001568836001344863
27357392360001081202000888407
27357392638001081202000888407
27357395122001015645000827042
27357397540001514654001294145
27357400290001484966001344863
27357400452001538956001395580
27357400509001213866001091276
27357400959001268048001141994
27357401009002261277002071717
27357401963002263319001994941
27357402986001243747001040559
27357407155000877402000776325
27357407244001051321000939124
27357412205001243747001040559
27357422553001297928001091276
27357422588001135383000939124
27357424416001081202000888407
27357427466001514654001294145
27357428721001243747001040559
27357435345001051321000939124
27357435515001352110001141994
27357436554000961464000776325
27357436716001297928001091276
27357438468001297928001091276
27357439480001135383000939124
27357445162001568836001344863
27357445278001568836001344863
27357445529001051321000939124
27357448056001406292001192711
27357452282001352110001141994
27357452401001352110001141994
27357453122000997140000888407
27357454919002263319001994941
27357465295001484966001344863
27357465503001297928001091276
27357468928001135383000939124
27357469673000997140000888407
27358427419001352110001141994
27358429535002261277002071717
27358429829001297928001091276
27358430010001081202000888407
27358437503001135383000939124
27358440644001135383000939124
27358445204002692845002273340
27358446626001051321000939124
27358449080001105504000989842
27358451425001484966001344863
27358454629001297928001091276
27358455544001243747001040559
27358455633001079227000939124
27358458071001051321000939124
27358458179001514654001294145
27358459809001189565000989842
27358470306001031075000888407
27358472651001108293000913766
27358473178001623018001395580
27358997649000877402000776325
27359137600001406292001192711
27359177513000997140000888407
27359414108001623018001395580
27360447222001084849000970508
27361216607002017256001764611
27361220426001051321000939124
27361221791001081202000888407
27361366293001785563001547732
27361366323001376411001243428
27362283413001568836001344863
27362980823000997140000888407
27363922568001105504000989842
27363922762001297928001091276
27365174089001623018001395580
27365176367001568836001344863
27365176693001135383000939124
27365176898001297928001091276
27365180364001297928001091276
27365184440001568836001344863
27365188020001297928001091276
27365191544001213866001091276
27365191862001514654001294145
27365745256001243747001040559
27365906950001189565000989842
27366388171001568836001344863
27366389909001623018001395580
27366390281000997140000888407
27366390303000995165000939124
27366391857000985765000877759
27366398843001434248001294145
27366400112001051321000939124
27366401143001568836001344863
27366404126001028510000888407
27366407613001159685001040559
27366410657001677199001446297
27366417198001094128000979194
27366418127001105504000989842
27366418380000997140000888407
27366425328001135383000939124
27367133894001297928001091276
27367135633001135383000939124
27367137113002091269001867601
27367390943001568836001344863
27368788940000997140000888407
27369286930001514654001294145
27369287112000997140000888407
27369945659002017256001764611
27369947309001297928001091276
27369947880000877402000776325
27371029287001081202000888407
27371032075000997140000888407
27371193249000997140000888407
27371289289001268048001141994
27371291798001352110001141994
27371294622001081202000888407
27371294754001028510000888407
27371295718000972839000786973
27371302862001352110001141994
27371310393001297928001091276
27371316189001568836001344863
27371316227001568836001344863
27371316243001352110001141994
27371316286001568836001344863
27371316944001189565000989842
27373132727001081202000888407
27374104549000961464000776325
27374105189001406292001192711
27374108935001135383000939124
27374119228000997140000888407
27374119295001028510000888407
27374414807001514654001294145
27374419426001147317001091276
27374419493001514654001294145
27374423121001433382001218069
27374443122000970539000939124
27374443904001189565000989842
27375096647001051321000939124
27375099344001352110001141994
27375099654001135383000939124
27375100598000997140000888407
27375294104000961464000776325
27375300961001079227000939124
27375301348000796130000700249
27375329749001081202000888407
27376509481001081202000888407
27376521864001189565000989842
27376526874001108293000913766
27376536195001081202000888407
27377110566001028510000888407
27377343919000997140000888407
27377361976000769038000674890
27377508276001322230001192711
27379543001000877402000776325
27379843129001514654001294145
27380527133002345339002071717
27380985077001135383000939124
27381122757001514654001294145
27381133465001105504000989842
27381134127001105504000989842
27381137282001028510000888407
27381138777001213866001091276
27381141646001081202000888407
27381144106001349320001218069
27381759151001015645000827042
27381859318001568836001344863
27383252453001081202000888407
27383543660001310854001182063
27383674854001081202000888407
27383679244001568836001344863
27383686658001081202000888407
27383706764001189565000989842
27384840200002042666001664732
27384851652001322230001192711
27384852179001081202000888407
27385561607001514654001294145
27385574016001081202000888407
27385592723001430592001294145
27386389840001213866001091276
27386412834001135383000939124
27386413385001514654001294145
27387174511001731381001497015
27387175003002673422002378823
27387185831002081118001969036
27387213282001081202000888407
27387214556001297928001091276
27387804922001297928001091276
27387829186002179257001994941
27388338976001189565000989842
27394493495001069826000877759
27394523866000997140000888407
27395811385001514654001294145
27397938692001081202000888407
27397946903001105504000989842
27397948477000972839000786973
27411246871001081202000888407
27430733376001568836001344863