20142147182019232228018127226
20143149464013784135013027477
20143624375011980087011338905
20148242004010172030009646325
20160062739024820015023357738
20160975793013784135013027477
20161722279016493214015563341
20161912124016493258015563385
20162803701023507883022129502
20163090660013785343013028685
20163462894009243323008801037
20164674054016493214015563341
20164680496024820015023357738
20164721087016493214015563341
20165248857016493214015563341
20165266219012881911012182991
20166147507022085991020798524
20166157936011883290011248169
20166200157024764399023430358
20166200432020589261019397493
20166202222024820015023357738
20166383022024820015023357738
20166623295024820015023357738
20166625093024820015023357738
20167156720035186216033288939
20167327835023357738023357738
20167336796015590188014718053
20167537848024820015023357738
20168023171010498291010498291
20168206667022085991020798524
20168429402024820015023357738
20168580984024820015023357738
20168605138014687161013872765
20168848448024820015023357738
20168851678014687161013872765
20169728853024820015023357738
20169996467038509357036296483
20170427859013784135013027477
20170729146024820015023357738
20170805152021152293020049206
20170805977024820015023357738
20171239134024820015023357738
20171243611024820015023357738
20171396086021152293020049206
20171396760034872307032891981
20171398518020718978019518916
20171612714022085991020798524
20171649715014687205013872809
20171705968014687161013872765
20171839646021951285020672431
20171876878033375577031490950
20172155082027743095026813222
20172960708013786139013029481
20172965866024820015023357738
20173225319016442184015563341
20173302003015590188014718053
20173453532011526570010914257
20173705221024820015023357738
20173933593024820015023357738
20173965649016493214015563341
20174248045023507883022129502
20174295795021946296020667761
20174563129014687161013872765
20174679631015590188014718053
20174679852016493214015563341
20174682136010623543010068969
20174837296009720517009223681
20174893382024820015023357738
20174982342016493214015563341
20174984086023453003022078131
20175024183032501557030767085
20175118374024820015023357738
20175141511016493214015563341
20175142364028376504026811510
20175242865016493214015563341
20175262114024820015023357738
20175484656024820015023357738
20175538551012882303012183383
20175622242026336701024777449
20175622838024820015023357738
20175638106014235648013450121
20175747517037606331035451195
20175747894024820015023357738
20175841769024820015023357738
20176191865016493214015563341
20176581612015869577014979579
20176707829016493214015563341
20176753529031988609030192662
20176753588016493214015563341
20176754126040315410037987059
20176772728012883113012184193
20176774836014687196013872800
20176784807016493214015563341
20176801469024820015023357738
20177314774024820015023357738
20177355004014688355013873959
20177390381024820015023357738
20177390799016493214015563341
20177442195023357738023357738
20177574156026336701024777449
20177649172014687161013872765
20177649245024820015023357738
20177649261012182240012182240
20177791629011075056010491613
20177791742024820015023357738
20177792501021926383020649124
20177792838023413090022040770
20177792919009269004008801037
20178065085024820015023357738
20178404831011075056010491613
20178405900012882303012183383
20178909380021926339020649080
20179089425016493214015563341
20179089565031115517029375395
20179089697040315410037987059
20179109582031117521029377399
20179118328024820015023357738
20179120411013742611013027477
20179121191024766403023432362
20179234816016493214015563341
20179319587013784135013027477
20179319943024820015023357738
20179611482026336701024777449
20179667879024820015023357738
20179668085016493214015563341
20179668298024820015023357738
20179669790011752326011125579
20179672503016493214015563341
20179914647024820015023357738
20180117165013332622012604833
20180370626023357738023357738
20180374079010931109010232189
20180405012012881109012182189
20180410156020718978019518916
20180410369022085991020798524
20180410539016493214015563341
20180577646026336701024777449
20180907751016495219015565346
20180981137016493214015563341
20181012693024820015023357738
20181013134023413090022040770
20181023059012881144012182224
20181023539014687161013872765
20181024128022085991020798524
20181548682009269004008801037
20181838931024820015023357738
20181845148024820015023357738
20181905639016493214015563341
20181976595016041701015140697
20182119084016493214015563341
20182119858024820015023357738
20182286436016493214015563341
20182540855024820015023357738
20182602486023453003022078131
20182805212011075056010491613
20183126114021946296020667761
20183721446024820015023357738
20183768086011978083011336901
20183768167024196378022773976
20183768310024822020023359743
20183891139025667425024275646
20184060699024820015023357738
20184405424024820015023357738
20184410584010493617010493617
20184687845024820015023357738
20184715822016493214015563341
20184782368024820015023357738
20184785170016493214015563341
20184795419024820015023357738
20185150144024820015023357738
20185393160011075056010491613
20185426700021856246020649080
20185427146040315410037987059
20185592856024820015023357738
20185893252016493214015563341
20185917895024820015023357738
20185942717013873076013873076
20186038984016493214015563341
20186170661024820015023357738
20186204973024766403023432362
20186464282023413090022040770
20186671040012881510012182590
20186681542026336701024777449
20186921438040315410037987059
20187442096024820015023357738
20187574278026336701024777449
20187774382010623543010068969
20200047800012183901012183901
20200596987013784930013028272
20200606982024820015023357738
20200661495011075056010491613
20200726775024820015023357738
20201280835016493214015563341
20201519277025089427023609924
20201519935016493214015563341
20201523967011075056010491613
20201525323024820015023357738
20201525714016493214015563341
20201534497024820015023357738
20201534594024820015023357738
20201536228024820015023357738
20201536724031988609030192662
20201542392012183901012183901
20201543763021951285020672431
20201553580026336701024777449
20201557063024820015023357738
20201557209021926339020649080
20201561877024820015023357738
20201566399016493214015563341
20201570019016493214015563341
20201574146023453003022078131
20201588716024820015023357738
20201628130026336701024777449
20201706379021951596020672742
20201707316022085991020798524
20201905916018763253017688237
20202673210008817491008378393
20203071427013784135013027477
20203071753013786139013029481
20203271108024820015023357738
20203271388023455007022080135
20203337222023453003022078131
20203337419024820015023357738
20203349719024136510022717935
20203536411024820015023357738
20203791616012881109012182189
20203972408016493214015563341
20204204048016493214015563341
20204220264024820015023357738
20204792950021154297020051210
20204793671014235648013450121
20204866423022087382020799915
20205060236024820015023357738
20205060783011778120011778120
20205134450024820015023357738
20205380893024820015023357738
20205504045024820015023357738
20205577735024820015023357738
20205640100023413090022040770
20205640631014236175013450648
20205781421024820015023357738
20205782762024820015023357738
20205794426024820015023357738
20205898140026336701024777449
20205911112024820015023357738
20205912771036703305034605907
20205947494023413090022040770
20205947931015590188014718053
20206026759024820015023357738
20206048515020589261019397493
20206054221014687161013872765
20206129221012883113012184193
20206271745024820015023357738
20206349566016493214015563341
20206382482016493214015563341
20206583232024820015023357738
20206603934025424963024048815
20206728672026336701024777449
20206809699027473477025966222
20206809893023822196022423718
20206821354024820015023357738
20207190528021951285020672431
20207289222024136510022717935
20207324664024820015023357738
20207324923011980087011338905
20207326500021926339020649080
20207578224014687161013872765
20207600637024820015023357738
20207602877016493214015563341
20207773264024820015023357738
20207985997016493214015563341
20208577051023413090022040770
20208875591011075056010491613
20208980158016493214015563341
20208981049014687161013872765
20208981588016493214015563341
20209000416013689342012938745
20209166497010172030009646325
20209596459011077060010493617
20209597854022475140021162791
20209599059028376504026811510
20209599830024820015023357738
20209826683014687161013872765
20210182102024820015023357738
20210530275012881109012182189
20210695290024820015023357738
20211005123016493214015563341
20211124513012883113012184193
20211126834010172030009646325
20211394316012882821012183901
20211598019012881109012182189
20211706954024820015023357738
20213308700012881109012182189
20213333047016493214015563341
20213393511024764399023430358
20213397681009269004008801037
20213400046012182189012182189
20213407660019351967018239309
20213415574023455007022080135
20213417712013786019013029361
20213418328016493214015563341
20213422716012881109012182189
20213422961022085991020798524
20213424956012184193012184193
20213426169022086034020798567
20213432991016493214015563341
20213434641026336701024777449
20213435257023413090022040770
20213439236020718978019518916
20213439589011978083011336901
20213442032016493214015563341
20213450884028376504026811510
20213452429022958346021739782
20213454839024820015023357738
20213455959023453003022078131
20213911466016518160015586692
20215393950024820015023357738
20215478786024820015023357738
20215576222013784662013028004
20215628621022086034020798567
20216090862024766403023432362
20216313217037584870036025618
20216317247011075091010491648
20216321546024196378022773976
20216326491021951285020672431
20216328796013784135013027477
20216429436024820015023357738
20216786379016493214015563341
20216788975022086034020798567
20216869436024820015023357738
20216931239024820015023357738
20217011451022085991020798524
20217012083024820015023357738
20217090815024820015023357738
20217258813011336945011336945
20217455368011077060010493617
20217679967024820015023357738
20217836728026336701024777449
20217863555024820015023357738
20217966451013743138013028004
20218220658024820015023357738
20218248862011075056010491613
20218299351014235648013450121
20218305556016493214015563341
20218710523015590232014718097
20218970533024820015023357738
20218972560024820015023357738
20219063157023507883022129502
20219100052024820015023357738
20219100125010982267010404885
20219100966024820015023357738
20219135794022085991020798524
20219274255014237652013452125
20219426489016493214015563341
20219427566007856899007856899
20219481587024820015023357738
20219482001028376504026811510
20219685115011980087011338905
20219685158009174211008712305
20219696834024820015023357738
20219756276024764562023430521
20219872861014687965013873569
20219915730024820015023357738
20220089151016493214015563341
20220259219014687161013872765
20220277993016493214015563341
20220418058024766403023432362
20220493866010623543010068969
20220701310024820015023357738
20221047010024820015023357738
20221185995024820015023357738
20221423799020718978019518916
20221428251022085991020798524
20221691262012881109012182189
20221691319010172030009646325
20221780842024820015023357738
20221953305022085991020798524
20222117683016493214015563341
20222149313012881109012182189
20222185719021926339020649080
20222273138021152337020049250
20222300003013784945013028287
20222399921023413090022040770
20222399956012184193012184193
20222420246015869577014979579
20222420467013786139013029481
20222429774010172030009646325
20222430233010623543010068969
20222435227019232228018127226
20222436118020634653020051210
20222489297024196378022773976
20222489718012183901012183901
20222713987011978083011336901
20222742138016493214015563341
20222742235023453003022078131
20222796432016493214015563341
20223082565011075091010491648
20223473459012883113012184193
20223522085021402485020158720
20223991018012883113012184193
20224055774024820015023357738
20224151013024820015023357738
20224185260014235648013450121
20224221941012881109012182189
20224323868016493214015563341
20224539666016493757015563884
20225283495026336701024777449
20225771880024820015023357738
20225995320013785329013028671
20225996025012883113012184193
20225996998026572455025122938
20226178709010491613010491613
20226245619016493214015563341
20226245740016493214015563341
20226620134023453003022078131
20226773755024820015023357738
20226773895023455007022080135
20226877623016493214015563341
20227220261024820015023357738
20227633426014237652013452125
20227633434024820015023357738
20227633469022085991020798524
20227633752015590188014718053
20227671026016041701015140697
20227709066024820015023357738
20227709473010491613010491613
20227830159020718978019518916
20227830205012883113012184193
20228388700015590188014718053
20228389057009982776009646325
20228445305024820015023357738
20228867676012881109012182189
20228970620013784135013027477
20228970736016493214015563341
20229078551009946274009435003
20229098331022085991020798524
20229099036012881109012182189
20229560132013784135013027477
20229693272014687161013872765
20229951360024136510022717935
20230209600016493214015563341
20230390895016493214015563341
20230401722024820015023357738
20230412740024820243023357966
20230421235013784135013027477
20230428388009269004008801037
20230483303013784746013028088
20230485195014687161013872765
20230822361010141893010141893
20231376098022085991020798524
20231376365024820015023357738
20231393820014235648013450121
20231546775011980087011338905
20231613243023453003022078131
20231614959010066889009646325
20231626248023453003022078131
20231722085023861373022585070
20232127873013027477013027477
20232821729024820015023357738
20232906031013334626012606837
20232946890011978083011336901
20232983095021402485020158720
20232983354012429596011759545
20232983591010623543010068969
20233207137019351967018239309
20233216225023956166022673802
20233216454020718978019518916
20233351106011978083011336901
20233386775012334803011670813
20234101588011980087011338905
20234102673015871581014981583
20234181220010623543010068969
20234320441024820015023357738
20234961501016493214015563341
20234989767010172030009646325
20235554020023453003022078131
20235556635010623543010068969
20236001394024820015023357738
20236217613015590188014718053
20236217788024820015023357738
20236258573013784135013027477
20236359698016493214015563341
20236546358010623543010068969
20236554415011075091010491648
20236843530024820015023357738
20236876307016493214015563341
20236906796022085991020798524
20237190484014689166013874770
20237191693011075056010491613
20237206267013332622012604833
20237274378024820015023357738
20237400500024820015023357738
20237403569024820015023357738
20237406797010914257010914257
20237407173011980087011338905
20237407874024820015023357738
20237789092009720517009223681
20237856520012881109012182189
20237856709012883113012184193
20238007179013784135013027477
20238007594011980087011338905
20238008809022085990020798523
20238047901015590223014718088
20238093105012429596011759545
20238110204024820015023357738
20238286760024820015023357738
20238899185011077060010493617
20238995664010172030009646325
20239200266014689165013874769
20239211314011431777010825525
20239272984011075056010491613
20239347976011526570010914257
20239353364016493214015563341
20239353518016041701015140697
20239629920012881109012182189
20239732551013784135013027477
20239761535021152328020049241
20239766030023863377022587074
20239945571011978083011336901
20240033713012881109012182189
20240051347011075056010491613
20240055660010491613010491613
20240061466023357738023357738
20240121000011526570010914257
20240139503011075091010491648
20240630061025756099025120978
20240631785013786139013029481
20240682940014687161013872765
20240745020016493214015563341
20241476090024820015023357738
20241682448014687161013872765
20241898645015590188014718053
20241899692024820015023357738
20242019068011978083011336901
20242019297013332622012604833
20242213840010623543010068969
20242335121010172030009646325
20242404409023340163022724501
20242404875020718978019518916
20242405057011077060010493617
20242607342013784135013027477
20242612931011075056010491613
20242799942014687205013872809
20243116520024820015023357738
20243116970024764399023430358
20243462224011077060010493617
20243691924015590188014718053
20243763186011077060010493617
20243763682019027675017935752
20243796629024764399023430358
20243831254014687161013872765
20244234756016493214015563341
20244293698024820015023357738
20244320970015590983014718848
20244445803014688553013874157
20244512144009043247008589715
20244843132015590188014718053
20245129042016493214015563341
20245129131015590258014718123
20245197153022086025020798558
20245206349014687161013872765
20245783494011978083011336901
20245785098011978118011336936
20245786531014687161013872765
20246593303008140221007744427
20246678066024820015023357738
20246855944011075056010491613
20247026860031701246029923801
20247126466011075056010491613
20247128000013784135013027477
20247260014024820015023357738
20247328476024820015023357738
20247328530011075056010491613
20247328999011980087011338905
20247329979012431600011761549
20247469266009720517009223681
20247473689032652687030814314
20247570137012881109012182189
20247750690014687956013873560
20247940635016493214015563341
20248074931011980087011338905
20248131161024820015023357738
20248404141012881109012182189
20248992795014687688013873292
20249016994022958346021739782
20249489477011978083011336901
20249507300023861373022585070
20249508854014237652013452125
20249566889013784135013027477
20249569764010172030009646325
20249672700013028671013028671
20249676595012429596011759545
20249896668024136510022717935
20249896862022087995020800528
20249896951011759545011759545
20250040564020720982019520920
20250086076016126976016126976
20250200316016493214015563341
20250279710011336901011336901
20250360844016493214015563341
20250637056022087995020800528
20250637218012883113012184193
20250750375016493214015563341
20250959037013784135013027477
20250990031014235648013450121
20251081272011075056010491613
20251140694011077060010493617
20251248991016041701015140697
20251599506024820015023357738
20251631795012881109012182189
20251689483011980087011338905
20251723525022087995020800528
20251723568012883113012184193
20251723606013393532013393532
20251723703014687213013872817
20251723975014687161013872765
20251743321013784135013027477
20251820474014235648013450121
20251866709022087995020800528
20251866946024874895023409109
20251909408020718978019518916
20252009192016041701015140697
20252080512024820015023357738
20252080709013784135013027477
20252176390012883113012184193
20252177206017877198016858963
20252177362020344797019168659
20252177427009269004008801037
20252177648024820015023357738
20252177915011980087011338905
20252255096024822020023359743
20252346954009720517009223681
20252708961022958346021739782
20252760475024820015023357738
20252816462011075056010491613
20252816756011978083011336901
20252909428014687956013873560
20252909533016493214015563341
20252909746024820810023358533
20253113627033970076032047488
20253333473023193326022587074
20253337711013332622012604833
20253488035011526570010914257
20253577410021402485020158720
20253577836014235683013450156
20253680734023453003022078131
20253828847020718978019518916
20254080986012429596011759545
20254081222013450121013450121
20254241009012429596011759545
20254383776011980087011338905
20254460703012881109012182189
20254465489026336701024777449
20254465632013784135013027477
20254705544010623543010068969
20255013816012883113012184193
20255016475010493617010493617
20255170180012881109012182189
20255174046011077060010493617
20255291239020718978019518916
20255357175012431600011761549
20255961129010623543010068969
20256442281022085990020798523
20256444381015590188014718053
20256659221017877198016858963
20256680158012881144012182224
20256680530012883113012184193
20256680735022085991020798524
20256799546016043413015142409
20256933803036705310034607912
20257000819012184193012184193
20257095240011075123010491680
20257096654011077060010493617
20257099777011980087011338905
20257300898013786139013029481
20257301746032834262030984245
20257417760014687161013872765
20258186959012429596011759545
20258285361012881443012182523
20258364016012184193012184193
20258596367019351967018239309
20258609086020718978019518916
20258807082014687161013872765
20258808070012882501012183581
20259122393013784135013027477
20259260044023453003022078131
20259260087009720517009223681
20259261075013332622012604833
20259646058009720517009223681
20259646198021438327021438327
20259646368011526570010914257
20259723907014687161013872765
20259867216013786139013029481
20260138872011526570010914257
20260401352010623543010068969
20260402421016493214015563341
20260599683012881109012182189
20260785673011075056010491613
20260786076012881109012182189
20260786416014687161013872765
20260786637020314107019730664
20260814312011978083011336901
20260814401012429596011759545
20260976355024136510022717935
20260976991013784135013027477
20260990048010172030009646325
20260991958012431600011761549
20261089190012883113012184193
20261253764021402485020158720
20261376394015590188014718053
20261435080012429596011759545
20261547636010980263010402881
20261589681026570451025120934
20261619971008817491008378393
20261895715022085990020798523
20261896916014687205013872809
20262094783016493214015563341
20262105157009646325009646325
20262105645011978083011336901
20262525490011978083011336901
20262527957012883113012184193
20262622739016493214015563341
20262622992014687161013872765
20262765041024820015023357738
20262793177014235648013450121
20262917917013784135013027477
20263290187010172030009646325
20263468628013784135013027477
20263469306014687161013872765
20263819986020718978019518916
20263857241011980087011338905
20263948514022078131022078131
20263948565015592193014720058
20263967152011075056010491613
20263968884020035473018879113
20264109796014687196013872800
20264109842013784135013027477
20264280541014687161013872765
20264386390023453003022078131
20264386420011978083011336901
20264392595014235648013450121
20264489459012429596011759545
20264489572014235648013450121
20264489742016493214015563341
20264497230015495395014629321
20265029117014687161013872765
20265029230020718978019518916
20265029311012881109012182189
20265300147021402485020158720
20265311289014235648013450121
20265648933019351967018239309
20265976892013784135013027477
20266361034011978083011336901
20266467959010980263010402881
20266472561024820015023357738
20266553952013784135013027477
20266558520026570451025120934
20266912758024820015023357738
20266951192014687161013872765
20267242624016041701015140697
20267293393016493214015563341
20267636347036703305034605907
20267702099011075056010491613
20267702226015590188014718053
20267810207010623543010068969
20267954055011978118011336936
20267991821024136510022717935
20267991937027023969025545582
20268376209010172030009646325
20268522639013742611013027477
20268559044022040770022040770
20268559559013450121013450121
20268559575016041701015140697
20268905473010068969010068969
20269553651009720517009223681
20269641100022085990020798523
20269931230021402485020158720
20270101055010623543010068969
20270214100035570290033545464
20270375295010172030009646325
20270475699012881109012182189
20270479228020718978019518916
20271691107022085990020798523
20271691832015563341015563341
20272159735023832626023082029
20272216755012881109012182189
20272932388024820015023357738
20273010220011980087011338905
20273359835021698599020560582
20273909703022055320020894494
20273911007009269004008801037
20273924389010623543010068969
20273924680008817491008378393
20273931431009269004008801037
20273967266011980087011338905
20274154145011075056010491613
20274484889014689166013874770
20274855801024820015023357738
20274956594014235648013450121
20275066754011980087011338905
20275220850011978127011336945
20275422003011978083011336901
20275819302010172030009646325
20276080599010172030009646325
20276086856014687161013872765
20276100468010491613010491613
20276103114014687161013872765
20276155084008817491008378393
20276512375010623543010068969
20276626974022055355020894529
20276737776022085990020798523
20276791134010172030009646325
20277491878010623543010068969
20277530474013332622012604833
20277584132012883113012184193
20278404383011075056010491613
20278529348022085990020798523
20278682014014687205013872809
20278720943011075056010491613
20279039190014687161013872765
20279039263012883113012184193
20279058241012881109012182189
20279069545010172030009646325
20279078811013332622012604833
20279087810011978083011336901
20279174306014689166013874770
20279363850014687161013872765
20279646291013332622012604833
20279804962024820015023357738
20280387186011978083011336901
20280489949009720517009223681
20281251946011978083011336901
20281252101012429596011759545
20281392841010623543010068969
20281436326011883290011248169
20281437551021152293020049206
20281437853008817491008378393
20281763483010623543010068969
20282118050026570451025120934
20282457866012334803011670813
20282463491021152293020049206
20283548784011978083011336901
20283671861022085991020798524
20283766579011978083011336901
20283914640010623543010068969
20284006543023453003022078131
20284051263013784135013027477
20284587570022958346021739782
20284686420014237197013451670
20284758626012429596011759545
20284803672013784135013027477
20285306451013332622012604833
20285357439024820015023357738
20285357870024820015023357738
20285357986011526570010914257
20285771537013784135013027477
20285874875012881109012182189
20285949662014687161013872765
20285950334021402485020158720
20285951772014235648013450121
20286378383019351967018239309
20286444424011526570010914257
20286748148011526570010914257
20287156031007914465007533105
20287241810009720517009223681
20287247606012883113012184193
20287369981011526570010914257
20287543531010623543010068969
20287544120014235648013450121
20287985461023430358023430358
20288709662009269004008801037
20288780790011075056010491613
20289008900009720517009223681
20289177885011077060010493617
20289189387011526570010914257
20289189506010623543010068969
20289189743010623543010068969
20290061912010980263010402881
20290125759014235648013450121
20290512973013784135013027477
20290525757010623543010068969
20290688184020718978019518916
20291448411019352010018239352
20291499725011075056010491613
20291499849012429596011759545
20291675817008817491008378393
20291779353011978083011336901
20292312971014687161013872765
20292374497014687161013872765
20292389818012429596011759545
20292851813013784135013027477
20292899042011978083011336901
20293422886010172030009646325
20293842877011075056010491613
20293844373011978083011336901
20293968536010623543010068969
20294094831021402485020158720
20294485474012881109012182189
20294516094020718978019518916
20295341190011431777010825525
20296036227014687161013872765
20297168437011075056010491613
20297293398019346241018358630
20297788710010625547010070973
20297821882011526570010914257
20297873203010623543010068969
20298109590010068969010068969
20298142156011075091010491648
20298143004012429596011759545
20298149428013332622012604833
20298447712013784135013027477
20298801710016493214015563341
20299179754014687205013872809
20299308384013784135013027477
20299308570011077060010493617
20300883665011526570010914257
20301070358010172030009646325
20301070641012881109012182189
20301478691013332622012604833
20301772689013332622012604833
20302080780010068969010068969
20303181416010623543010068969
20303182404012429596011759545
20303198106011075056010491613
20303423762012881109012182189
20303553879010172030009646325
20303726269010172030009646325
20303728105011978083011336901
20303973819011075056010491613
20304406616011075056010491613
20305777111011526570010914257
20305777553010623543010068969
20305778312011075056010491613
20305778584013784135013027477
20305901459013784135013027477
20306063678020718978019518916
20306846532009646325009646325
20307702100011075056010491613
20307729076011075056010491613
20308329330013332622012604833
20308726925010754507010191559
20308811507020720982019520920
20311206940009223681009223681
20311578112014235648013450121
20311689054012429596011759545
20312138302015590188014718053
20312486262013784135013027477
20312500273012881109012182189
20312967902019346241018358630
20313367127013784135013027477
20313588980014235648013450121
20314745184020718978019518916
20314907796018668460017599505
20315067171013784135013027477
20315098468009720517009223681
20315798109011978083011336901
20315989559010172030009646325
20316212922010172030009646325
20318376639009720517009223681
20319065181011526570010914257
20319065378009269004008801037
20319726838014567424013760683
20319769146012429596011759545
20319769766011075056010491613
20319909282011075056010491613
20319911341020718978019518916
20320608903009324781009324781
20321320369011526570010914257
20322072156020246773019201583
20322772778014235648013450121
20323648337011075056010491613
20324160214011075056010491613
20325061481010623543010068969
20325066483013784135013027477
20325068087009720517009223681
20325068346013450121013450121
20325089815013784135013027477
20325240319009269004008801037
20325399806013332622012604833
20326057232009646325009646325
20326639215014689166013874770
20326639401013332622012604833
20326639703012881109012182189
20326640396020035472018879112
20326641007013872765013872765
20326827704009720517009223681
20327130774012881109012182189
20327997123013784135013027477
20330621118019351967018239309
20330621363016493214015563341
20330622890017643200016639799
20330633507010172030009646325
20330886995012518628012518628
20330997282013200412012481076
20331370070019346241018358630
20331421791009269004008801037
20331804763012881109012182189
20332077016009720517009223681
20332077261011759545011759545
20332077601020035472018879112
20332077644011075056010491613
20332079930013332622012604833
20332103394012429596011759545
20333518342013784135013027477
20333850487012881109012182189
20333857252008378393008378393
20334516130013332622012604833
20334516688008801037008801037
20334516807008817491008378393
20334535054010172030009646325
20335498209009646325009646325
20336219141012881109012182189
20336221146009720517009223681
20336258333009269004008801037
20336258619011526570010914257
20336350698009269004008801037
20336381941008271185007867017
20336383596012429596011759545
20336394059013784135013027477
20336477019013784135013027477
20336477396012881109012182189
20337754350011526570010914257
20338872020022087382020799915
20338873701012881109012182189
20338888016012881109012182189
20338888318019351967018239309
20338888946010623543010068969
20339586048013332622012604833
20339586455012881109012182189
20339586463012881109012182189
20339950661010172030009646325
20340097514010491613010491613
20341033749010623543010068969
20341054304011075056010491613
20341689164010172030009646325
20341721262013332622012604833
20342417443012881109012182189
20343145773010172030009646325
20344098507009269004008801037
20346939282011526570010914257
20347888061010623543010068969
20348788486009269004008801037
20349190282010172030009646325
20349197155011670813011670813
20349252237008817491008378393
20349256127008801037008801037
20349256909007819672007444373
20349266890008722698008289661
20350525565019341046019203918
20350538055010623543010068969
20350539671012881109012182189
20351777851010623543010068969
20352148939009720517009223681
20352518701010172030009646325
20352865169009269004008801037
20353763378009269004008801037
20354766362019351967018239309
20357382549009269004008801037
20357387311009269004008801037
20357392560010172030009646325
20357395063018358630018358630
20357395640019346241018358630
20357395810012182189012182189
20357397961019351967018239309
20357402418009269004008801037
20357407819012881109012182189
20357453721020035472018879112
20357465053018668460017599505
20357466777020158720020158720
20358427082009269004008801037
20358429263008817491008378393
20358453393012881109012182189
20358456597011075056010491613
20358457550009269004008801037
20358457984012881109012182189
20359137088011075056010491613
20359137142008801037008801037
20359174005009223681009223681
20361366310015590188014718053
20361751486009269004008801037
20362283796011075056010491613
20365168904010623543010068969
20365173142011075056010491613
20365178764008378393008378393
20365190098009946274009435003
20365908142008378393008378393
20366382268009269004008801037
20366398180008817491008378393
20366398687008817491008378393
20366404563010172030009646325
20366404709010172030009646325
20366416332008817491008378393
20366418092019351967018239309
20366418289009269004008801037
20366422170011752326011125579
20367135493012429596011759545
20371288903011752326011125579
20371313088008817491008378393
20374419103013784135013027477
20374441419008801037008801037
20375290465010528750009980237
20375422213012881109012182189
20376533485013332622012604833
20377022921012429596011759545
20379554785008817491008378393
20380529670011526570010914257
20381128777007914465007533105
20381130984012881109012182189
20381141811016637163015822766
20381142311009720517009223681
20383679878012429596011759545
20383689423017643200016639799
20385591528008817491008378393
20386419605008817491008378393
20386419893009625724009134949
20394492362008140221007744427
23120750704011338905011338905
23123871499011075056010491613
23125020844011980087011338905
23140789704022078131022078131
23144126459014687161013872765
23146370209012881109012182189
23148287694014687161013872765
23160077689015565346015565346
23164277259014687161013872765
23164477274022958346021739782
23165913264012184193012184193
23166579104016493214015563341
23166597994013872809013872809
23167337414021402485020158720
23168580584011978083011336901
23168847769024820015023357738
23169346569023357738023357738
23170665864013784135013027477
23175638369016493214015563341
23176557974010077237009557593
23176872489033260828031383538
23177279854009720517009223681
23177698679014687161013872765
23178351524012881109012182189
23178898299024820015023357738
23179108569024820015023357738
23179109344011526570010914257
23179109689016495219015565346
23180384189016493214015563341
23180404074011075091010491648
23181600829021926339020649080
23181905549013784135013027477
23182145564023507883022129502
23182501204027570274026056958
23182621064024820015023357738
23182905364012882303012183383
23183003844021951285020672431
23183721224011077060010493617
23184513994019173592018129231
23184687984027379211025878017
23184952904024820015023357738
23185150089024820015023357738
23185162974016493214015563341
23185184854019233956018128954
23185754774012882303012183383
23187343194026927172025454847
23201525489024820015023357738
23201528879017984989016959736
23201530024014235648013450121
23201555809024820015023357738
23201577934010623543010068969
23202606954013784446013027788
23202674704011075056010491613
23202675794009625724009134949
23203074484012881109012182189
23203270984024766403023432362
23203536364012881636012182716
23203938934010623543010068969
23204035164022085991020798524
23204226474016041701015140697
23204602549024820015023357738
23205008144009720517009223681
23205194134012883113012184193
23205194754031115518029375395
23205357254013784669013028011
23205639764035635638033606506
23205642544028378508026813514
23206501294019234233018129231
23206642394011075056010491613
23206728264024820543023358266
23206728884011075056010491613
23207327654011338905011338905
23207395234016493214015563341
23208058444010493617010493617
23208981374020344797019168659
23209000024018010178017513342
23209003244021693120020555581
23209006324010493617010493617
23209167344012182189012182189
23209603624026572455025122938
23211210354022015573020798759
23211804319014687161013872765
23211814179024820015023357738
23213394924011526570010914257
23213395394011250173011250173
23213396714012883113012184193
23213399659012883113012184193
23213406604013786139013029481
23213407864011980087011338905
23213409344020718978019518916
23213411594021952080020673226
23213422324011075056010491613
23213453114023432362023432362
23215972194023357738023357738
23216310454024766403023432362
23216311574012883113012184193
23216311809024820015023357738
23216312244012184193012184193
23216319214011077060010493617
23216426444036703305034605907
23216427033012881109012182189
23217257719012881153012182233
23217488974011574984011574984
23217500044021928344020651085
23217917034024766403023432362
23217919894010623543010068969
23217996724016493214015563341
23218401414009933290009298169
23219101414009503913009225685
23219101449014592368013784033
23219319584024820015023357738
23219684304021928067020650808
23219756364024820015023357738
23220258424011077060010493617
23220320804011978083011336901
23220893154014687196013872800
23221192974024820015023357738
23221770714010172030009646325
23221870484022085991020798524
23221910184024764399023430358
23222421764022085991020798524
23222433304014687161013872765
23222435099024820015023357738
23222997844013786139013029481
23223314864024820015023357738
23223364284023413090022040770
23223523099036703305034605907
23223576494025669429024277650
23223932614016493214015563341
23224050054012883113012184193
23224055994024766403023432362
23224151314013784179013027521
23224151454012883113012184193
23224287364010491613010491613
23224400934021926339020649080
23224401094012883113012184193
23224450214021928344020651085
23224851804010980263010402881
23225283214016668054016668054
23225561419022085991020798524
23225721394012576774011897313
23226113924012182189012182189
23226171789024820015023357738
23226183264011075056010491613
23226426124012883113012184193
23226681779024820015023357738
23226698671016493214015563341
23226811044032604272030769089
23226813144009720517009223681
23226917764012431600011761549
23227053119024820015023357738
23227221534024766403023432362
23227224169011075056010491613
23227225874028376503026811510
23227470194024766403023432362
23227671114011978083011336901
23227671424036703305034605907
23228200824012429596011759545
23228323144011075702010492259
23228566284009720517009223681
23228641014019234233018129231
23229099914009720517009223681
23229159674011978083011336901
23229761439024820015023357738
23230034214014687161013872765
23230350264012883113012184193
23230414874022960350021741786
23230429219010491613010491613
23230511799024820015023357738
23231180834013784930013028272
23231580794009720517009223681
23231640304024820015023357738
23232139404014687161013872765
23232742534012881109012182189
23232984864012881109012182189
23233207209021926339020649080
23233739154012883113012184193
23234111469011978083011336901
23234868454013689342012938745
23234984659012881109012182189
23235297949020249267019203918
23235773384023453003022078131
23235773414014687205013872809
23235840774009646325009646325
23236151964020718978019518916
23236305244011978083011336901
23237406389024820015023357738
23238081734024766403023432362
23238082854016617942015680094
23238269504027473478025966222
23238523214009269004008801037
23238866804011883290011248169
23238869064012881109012182189
23239767869024820015023357738
23239818633020249267019203918
23240102129026336701024777449
23240139944010491613010491613
23240639459040315410037987059
23240646994011077060010493617
23240683334012881109012182189
23240879719013332622012604833
23240901684023863377022587074
23241058514010623543010068969
23241331644024820015023357738
23241584194012881109012182189
23241682145010491613010491613
23241898059026336701024777449
23241898229011978083011336901
23241980944013334626012606837
23242776534011980087011338905
23243404924013784135013027477
23243467349020718978019518916
23243774179013784135013027477
23243987849013784135013027477
23244503659013786139013029481
23244660274031988609030192662
23244660444012883113012184193
23245786964011075056010491613
23246963584012883113012184193
23247333754038509357036296483
23247669094012881109012182189
23247669779014687161013872765
23248390484015563341015563341
23248402644010493617010493617
23248404604023863377022587074
23248599014012883113012184193
23248834854026571246025121729
23249444294007914465007533105
23249557064011075056010491613
23250086814024065479023430358
23250279469026336701024777449
23250750544014687161013872765
23251168814011978083011336901
23251597669010493617010493617
23251683794010623543010068969
23251688664035296923033289482
23251847843009720517009223681
23251848009013786139013029481
23252079459012883113012184193
23252141154012430403011760352
23252176144012431600011761549
23252437754024820015023357738
23252437789024820015023357738
23252708944022917519022301857
23252817689010172030009646325
23252817794012883113012184193
23252817824022587074022587074
23253338024010491613010491613
23254704504011980087011338905
23255200704021154297020051210
23255206184012786316012093457
23255842994025667425024275646
23257366804022960350021741786
23257619109020718978019518916
23257685934031988609030192662
23258109384022085991020798524
23258878639015590188014718053
23259467314009269004008801037
23260038974013333149012605360
23260230484011075056010491613
23260286234011077060010493617
23260340964007819672007444373
23260402994009720517009223681
23260785834023863377022587074
23261255804013334626012606837
23261558254010623543010068969
23261635054010172030009646325
23261896354013784135013027477
23262308944015590188014718053
23262413594010172030009646325
23262525244013784135013027477
23263418824009646325009646325
23263545494027473478025966222
23263690109016493214015563341
23263857984013786139013029481
23263968654011075091010491648
23264035384022057324020896498
23264109124010492816010492816
23264109744011759545011759545
23264243084011980087011338905
23264386764012429596011759545
23264489334014235648013450121
23264594189012883113012184193
23264599784017565870016567413
23265540694011075091010491648
23266294204011077060010493617
23266361254010623543010068969
23266609299014687161013872765
23266951744018763253017688237
23266959079014687161013872765
23267071004020718978019518916
23267074534011075056010491613
23267293414013332622012604833
23267296324024067483023432362
23267744904009720517009223681
23267991839012606837012606837
23268135944013332622012604833
23268413634021152293020049206
23268762469010493617010493617
23269533404015590188014718053
23269553804011978083011336901
23270224474015592193014720058
23270377424011978118011336936
23270378234012184193012184193
23270604374011338905011338905
23270642144012881109012182189
23270754554009269004008801037
23271189109010172030009646325
23272342814011075056010491613
23272972079014687196013872800
23273540644011075056010491613
23273912444020249267019203918
23273913114010623543010068969
23273931619010623543010068969
23274150084011526570010914257
23274359609015934435015040290
23274855304011526570010914257
23275028614012881109012182189
23277491559009720517009223681
23277708884012881885012182965
23277938944011978083011336901
23278524094011336901011336901
23278528774011978083011336901
23279057554012881109012182189
23279060334008819495008380397
23279078209014235648013450121
23279091124021154297020051210
23280559814012881109012182189
23281252224011075056010491613
23282456184010172030009646325
23282457334012883113012184193
23282460734011526570010914257
23282464764011978083011336901
23282477874019518916019518916
23282479214011075056010491613
23283064379021152293020049206
23283191664012429596011759545
23284758544013332622012604833
23284972554008817491008378393
23285048834010172030009646325
23285307074013332622012604833
23285307554014235648013450121
23285464684019351967018239309
23285952654013784135013027477
23287547579011978083011336901
23288708134010077237009557593
23289189874013332622012604833
23290376254011075056010491613
23290689503009720517009223681
23291034179010172030009646325
23292363974011526570010914257
23292694814013784135013027477
23293263914014687196013872800
23293844844010623543010068969
23294439544014235648013450121
23294517529011978083011336901
23295072504012429596011759545
23295566264011526570010914257
23296036234023861373022585070
23296131814009720517009223681
23296654744012881109012182189
23298109484021402485020158720
23299182339013784135013027477
23300210694013784135013027477
23300881564010172030009646325
23301750374012429596011759545
23301900899013784135013027477
23302063559010172030009646325
23302083509010172030009646325
23302413444010172030009646325
23302799334020035472018879112
23303032584021416142020896498
23303180834011075056010491613
23303181113013784135013027477
23303181334011526570010914257
23303424504010172030009646325
23304430184009720517009223681
23305385034011978083011336901
23305778559011759545011759545
23305778834014687161013872765
23305829544009720517009223681
23305900559013784135013027477
23305901504011075056010491613
23305906034014687161013872765
23306411624010623543010068969
23306950304011526570010914257
23307169789009269004008801037
23307730634011075056010491613
23307747774011883290011248169
23308726789012881109012182189
23310815284010172030009646325
23310883514018941448018358630
23311905104009269004008801037
23312500434012881109012182189
23312787164009003237009003237
23312914514010172030009646325
23313053164011075056010491613
23313878074019203918019203918
23313919579010068969010068969
23314145194013784135013027477
23314176634007234744007234744
23314672844009223681009223681
23314813324009720517009223681
23314889134013332622012604833
23315261384019351967018239309
23316211399010172030009646325
23319023984009720517009223681
23319065474010623543010068969
23319071954012881109012182189
23319768904010623543010068969
23319769404009720517009223681
23319769544011526570010914257
23320540534009720517009223681
23320549884011978083011336901
23320607604009223681009223681
23320774934011075056010491613
23320824184011978083011336901
23320934184020035472018879112
23322210604004430346004430346
23322831714009174211008712305
23323079234012604833012604833
23324161414010623543010068969
23324162844011075056010491613
23324373284009269004008801037
23325241314013332622012604833
23325241799010528750009980237
23326121304011075056010491613
23326610984010172030009646325
23326639974012881109012182189
23326640964013785847013029189
23326887404009269004008801037
23327743414006916645006599085
23329804844009720517009223681
23330617314020718978019518916
23330620854013027477013027477
23330656204008275938008275938
23330885254007914465007533105
23330994444011075056010491613
23331366064008140221007744427
23331368024012429596011759545
23331372404024820015023357738
23331373753010623543010068969
23331420484013332622012604833
23331420654013332622012604833
23331420794012881109012182189
23331804924020249267019203918
23332351524011978083011336901
23332889869018668460017599505
23333327694018443215017513342
23334136914013332622012604833
23335990854012881109012182189
23336348579009269004008801037
23336477654013784135013027477
23336622204013784135013027477
23336711819009269004008801037
23336712904008817491008378393
23336933234009269004008801037
23338885199010172030009646325
23339273804012429596011759545
23339566054017540189016668054
23339584133020035472018879112
23339586144011075056010491613
23341054044011759545011759545
23341691974009720517009223681
23341834864009269004008801037
23341995914012881109012182189
23342416764010172030009646325
23342418104008722698008289661
23346386304011431777010825525
23348639714012881109012182189
23349184974008817491008378393
23349190214011526570010914257
23349814544009269004008801037
23349815494009269004008801037
23350525394008817491008378393
23351994894013784135013027477
23354765284009720517009223681
23357375614019351967018239309
23357445124010172030009646325
23358427774012429596011759545
23358459994012881109012182189
23361336054012429596011759545
23364536534018668460017599505
23365173834012429596011759545
23365223319009269004008801037
23365601119011075056010491613
23366411313009720517009223681
23371035664012429596011759545
23371392114012881109012182189
23371650164010172030009646325
23373131539010528750009980237
23376515974009269004008801037
23381132994012429596011759545
23381137414008801037008801037
23386434654008817491008378393
23387366024012429596011759545
23402861894008817491008378393
23402861924010172030009646325
23426988054008817491008378393
24184513893024739768023357738
24213429635012182189012182189
24213450766013785847013029189
24219135838012881109012182189
24219687962022960350021741786
24221428842010493617010493617
24221694127024820015023357738
24222742494026336701024777449
24240108867016041771015140767
24241476606022960350021741786
24251597053028376504026811510
24255168890011077060010493617
24255169706011978083011336901
24255174033011075091010491648
24256657534011077060010493617
24259131657020249267019203918
24259930630012883113012184193
24260786403011075056010491613
24260992224010623543010068969
24263259501023861373022585070
24265589584013334626012606837
24267411766009444456009444456
24267748965010980263010402881
24273967067014689166013874770
24277491962011526570010914257
24288128991011075056010491613
24295466347012881144012182224
24298370871013332622012604833
24303181888010172030009646325
24310815094010172030009646325
24315964713010623543010068969
24326640057013784135013027477
24329730375008801037008801037
24357400771016617942015680094
24357453085009223681009223681
24358452104009269004008801037
24362286804018443215017513342
24384852404012429596011759545
27116548475011883290011248169
27118338729012883113012184193
27120176884023863377022587074
27121940413024820015023357738
27125316145013784135013027477
27127690109011978083011336901
27128664888011336901011336901
27128998069012184193012184193
27130018381010491648010491648
27135110855011980087011338905
27135113722011075056010491613
27135119011011075091010491648
27135119232020344797019168659
27136032505016856959016856959
27136033145011077060010493617
27136672822024820015023357738
27137027963011978083011336901
27137716122024820015023357738
27137753133024766403023432362
27137847294011980087011338905
27139129291031117523029377400
27139594237011885294011250173
27139691747013785355013028697
27140472714024766402023432362
27142116885011075056010491613
27142721207010172030009646325
27142728376012883113012184193
27142728805010623543010068969
27142729194011526570010914257
27143982748014689165013874769
27144124540012737161011922765
27144231916011526570010914257
27145149695011077060010493617
27145149717012184193012184193
27145149733012431600011761549
27145463632011075056010491613
27145465279025669429024277650
27145992244010172030009646325
27145993291014687161013872765
27146481227010172030009646325
27146980630012881109012182189
27147403769025669429024277650
27147489205016493214015563341
27147591115011980087011338905
27147627306016043706015142702
27149866928019453993018899419
27160027679024820015023357738
27160173861016041701015140697
27160174531012431600011761549
27160987133013450121013450121
27161074735012883113012184193
27161185650013029481013029481
27161943857013786139013029481
27161944632011075056010491613
27163095845012431600011761549
27163104151010623543010068969
27163106502011980087011338905
27163106987011077060010493617
27163107428010493617010493617
27163302670011075056010491613
27163302824013332622012604833
27163399801021154297020051210
27163941290011077060010493617
27164170220022086034020798567
27164178701010623543010068969
27164395419011077060010493617
27164570059023507883022129502
27165385131013450121013450121
27165385794010623543010068969
27165389692016493214015563341
27165659002022085990020798523
27166410938012881109012182189
27166627430012883113012184193
27166676024011978083011336901
27167258803024766403023432362
27167355353010931109010232189
27167712482013786139013029481
27167714671012883113012184193
27167716070023863377022587074
27167720868016493214015563341
27167823675011075091010491648
27168021920012881109012182189
27168026841010068969010068969
27168050408012881109012182189
27168052095010623543010068969
27168053393009223681009223681
27168848388024820015023357738
27170197076011885294011250173
27170284785022087995020800528
27170338192022085991020798524
27170585262010623543010068969
27170729442011759545011759545
27171228439023453003022078131
27171242008015590188014718053
27171397761010623543010068969
27171649809025422959024046811
27171693174024764842023430801
27171694855009720517009223681
27171839322010172030009646325
27172151286011075056010491613
27172366711016493214015563341
27172599074024820015023357738
27173225488016041701015140697
27173616460013784135013027477
27173676455011978083011336901
27174140176011075056010491613
27174984323010623543010068969
27174991818020718978019518916
27175140048026572455025122938
27175639077011075056010491613
27175749735023255121022585070
27176121748011978083011336901
27176581773011526570010914257
27176633862016041745015140741
27176753531014689166013874770
27176753949030182969028502499
27176754260011077060010493617
27176769594010492548010492548
27177158971021926339020649080
27177180713014687161013872765
27177184441010172030009646325
27177204183012883113012184193
27177247001036068184034605907
27177441568024820015023357738
27177441851026336701024777449
27177658540013784135013027477
27177659164013784135013027477
27177792190014644473013874769
27177792425011978083011336901
27177829779013784135013027477
27177829906024138514022719939
27177829930019232228018127226
27178167990009174211008712305
27178402485019346241018358630
27178406855037706744036147492
27178854335013784135013027477
27178890544013784135013027477
27178906955028376504026811510
27178908990024766111023432070
27178909709011077060010493617
27179109668012883113012184193
27179109803010172030009646325
27179121420014687161013872765
27179444297022085991020798524
27179526323013786139013029481
27179614907024820015023357738
27179668306016493214015563341
27179669817012883113012184193
27179698205021928344020651085
27179716688010172030009646325
27179736476021926339020649080
27179736824010623543010068969
27179736972021928080020650821
27179770267010068969010068969
27179770321012883113012184193
27180117526024765201023431160
27180149711011526570010914257
27180372844012882821012183901
27180405467011978118011336936
27180625777012881144012182224
27180899699032931583031075347
27180904439026572455025122938
27180905702022319168021741786
27180907225026336701024777449
27180908299011761549011761549
27181013678011075056010491613
27181013740012182991012182991
27181023452024820015023357738
27181024327025669429024277650
27181024351013786139013029481
27181024378020393387020393387
27181024904011077060010493617
27181024971021926339020649080
27181176402023453003022078131
27181176488018668460017599505
27181194494023453003022078131
27181194796011978083011336901
27181213146012883113012184193
27181318134013784135013027477
27181320759011978083011336901
27181548423011075056010491613
27181548717024766403023432362
27181555764019029680017937757
27181556132010491613010491613
27181570895020346801019170663
27181572405013027521013027521
27181574874021926339020649080
27181600182023432240022129502
27181816029010172030009646325
27181830498012881109012182189
27181838383029281242027658510
27181849555010493617010493617
27182119666014687161013872765
27182171374031117523029377400
27182222467010582770010582770
27182528914014687161013872765
27182540892013872765013872765
27182546467023413090022040770
27182597150021927141020649882
27182597185014687161013872765
27182598130023507883022129502
27182599331011526570010914257
27182599528023861408022585105
27182600011021928051020650792
27182621728023863377022587074
27182905203013785543013028885
27183004501011075209010491766
27183016372012182189012182189
27183079196012881109012182189
27183079234011077060010493617
27183186782010172030009646325
27183187940012883113012184193
27183397554011075056010491613
27183655383012883113012184193
27183725489024820015023357738
27183768188011752326011125579
27183796068016493214015563341
27183870349012883113012184193
27184003851028378507026813514
27184051589013786139013029481
27184060669022055320020894494
27184073493024766403023432362
27184091556012881109012182189
27184099549021951605020672751
27184151451024196378022773976
27184161147024820015023357738
27184262318013786139013029481
27184297936024820015023357738
27184318526022085991020798524
27184328335024844873024844873
27184339701013784939013028281
27184352295024822020023359743
27184513817024766403023432362
27184513884012882821012183901
27184517251031117521029377399
27184519394024820015023357738
27184528466022085991020798524
27184528474012883113012184193
27184528482012184193012184193
27184716548013785847013029189
27184733353010623543010068969
27184736751024968505024275646
27184783202021926339020649080
27184785140012182984012182984
27184795294035775333033737269
27184809201011075091010491648
27184947337025424963024048815
27184947493012883113012184193
27184947752038878551036642071
27184947876026570451025120934
27184951644011077060010493617
27185005483011526570010914257
27185056525013786139013029481
27185062096024820015023357738
27185062118010068969010068969
27185062584036703305034605907
27185147024016442184015563341
27185147032012429596011759545
27185147059022085991020798524
27185162740012882821012183901
27185162945024764399023430358
27185198346012184193012184193
27185209488020589261019397493
27185209496029759279028105923
27185326271024820015023357738
27185334843012881109012182189
27185373342022511507021196925
27185373474031568901031568901
27185420758012883113012184193
27185426209011980087011338905
27185437375012883113012184193
27185443308021154297020051210
27185509279024820015023357738
27185509619032602268030767085
27185511087022085991020798524
27185534974024820015023357738
27185607084012883113012184193
27185642246024820015023357738
27185701854012881904012182984
27185753412014237652013452125
27185787651036703349034605951
27185792736011077060010493617
27185830298014687161013872765
27185844884020929322019715862
27185847220011978118011336936
27185910038009794176009794176
27185935359024820015023357738
27186015687024820015023357738
27186036994024764399023430358
27186069566011075091010491648
27186113778021856246020649080
27186118842021928051020650792
27186140023013784179013027521
27186143731024764399023430358
27186163295010172030009646325
27186178098021928344020651085
27186194689024766403023432362
27186286362013784135013027477
27186422673019233940018128938
27186422886011978083011336901
27186485667032020256030222395
27186504610020344797019168659
27186640581015590188014718053
27186681504024820015023357738
27186681539016493214015563341
27186686239036568110034479484
27186735000009269004008801037
27186899119023507883022129502
27186901199011077060010493617
27187114875013784135013027477
27187237373013785847013029189
27187883518011336901011336901
27187913336022085990020798523
27189084736012182189012182189
27200568139014687956013873560
27200620890009223681009223681
27201288016024820015023357738
27201423371012882821012183901
27201511068024766111023432070
27201512250012881904012182984
27201513400011075056010491613
27201514504021926339020649080
27201515055023507883022129502
27201515179009383355009383355
27201516337012881904012182984
27201517325013784135013027477
27201517600024820015023357738
27201518674012842754012182189
27201518690012883113012184193
27201521586023413090022040770
27201522310021088172019864504
27201523031011980087011338905
27201523201020249267019203918
27201523627030010516029375395
27201523678012881636012182716
27201523848031117523029377400
27201524135027650719026813514
27201524577011850185011249918
27201524682022582053021741786
27201526537026811554026811554
27201526960025423068024046920
27201530127012183441012183441
27201530224031115680029375558
27201533290012881109012182189
27201536540024820015023357738
27201536699024820015023357738
27201537946009720517009223681
27201539280026336701024777449
27201539299011978083011336901
27201539477025422959024046811
27201543709024766403023432362
27201543741024820015023357738
27201546244024820015023357738
27201546945022130297022130297
27201548352013332622012604833
27201548891020718978019518916
27201551256010623543010068969
27201551450025593051024277650
27201552481012883113012184193
27201552988013784135013027477
27201555138034605907034605907
27201555170022345777021739782
27201556347013784135013027477
27201559729021856246020649080
27201560425024065523023430402
27201561952016493214015563341
27201564382015495395014629321
27201565206015590188014718053
27201567314023357738023357738
27201572237012429596011759545
27201572474011075056010491613
27201572547024820015023357738
27201573063020718978019518916
27201573691011979746011338564
27201574329036068184034605907
27201575775016493214015563341
27201577115024820015023357738
27201579002009720517009223681
27201583468014689165013874769
27201585177012882303012183383
27201585185016493214015563341
27201587153016493214015563341
27201588370016493214015563341
27201601571012883113012184193
27201627856024820015023357738
27201706586024820015023357738
27202204126020489481019304092
27202262819020591266019399498
27202464551031988609030192662
27202464578023507883022129502
27202464926011978083011336901
27202465302016493214015563341
27202494957012182189012182189
27202605082014687161013872765
27202606380013784135013027477
27202606577023193326022587074
27202606755016493214015563341
27202671700021926339020649080
27202673223013785847013029189
27202675188025089427023609924
27202675943013784179013027521
27203008460023861417022585114
27203010007011045042010493617
27203070387012883113012184193
27203070867012881109012182189
27203072665011978083011336901
27203074188021152293020049206
27203074404024820015023357738
27203074609024766403023432362
27203077152021951285020672431
27203077314011077060010493617
27203077322021927134020649875
27203077357021152328020049241
27203078248015563341015563341
27203089576024766403023432362
27203141039021951285020672431
27203270289024820015023357738
27203270300024820015023357738
27203271072024766403023432362
27203271781012883113012184193
27203271870012737161011922765
27203337529016493214015563341
27203337766024764399023430358
27203337847012182189012182189
27203337944036703305034605907
27203344495024820015023357738
27203347257024820015023357738
27203429946013786139013029481
27203536041022085991020798524
27203536521024820015023357738
27203536750012883113012184193
27203564363024764399023430358
27203930831012881109012182189
27204324110012883113012184193
27204324900020589263019397494
27204344162009646325009646325
27204480317020632649020049206
27204480368024820015023357738
27204602978011075056010491613
27204652428007142402006810407
27204792211023863377022587074
27204792238012431600011761549
27204793250011075067010491624
27204793374021926339020649080
27204793714014687196013872800
27204793919012881109012182189
27204858573012883113012184193
27204866010024820015023357738
27204866746017984954016959701
27204951093020249267019203918
27204951190024766403023432362
27204967240012881109012182189
27205008344012882850012183930
27205020395023357738023357738
27205025249027229011025737387
27205039266024820015023357738
27205060532024820817023358540
27205060710023616547023432362
27205060761019232228018127226
27205119715012881904012182984
27205187060011075056010491613
27205192153038219991036025618
27205192994010172030009646325
27205194636014687161013872765
27205196027012881109012182189
27205196132010491613010491613
27205196337009646325009646325
27205196361030010516029375395
27205196574022085991020798524
27205207924021927530020650271
27205240123024739768023357738
27205240786024820015023357738
27205357497012881109012182189
27205442303019233023018128021
27205442362033970076032047488
27205442907014237311013451784
27205503973013786139013029481
27205510163011978127011336945
27205510325012883113012184193
27205510430013784186013027528
27205511062012883113012184193
27205511348014687161013872765
27205511607024820015023357738
27205640970021181459020546338
27205641284031115518029375395
27205641845019233671018128669
27205641942012883113012184193
27205642868012881109012182189
27205645123024766403023432362
27205646340012883113012184193
27205646464012182189012182189
27205647096019234233018129231
27205647940012431600011761549
27205649331012883113012184193
27205649846019938430019383856
27205649978014687956013873560
27205780047021928344020651085
27205780993023507883022129502
27205781213011526570010914257
27205781892024820015023357738
27205781906013786139013029481
27205782465013872817013872817
27205832225012883113012184193
27205879051024820015023357738
27205898129020048049019203918
27205898161024820015023357738
27205906539012842754012182189
27205906687025089427023609924
27205906814014235648013450121
27205912784026570451025120934
27205946387012883113012184193
27205947030012883113012184193
27205948053023507883022129502
27205948169021928344020651085
27205948703012882821012183901
27206042724023507883022129502
27206044948021926339020649080
27206045278026336701024777449
27206045383024820015023357738
27206054064011076325010492882
27206054498024820015023357738
27206054749024820015023357738
27206054927024766403023432362
27206150802024820015023357738
27206169562024766403023432362
27206169716024067483023432362
27206247490024820015023357738
27206382649035296380033288939
27206382975024820015023357738
27206458300022085991020798524
27206472974024820015023357738
27206603831012429596011759545
27206604226012883113012184193
27206604617010931109010232189
27206609104024766403023432362
27206609384014687161013872765
27206728413036201118034135939
27206728529012883113012184193
27206756654012883113012184193
27206860818024820015023357738
27207105339012881109012182189
27207188412024820015023357738
27207216211033490371031598407
27207323808010172030009646325
27207324448011075056010491613
27207325789019234233018129231
27207326068011248169011248169
27207327366011075056010491613
27207329342012883113012184193
27207381212011336901011336901
27207381565021881147020672474
27207382111011978083011336901
27207382529021926339020649080
27207383223020249267019203918
27207395248024820015023357738
27207606257011980087011338905
27207697619016493214015563341
27207711603012881109012182189
27207870213026572455025122938
27207871112012883113012184193
27207871139027474272025967017
27207872429010077237009557593
27207872593012881109012182189
27207872798012883113012184193
27207873131021928344020651085
27208059403011755618011755618
27208059632031566541029797709
27208059799028376504026811510
27208145539011526570010914257
27208190127012604833012604833
27208238553027329530025706798
27208257957021928051020650792
27208388644024766111023432070
27208487219016493214015563341
27208498334022085991020798524
27208574901024820015023357738
27208577021020718978019518916
27208875510021953289020674435
27208939942020249267019203918
27208980071026570495025120978
27208980195011526570010914257
27208980721012182189012182189
27208980918012842868012182303
27208981523014687161013872765
27208981639012429596011759545
27208981981011075056010491613
27209002227012881109012182189
27209002367016493214015563341
27209002871012883113012184193
27209004424009646325009646325
27209006109012883113012184193
27209007202011978083011336901
27209105107024131282023432362
27209119140024820015023357738
27209166564014687472013873076
27209166750012883113012184193
27209166947011075056010491613
27209167137024766403023432362
27209310916026570495025120978
27209311033011077060010493617
27209378057023453003022078131
27209378529024766127023432086
27209573267011759545011759545
27209578935011980087011338905
27209586059024820015023357738
27209586865010318093010318093
27209595783013784135013027477
27209596127011336936011336936
27209596488011978083011336901
27209597409020049206020049206
27209599762011980087011338905
27209619194011075107010491664
27209741542024820015023357738
27209768726030010516029375395
27209872167012883113012184193
27210058554024766403023432362
27210250544023413090022040770
27210251109026336701024777449
27210270421016493214015563341
27210292166026570451025120934
27210316405016493214015563341
27210316472011978127011336945
27210365511009720517009223681
27210394066011834135011077477
27210443237014687161013872765
27210558506026336701024777449
27210673550011075056010491613
27210676045012429596011759545
27210762677020589305019397537
27210800161024136510022717935
27210894077014235648013450121
27210894875024766403023432362
27211000223012883113012184193
27211050875013784135013027477
27211123023031117523029377400
27211125719013784930013028272
27211126235016493214015563341
27211126812013784135013027477
27211127215020589572019397804
27211127401016493214015563341
27211128262024766403023432362
27211128742011980087011338905
27211210376011526570010914257
27211599273024820015023357738
27211720609025669429024277650
27211793150014687161013872765
27211801099026336701024777449
27211803962021928344020651085
27211813933016494009015564136
27213062307009720517009223681
27213209715010172030009646325
27213302081021953012020674158
27213336032037142345035016876
27213336083014687956013873560
27213341087012182224012182224
27213391319012184193012184193
27213393036009720517009223681
27213393125011980087011338905
27213395306032115049030311127
27213396396022055320020894494
27213396434011077060010493617
27213397716011980087011338905
27213399212012883113012184193
27213400067012883113012184193
27213400571013784135013027477
27213400652022055319020894494
27213400962021928344020651085
27213401748021926339020649080
27213401934011077060010493617
27213404720024820015023357738
27213404739013786139013029481
27213406022027473477025966222
27213406057021951329020672475
27213406154016495219015565346
27213407363024693194023432362
27213409129010172030009646325
27213410666012881168012182248
27213412898012183383012183383
27213413215011075056010491613
27213415064013334626012606837
27213416583012881109012182189
27213417792011980087011338905
27213418381013786139013029481
27213418500013784135013027477
27213418640016493214015563341
27213419019013786139013029481
27213419183027475481025968226
27213421153026336701024777449
27213422184010172030009646325
27213422567024820015023357738
27213422907016493214015563341
27213423717016493214015563341
27213423776012883113012184193
27213424608012883113012184193
27213427224014235648013450121
27213427593013784930013028272
27213428573010172030009646325
27213429901016493214015563341
27213430349024766403023432362
27213431027010172030009646325
27213431116012883113012184193
27213431345012881109012182189
27213431434014687161013872765
27213432678026336701024777449
27213433100024820015023357738
27213433712012881109012182189
27213433771021981128021317138
27213435227012881109012182189
27213435480011885294011250173
27213435545029190477027656798
27213438153023453003022078131
27213438315013784930013028272
27213438722013785847013029189
27213439303023511247023511247
27213439338016493214015563341
27213439478024820015023357738
27213439494012883113012184193
27213439540016493214015563341
27213440816012881109012182189
27213441596016494927015565054
27213442436024820015023357738
27213442746014687161013872765
27213442770016493214015563341
27213444781024820015023357738
27213445370022087653020800186
27213446032013784135013027477
27213446369010980263010402881
27213447195011980087011338905
27213447772020249267019203918
27213447977013874769013874769
27213448027024820015023357738
27213448086024820015023357738
27213448582016493214015563341
27213452695008817491008378393
27213452997009720517009223681
27213998817012883113012184193
27214183248012883113012184193
27214210733024820015023357738
27214403566014592368013784033
27214731288024764399023430358
27214843450013786139013029481
27214898026016493214015563341
27215199350012883113012184193
27215410191024766403023432362
27215478926011980087011338905
27215504730013784179013027521
27215558962017984998016959745
27215807261011885002011249881
27215807547036703305034605907
27215807598011075056010491613
27215837896024766403023432362
27215908580016493214015563341
27216090670009223681009223681
27216091413019234233018129231
27216091561008817491008378393
27216093467010623543010068969
27216094560031117259029377136
27216094943012881109012182189
27216294764009720517009223681
27216310182009269004008801037
27216314196011980087011338905
27216314676020570854020051210
27216314730031117523029377400
27216315303012883113012184193
27216315605011075056010491613
27216317373021926339020649080
27216317586011077060010493617
27216318833011778120011778120
27216320064010623543010068969
27216321834011077060010493617
27216324582010493617010493617
27216325325013784662013028004
27216326062010493617010493617
27216326518024766403023432362
27216326801013786139013029481
27216327751011075091010491648
27216329274025669429024277650
27216425044011077060010493617
27216426040011075056010491613
27216427683012881109012182189
27216429147012882850012183930
27216430153012786316012093457
27216450359021152293020049206
27216695912013784930013028272
27216708607016493214015563341
27216709751012881109012182189
27216780146024820015023357738
27216786438024820015023357738
27216786799024820015023357738
27216787264016493214015563341
27216787469024766403023432362
27216788007036684637035222360
27216788058024766403023432362
27216788074016041736015140732
27216790508024820015023357738
27216790745020309873019135968
27216807206012881109012182189
27216820970021926339020649080
27216852023024766403023432362
27216852724014689166013874770
27216852899024820015023357738
27216853828024764399023430358
27216854115018129231018129231
27216854425012883113012184193
27216854522031988609030192662
27216854654012182189012182189
27216854972021951285020672431
27216855227020035472018879112
27216855847015992255015140697
27216931144020346459019170321
27217010735016493214015563341
27217010808023863377022587074
27217011111021926339020649080
27217011383028378508026813514
27217011790012786316012093457
27217011952011077060010493617
27217120468009646325009646325
27217120794019232228018127226
27217232797014687161013872765
27217256408024820015023357738
27217256645024820015023357738
27217257781031117523029377400
27217257943013332622012604833
27217258982011336901011336901
27217267388019234233018129231
27217472747035298384033290943
27217474278016493214015563341
27217522396010077237009557593
27217522450019233422018128420
27217522930006456765006456765
27217523287009269004008801037
27217523821012883113012184193
27217524739016493214015563341
27217524976011075056010491613
27217657909016041701015140697
27217677926022960350021741786
27217688898014235648013450121
27217729535026572455025122938
27217733621038509357036296483
27217767437024820015023357738
27217822195013786139013029481
27217822497010623543010068969
27217836811014687161013872765
27217863657013029481013029481
27217894080009223681009223681
27217915223012883113012184193
27217915568011075056010491613
27217916971026813514026813514
27217917188011075056010491613
27217918265014687956013873560
27217940317011526570010914257
27217980599011075056010491613
27217991310035777045033738981
27218053896012883113012184193
27218057581024765559023431518
27218121093024820015023357738
27218167085010980263010402881
27218180448022085991020798524
27218180537015590188014718053
27218248158021404489020160724
27218248417010493617010493617
27218263645016493214015563341
27218299380011075056010491613
27218299399024766403023432362
27218299402028376504026811510
27218422840019232228018127226
27218529858031117521029377399
27218550164021152293020049206
27218550539024820015023357738
27218551063010914257010914257
27218574683024820015023357738
27218705869012429596011759545
27218778335024820015023357738
27218799014012881109012182189
27218799499012881109012182189
27218943409016493214015563341
27218970058025813793025120934
27218971224024820015023357738
27218972271025122938025122938
27218972603014235648013450121
27218977532010172030009646325
27218977567012881109012182189
27219098370021928051020650792
27219100138012883113012184193
27219100251017986958016961705
27219100294011526570010914257
27219100839012881109012182189
27219101126012431600011761549
27219101134027475481025968226
27219101487023413090022040770
27219101754024820015023357738
27219101797012883113012184193
27219101851034373396032424970
27219101991012881109012182189
27219150887038509357036296483
27219164012031775790029993560
27219164195011978083011336901
27219164640024136510022717935
27219256626010172030009646325
27219275124013786139013029481
27219350304013784135013027477
27219350339025424963024048815
27219350355012881636012182716
27219350525009720517009223681
27219350797024766403023432362
27219350835019223520019223520
27219351149012883113012184193
27219351866016493214015563341
27219352919012883113012184193
27219365344012431600011761549
27219369064011077060010493617
27219375404009646325009646325
27219482839024766403023432362
27219491447014687161013872765
27219491641024462068023147486
27219491706012883113012184193
27219493121012431600011761549
27219493210011077060010493617
27219494594010623543010068969
27219680703024859192023519090
27219681017010172030009646325
27219683907012883113012184193
27219684199022960350021741786
27219684369012883113012184193
27219684792010068969010068969
27219685098024314890023009718
27219685705012883113012184193
27219687511010623543010068969
27219692140016493214015563341
27219695204025669429024277650
27219740102024820015023357738
27219793826010491613010491613
27219891674014687956013873560
27219894223015495395014629321
27219936082028376503026811510
27220041145020568885020049241
27220074655024764458023430417
27220107928009646325009646325
27220162961012182240012182240
27220230061024764399023430358
27220258403011526570010914257
27220277769024820015023357738
27220279796024766403023432362
27220320710036703305034605907
27220320753014235648013450121
27220320818024820015023357738
27220466456024766403023432362
27220628138012883113012184193
27220738030021928344020651085
27220745118023413090022040770
27220782455011978083011336901
27220815175016495219015565346
27220892021013784135013027477
27220892110011077060010493617
27220892889014687161013872765
27220899638026570451025120934
27221047074022040770022040770
27221078123016493214015563341
27221179590024820015023357738
27221197025024766403023432362
27221197211023453003022078131
27221234591024820015023357738
27221270733014687319013872923
27221275859010172065009646360
27221423955012881109012182189
27221429171013784930013028272
27221511609012883113012184193
27221549592024766403023432362
27221565520011338905011338905
27221717789012184193012184193
27221780774014235648013450121
27221884030011980087011338905
27221908193010068969010068969
27221911550021135568019908869
27221979112024820015023357738
27221979252023453003022078131
27221979481014237652013452125
27221981052023863377022587074
27222026992022085991020798524
27222041959021928344020651085
27222069691011075056010491613
27222071327029280325027657593
27222086448016493214015563341
27222086529025560702024746306
27222087061023413090022040770
27222087444012429596011759545
27222087517024820015023357738
27222104292028376504026811510
27222105000011077060010493617
27222118862022960350021741786
27222187643025120934025120934
27222230433012184193012184193
27222352415021152328020049241
27222399810016493214015563341
27222399942010623543010068969
27222420925024766403023432362
27222424238021926339020649080
27222425684012182189012182189
27222427091022085991020798524
27222427512019234233018129231
27222428608010623543010068969
27222431633012883113012184193
27222433962012883113012184193
27222435310011248169011248169
27222437259012883113012184193
27222437666010172030009646325
27222438115014235648013450121
27222487574024820015023357738
27222487949014689166013874770
27222487965012883113012184193
27222506188024766403023432362
27222526170010493617010493617
27222615513012429596011759545
27222710095013334626012606837
27222742477014687161013872765
27222755854014687161013872765
27222818066013786139013029481
27222818902014687472013873076
27222890743024874895023409109
27222891723026572455025122938
27223011050023453003022078131
27223011085024180955023430358
27223011964011978083011336901
27223082225020491485019306096
27223082470010172030009646325
27223082845012182189012182189
27223128209024820015023357738
27223168308016493214015563341
27223169428022960350021741786
27223259389012881109012182189
27223259680013784135013027477
27223342510016041701015140697
27223403781014687161013872765
27223452626015590188014718053
27223473119024820015023357738
27223486172014687161013872765
27223486466024820015023357738
27223486598012883113012184193
27223486652021928344020651085
27223486709021088171019864503
27223489449014687196013872800
27223522349024820015023357738
27223522640012883113012184193
27223522675012883113012184193
27223576090022440706021741786
27223732769014237652013452125
27223837048024820015023357738
27223847841020489516019304127
27223972247024820015023357738
27223989972011077060010493617
27224000796019346241018358630
27224055566020718978019518916
27224059065019351967018239309
27224090418010623543010068969
27224151026013784179013027521
27224151085011885294011250173
27224151093023863377022587074
27224151336011075056010491613
27224151506012431600011761549
27224151549011077060010493617
27224151689024821209023358932
27224151743012881109012182189
27224190323012881109012182189
27224209679028376504026811510
27224221601012883113012184193
27224221857033376372031491745
27224258998013784135013027477
27224356973013784135013027477
27224391566013786139013029481
27224392473014687472013873076
27224392597022085991020798524
27224392651009269004008801037
27224394344012883113012184193
27224400603031117523029377400
27224402177010623543010068969
27224402258026336701024777449
27224402347012883113012184193
27224404633025557665024172904
27224405303011978083011336901
27224405400029760488028107132
27224405516019232228018127226
27224405656024766403023432362
27224414787035568286033543460
27224461033014687161013872765
27224470350012883113012184193
27224492559016493214015563341
27224519996011077060010493617
27224559106012881109012182189
27224600750022594142021398865
27224639002024820015023357738
27224639355013786139013029481
27224639452013784930013028272
27224781747020035472018879112
27224896161012883113012184193
27225062671011978083011336901
27225178041016495219015565346
27225301943024130073023431153
27225311922016493214015563341
27225317556013028004013028004
27225320557021402485020158720
27225439341012883113012184193
27225439422026336701024777449
27225468392021926339020649080
27225472225012883113012184193
27225504011023509887022131506
27225526228011978083011336901
27225576535011980087011338905
27225611624012881109012182189
27225689615016493214015563341
27225689852013332622012604833
27225816153016493214015563341
27225840321024765593023431552
27225841638014689165013874769
27225843479024820015023357738
27225886356036703305034605907
27225918568020490988019305599
27225984013024820015023357738
27226000513016493214015563341
27226088836012883113012184193
27226124646023413090022040770
27226129346011526570010914257
27226171431021154297020051210
27226171725012431600011761549
27226172322024764399023430358
27226172713012883113012184193
27226174376012184193012184193
27226174910012184193012184193
27226175135024067483023432362
27226175240012883113012184193
27226176530012883113012184193
27226179122024766403023432362
27226180171011883290011248169
27226180236010172030009646325
27226181585020107324018946498
27226181836021154297020051210
27226184762009720517009223681
27226185432016493214015563341
27226187249011338905011338905
27226527015010623543010068969
27226635284012881652012182732
27226636000014687161013872765
27226636779026570451025120934
27226687098012883113012184193
27226698081012883113012184193
27226698367011980087011338905
27226699797011077060010493617
27226699908012883113012184193
27226744148021926339020649080
27226744334011336945011336945
27226773628012883113012184193
27226774128015590188014718053
27226811279010491613010491613
27226811813011077060010493617
27226812135024820015023357738
27226813077012881109012182189
27226813808012883113012184193
27226813840010172030009646325
27226813913024766403023432362
27226814731024766403023432362
27226860091012881109012182189
27226869374010980263010402881
27226869617009269004008801037
27226869781013785619013028961
27227029973014687161013872765
27227032869016493214015563341
27227032915024820015023357738
27227052290014687221013872825
27227053211013786139013029481
27227053815024820015023357738
27227134114012883113012184193
27227221408012881144012182224
27227221858010623543010068969
27227221904023861408022585105
27227222110024766403023432362
27227222285012882303012183383
27227222943031115681029375558
27227223206011075056010491613
27227223834021928344020651085
27227225918036068184034605907
27227227341024766403023432362
27227290779023413417022041097
27227322220021926339020649080
27227448585011077060010493617
27227460577013873092013873092
27227542840014687161013872765
27227542859010068969010068969
27227633307013785798013029140
27227633587013029481013029481
27227644171024820015023357738
27227644856023413090022040770
27227709389013784135013027477
27227980058012881109012182189
27228004931012883113012184193
27228042418012883113012184193
27228060092022085991020798524
27228200692010623543010068969
27228216262012883113012184193
27228388071010493617010493617
27228388519016495219015565346
27228389213011075100010491657
27228389744011980087011338905
27228389892013786139013029481
27228396058016493214015563341
27228446187024820015023357738
27228446268021953289020674435
27228490003011077060010493617
27228619162011526570010914257
27228641842016493214015563341
27228769245009720517009223681
27228801580012881109012182189
27228815743025764222024366382
27228935595016041701015140697
27228949316012787979012095120
27228970641011978083011336901
27229098204028378508026813514
27229098654012883113012184193
27229098883011774443011774443
27229244480017540189016668054
27229401713025423486024047338
27229401748011075056010491613
27229401845019232228018127226
27229411174027329530025706798
27229560153028376504026811510
27229560285015590188014718053
27229720614021137573019910874
27229736545009646325009646325
27229736642014235648013450121
27229866872024820015023357738
27229872597012883113012184193
27229951411024820015023357738
27229990824024820015023357738
27229994609012881109012182189
27230034740012786316012093457
27230043855019554025018428448
27230043944014687161013872765
27230178157009720517009223681
27230178211008712305008712305
27230203801014687472013873076
27230206525013851061013851061
27230313771022085990020798523
27230350324012883113012184193
27230350960012883113012184193
27230410211010172030009646325
27230410742012881109012182189
27230411145026477662025034206
27230411706014687161013872765
27230412273011075056010491613
27230413970013784135013027477
27230414071010623543010068969
27230415361023411863022164430
27230418131010623543010068969
27230418573024065820023430699
27230419359011075056010491613
27230421663012431600011761549
27230422538011075091010491648
27230424166021928344020651085
27230424409012184193012184193
27230424611012883113012184193
27230424824010172030009646325
27230426738014687161013872765
27230427262024067483023432362
27230428072018884335018358630
27230483154014687161013872765
27230483197024766403023432362
27230483758029377400029377400
27230484576024766403023432362
27230486161022262367021088303
27230486579021951285020672431
27230486862014687688013873292
27230487559011980087011338905
27230488938010172030009646325
27230511697024820015023357738
27230555198016493214015563341
27230569601024820015023357738
27230570928023863377022587074
27230800044008817491008378393
27230815378024820015023357738
27230821351008140221007744427
27230822404019234233018129231
27230822676011980087011338905
27230822692024766403023432362
27230822838011980087011338905
27230853334024874895023409109
27230854187024766403023432362
27230854470012883113012184193
27230854748010141892010141892
27230968964022958346021739782
27231076226012883113012184193
27231172039014687161013872765
27231320186022085991020798524
27231501717020035472018879112
27231503914011075056010491613
27231510120011075056010491613
27231510341011338905011338905
27231510465012883113012184193
27231580315024820015023357738
27231613817023863377022587074
27231614368010623543010068969
27231614562026571594025122077
27231615542010172030009646325
27231616085024766403023432362
27231626986013785329013028671
27231638690021402485020158720
27231640288016493258015563385
27231640407016493214015563341
27231695058013784135013027477
27231770629013786139013029481
27231878012024820015023357738
27231878330013785847013029189
27231878357013784135013027477
27231883628013784135013027477
27231912660013784678013028020
27232015670012429596011759545
27232034217024764399023430358
27232034411034872307032891981
27232286550014687161013872765
27232544614024766403023432362
27232809863036703305034605907
27232821952012883113012184193
27232821987022086034020798567
27232840108026570451025120934
27232840205016493214015563341
27232840574012882303012183383
27232901344024820015023357738
27232901476016493214015563341
27232906176012883113012184193
27232930816012883113012184193
27232942113009174211008712305
27232942296010115694010115694
27232942342026336701024777449
27232980090022086034020798567
27232980589012883113012184193
27233021526013784135013027477
27233058403010623543010068969
27233058764014235648013450121
27233058926011526570010914257
27233058977012881109012182189
27233059108011075056010491613
27233059132011980087011338905
27233059337014235648013450121
27233108060021926339020649080
27233119429012883113012184193
27233207042014687161013872765
27233216122024820015023357738
27233253842024820015023357738
27233333706024766403023432362
27233337019016495219015565346
27233351747016493214015563341
27233351925037606375035451239
27233352093011075056010491613
27233352131024820015023357738
27233353308023781759023175507
27233353367012883113012184193
27233387237010172030009646325
27233399529012881109012182189
27233453299015590258014718123
27233454392012184193012184193
27233500106011978083011336901
27233504632012429596011759545
27233577095019233008018128006
27233577745021152446020049359
27233578296014687196013872800
27233578725012883113012184193
27233578865010623543010068969
27233668740012883113012184193
27233677944026570451025120934
27233738684024820015023357738
27233739125013786139013029481
27233739184012883113012184193
27233739788021741494021741494
27233890923016043093015142089
27233917228011077060010493617
27234054541010172030009646325
27234054622026336701024777449
27234100071008271185007867017
27234101612009269004008801037
27234104336011336901011336901
27234104530021152293020049206
27234104964012883113012184193
27234105537011075056010491613
27234106371012881109012182189
27234109478016493214015563341
27234110484010493617010493617
27234111162024766403023432362
27234111278010077237009557593
27234111456020489481019304092
27234112673026570978025121461
27234115338010491766010491766
27234115729010623543010068969
27234116261010623543010068969
27234119783011075091010491648
27234179190013786139013029481
27234179433012883113012184193
27234197482012883113012184193
27234197881022055320020894494
27234282390017877199016858964
27234282870011077060010493617
27234320950010623543010068969
27234321140013784135013027477
27234321744012429596011759545
27234509999020035472018879112
27234652597028252513026570767
27234652929010623543010068969
27234673691014687161013872765
27234721408024764399023430358
27234800057012883113012184193
27234800448011077060010493617
27234800472012182189012182189
27234984301013784186013027528
27234984433009269004008801037
27234985502010172030009646325
27234985995021928344020651085
27234986428009720517009223681
27234987688012883113012184193
27235099468013450121013450121
27235235345010068969010068969
27235250174012429596011759545
27235420274013874769013874769
27235440445012881109012182189
27235447210024820015023357738
27235516166021951285020672431
27235556478012881144012182224
27235577661014687472013873076
27235578811022057323020896498
27235578935011077060010493617
27235703187011978083011336901
27235708197016493214015563341
27235773134024764399023430358
27235773584013785847013029189
27235800859013334626012606837
27235878866013028272013028272
27235879552014687161013872765
27236150297022055319020894494
27236176474010623543010068969
27236257806010172030009646325
27236258098022960350021741786
27236258349011978083011336901
27236259647012881109012182189
27236301007011980087011338905
27236305088011978118011336936
27236305452013784194013027536
27236329963013786139013029481
27236360666014687205013872809
27236470100011075056010491613
27236470291021928344020651085
27236516100014687205013872809
27236557478024820015023357738
27236770554014687161013872765
27236875364018713168018713168
27236875488010172030009646325
27236875763024766403023432362
27236877960010623543010068969
27236878223024766403023432362
27236878673011075056010491613
27236878908011075091010491648
27236878916016493214015563341
27236879025012184193012184193
27236879378011075056010491613
27236930381012184193012184193
27236930667010623543010068969
27236947527022085991020798524
27237118133009646325009646325
27237281042020249267019203918
27237336335016493214015563341
27237336394013784662013028004
27237336408011883290011248169
27237336742024764433023430393
27237402133010914257010914257
27237402583016493214015563341
27237403105026572455025122938
27237403989021402485020158720
27237405426011075056010491613
27237405779014687196013872800
27237405973010623543010068969
27237514152013786139013029481
27237530050020049206020049206
27237742392019380900019380900
27237751197010172030009646325
27237788856011978083011336901
27237789348012881109012182189
27237793329012881109012182189
27237856789012883113012184193
27237860735013786139013029481
27238007580011978083011336901
27238007793024820015023357738
27238007939012881109012182189
27238008781014543214013613341
27238009060013784662013028004
27238026488011978083011336901
27238080032012883113012184193
27238081918024766403023432362
27238082086013784179013027521
27238084372011336901011336901
27238085972012883113012184193
27238087495026572455025122938
27238092138012881109012182189
27238110438016495219015565346
27238110675011761549011761549
27238251937021926339020649080
27238379178011077060010493617
27238379356011075056010491613
27238379437020035472018879112
27238379526016041736015140732
27238383752013872765013872765
27238410040032921569031065971
27238410989012431600011761549
27238518399016493214015563341
27238518607009720517009223681
27238519697014235648013450121
27238591282013785847013029189
27238602071013332622012604833
27238619241010172030009646325
27238663135019234233018129231
27238689681012883113012184193
27238851748014235648013450121
27238858521012883113012184193
27238860011012883113012184193
27238862634023413090022040770
27238864882010172030009646325
27238868381018668460017599505
27238869213025238363023874018
27238898582023414753022042433
27238959301012883113012184193
27238990004028473301026902246
27239168952022086025020798558
27239200562023863377022587074
27239232448013689342012938745
27239232510012881109012182189
27239248107024820015023357738
27239272385011978083011336901
27239347687023863377022587074
27239398869015590188014718053
27239579707009646325009646325
27239627744012881109012182189
27239655632011978083011336901
27239738678016493214015563341
27239738775024820015023357738
27239762285010491613010491613
27239764032010623543010068969
27239765764011338905011338905
27239768097010623543010068969
27239817527011526570010914257
27239818647012334803011670813
27239820609012882312012183392
27239864371016493214015563341
27239945517012336807011672817
27240033203016495219015565346
27240035192014237389013451862
27240050159032923575031067976
27240051716020568850020049206
27240052402021926339020649080
27240052682012883113012184193
27240052747012883113012184193
27240054316011075091010491648
27240092560019351967018239309
27240100822011978083011336901
27240100938011526570010914257
27240138811019119045018564471
27240139168012429596011759545
27240142460021152293020049206
27240348573012881109012182189
27240357106011883290011248169
27240357262012429596011759545
27240445072024136510022717935
27240448535024820015023357738
27240522174011075091010491648
27240527486012883113012184193
27240608079019017565019017565
27240608362009269004008801037
27240608591024820015023357738
27240609288024820015023357738
27240609970013332622012604833
27240630589032584282031296815
27240632336012881109012182189
27240634371009720517009223681
27240681426021152294020049206
27240682880020249267019203918
27240684506012184193012184193
27240728376025669088024277309
27240738649013786139013029481
27240745343010623543010068969
27240745696023413134022040814
27240748725014687161013872765
27240749438013785395013028737
27240750002021402485020158720
27240750517009646325009646325
27240751637014689165013874769
27240855564010172030009646325
27240973060011075056010491613
27241016248009720517009223681
27241017112008817491008378393
27241019344014687161013872765
27241023821026336701024777449
27241058633024766403023432362
27241058919024820015023357738
27241160233013785847013029189
27241160462014687161013872765
27241190515024820015023357738
27241190760012883113012184193
27241230207024766403023432362
27241330015024820015023357738
27241330066014687161013872765
27241331909011526570010914257
27241350911024766403023432362
27241413956011075056010491613
27241456795010754507010191559
27241468718024764398023430358
27241470887012883113012184193
27241476176011075056010491613
27241476451019232228018127226
27241476850010623543010068969
27241528117011075056010491613
27241646489011526570010914257
27241682396023053139021828514
27241754389023507883022129502
27241813423024820015023357738
27241813563012883113012184193
27241898283023453003022078131
27241899506015592193014720058
27241916389009720517009223681
27241930098022958381021739817
27241930241011075056010491613
27241930438015590260014718125
27241930896011075056010491613
27241945915010623543010068969
27241977507024492003023175507
27241977515013060226012349982
27242003514010172030009646325
27242018872014235648013450121
27242035645012881109012182189
27242213012016493214015563341
27242213063022958346021739782
27242213705015590188014718053
27242385018017567874016569417
27242386375011883290011248169
27242404535010625547010070973
27242404691014235648013450121
27242404861020718978019518916
27242446157012431600011761549
27242513784010172030009646325
27242553042009720517009223681
27242607177013332622012604833
27242609080016041701015140697
27242620580011077060010493617
27242686980022085991020798524
27242687723024820015023357738
27242775282021741786021741786
27242777862011075056010491613
27242778346011077060010493617
27242778923010172030009646325
27242779105011075091010491648
27242779830024766403023432362
27242798053019027675017935752
27242798355011075056010491613
27242798827012881153012182233
27242798975012876124012184193
27242855049014689165013874769
27243178040024820015023357738
27243199226021952997020674143
27243461710011075091010491648
27243464299011077060010493617
27243465635011075056010491613
27243467042010623543010068969
27243468103021152344020049257
27243468944009720517009223681
27243499114009720517009223681
27243518275013784678013028020
27243520881026336701024777449
27243605666011075056010491613
27243610902014687161013872765
27243630776010172030009646325
27243760211010172030009646325
27243761722012883113012184193
27243762990010623543010068969
27243765140012883113012184193
27243766155019232228018127226
27243767054010172030009646325
27243774476021503003020128131
27243845756012883113012184193
27243845977016494927015565054
27243987437008817491008378393
27243988492010172030009646325
27243988956012883113012184193
27244019930010174034009648329
27244054191011077060010493617
27244077655012883113012184193
27244147025024820015023357738
27244147041014687220013872824
27244147440023453003022078131
27244148579012883113012184193
27244238039013786139013029481
27244241005013784135013027477
27244292246024366382024366382
27244292904011336901011336901
27244293137016041701015140697
27244293862012429596011759545
27244296047024766403023432362
27244296284013784135013027477
27244297132013786139013029481
27244298449014235648013450121
27244299038026572455025122938
27244299690012429596011759545
27244299992011978083011336901
27244321068012881109012182189
27244321939024820015023357738
27244335328016493214015563341
27244385767012883113012184193
27244385783011980087011338905
27244512300024764399023430358
27244575647036703305034605907
27244596423011075056010491613
27244743779013786139013029481
27244745852011077060010493617
27244940264012883113012184193
27244941589011980087011338905
27245138070025034308024277650
27245138488009720517009223681
27245139034022958346021739782
27245139247024820015023357738
27245139522010623543010068969
27245139980010623543010068969
27245166651010491613010491613
27245193454010172030009646325
27245194019011075056010491613
27245194892022960350021741786
27245195961012431600011761549
27245196879011075056010491613
27245197573011338905011338905
27245232948010172030009646325
27245459144012883113012184193
27245476081016493214015563341
27245584062009720517009223681
27245599388013785847013029189
27245703037023861373022585070
27245703320007914465007533105
27245703770012881109012182189
27245704572009720517009223681
27245704602014235648013450121
27245705978012431600011761549
27245785939010172030009646325
27245786625012883113012184193
27245788229024766403023432362
27245788571010172030009646325
27245788636011075056010491613
27245789624010623543010068969
27245807770024766403023432362
27245819221013784135013027477
27245857271011980087011338905
27246026233012429596011759545
27246026829022382400021741218
27246057570010623543010068969
27246074114011075056010491613
27246077504012881109012182189
27246226372011526570010914257
27246264738011526570010914257
27246273702010623543010068969
27246319826010623543010068969
27246403754010623543010068969
27246616707013332622012604833
27246663144016493214015563341
27246720113024820015023357738
27246855418011075056010491613
27246855582011075056010491613
27246891686016493214015563341
27246963733010980298010402916
27246963776011978083011336901
27247008654010491613010491613
27247008905023413090022040770
27247009480011336901011336901
27247126312013785798013029140
27247126371021152293020049206
27247126614028377030026812037
27247244110021926339020649080
27247244293012431600011761549
27247260507016493214015563341
27247285070011338905011338905
27247285844010623543010068969
27247286018011077060010493617
27247289394013785343013028685
27247289696022958347021739782
27247296609026571985025122468
27247319021016493214015563341
27247328225011980087011338905
27247328268011077060010493617
27247328306011338905011338905
27247328527011077060010493617
27247328969013334626012606837
27247329116011980087011338905
27247329213013784135013027477
27247329302011077060010493617
27247329523010491648010491648
27247329868010068969010068969
27247329906011077060010493617
27247329922010623543010068969
27247329930021911372020635070
27247330009010491613010491613
27247375274009269004008801037
27247384192014687314013872918
27247468159010623543010068969
27247468507022085991020798524
27247469600023861372022585070
27247480868019029680017937757
27247480906009625724009134949
27247481007014689166013874770
27247636752012182189012182189
27247666090010077237009557593
27247666244014235648013450121
27247667593013784135013027477
27247668719011075056010491613
27247669618012431600011761549
27247752248011980087011338905
27247767091012883113012184193
27247873754013786139013029481
27247897157022087995020800528
27247897254010623543010068969
27247897742011978083011336901
27247940206024067483023432362
27247940303012883113012184193
27248074723010172030009646325
27248329322016493214015563341
27248390714026336701024777449
27248400965021152293020049206
27248407854009269004008801037
27248454607011979746011338564
27248580742022087995020800528
27248834841022510064021195482
27248927823010623543010068969
27248943578011978083011336901
27249129637012431600011761549
27249186967010172030009646325
27249432135011980087011338905
27249444397014592368013784033
27249444478012883113012184193
27249500777011075056010491613
27249505760010623543010068969
27249506775011980087011338905
27249507542012184127012184127
27249508638010623543010068969
27249508700012184193012184193
27249509022011077060010493617
27249509308021693120020555581
27249528485010068969010068969
27249540000026336701024777449
27249569289014235648013450121
27249569556011075056010491613
27249569823015590188014718053
27249670079010172030009646325
27249670605011978083011336901
27249671091010623543010068969
27249674201011980087011338905
27250022765019234233018129231
27250022862022087995020800528
27250278336011075056010491613
27250279359012184193012184193
27250424855022085990020798523
27250503461022087995020800528
27250603083015590258014718123
27250637115013786139013029481
27250959945024764399023430358
27251101898023863311022587008
27251101901016493534015563661
27251133978011980087011338905
27251140478011075056010491613
27251141830011075091010491648
27251143930010623543010068969
27251159667015590188014718053
27251248937011978083011336901
27251460553025090222023610719
27251597532011978083011336901
27251599489022085991020798524
27251683447022960350021741786
27251686063015590188014718053
27251688139011075056010491613
27251688635011980087011338905
27251688805012883113012184193
27251689232011978083011336901
27251698363026336701024777449
27251754018021402485020158720
27251754948013872765013872765
27251834410014687161013872765
27251847709016493214015563341
27251866886010068969010068969
27252009332011075056010491613
27252009537025669429024277650
27252009634033969281032046693
27252079063022085990020798523
27252080207013786139013029481
27252176107014235683013450156
27252176123012883113012184193
27252177316010172030009646325
27252177324014689166013874770
27252177863011978083011336901
27252328772014687196013872800
27252437741024820015023357738
27252457157012429596011759545
27252457173013332622012604833
27252615658024490127023855006
27252706653009174211008712305
27252707013022960350021741786
27252708508012883113012184193
27252760046024766403023432362
27252760178012429596011759545
27252760240010172030009646325
27252760593012883113012184193
27252816483010491613010491613
27252816874011980087011338905
27252817013012431600011761549
27252817498024820015023357738
27252909341010172030009646325
27253011624011077060010493617
27253012442011075056010491613
27253012604012883113012184193
27253014062013332622012604833
27253014194010623543010068969
27253014518011077060010493617
27253018963021402485020158720
27253018971022960230021741666
27253111556008817491008378393
27253332137012431600011761549
27253334555011431777010825525
27253336671011077060010493617
27253337066012881109012182189
27253338364011526570010914257
27253338984016493214015563341
27253341284012786316012093457
27253372090012881109012182189
27253480683010623543010068969
27253577237013450121013450121
27253577385013784135013027477
27253577547011526570010914257
27253577601013784135013027477
27253735258011980087011338905
27253746861011980087011338905
27253754449014687161013872765
27253801269028378508026813514
27253828124011075056010491613
27253828612012431600011761549
27253885241030891008029165241
27253967043012883113012184193
27254080115013691346012940749
27254080395022960350021741786
27254080778012883113012184193
27254082266010491613010491613
27254327404012881144012182224
27254329687012429596011759545
27254378068010172030009646325
27254378696010077237009557593
27254382596009720517009223681
27254449720012881109012182189
27254466021022960350021741786
27254466080020718978019518916
27254511485014687805013873409
27254518080008817491008378393
27254597053016041701015140697
27254634218012881109012182189
27254634390015592193014720058
27254700954009720517009223681
27254701691012431600011761549
27254702930011075056010491613
27254706049010172030009646325
27254706510012881109012182189
27254707118010172030009646325
27254941226019551965019032321
27254979630012883113012184193
27254979843010623543010068969
27254997612011075056010491613
27254999844016043706015142702
27254999968010623543010068969
27255012369010172030009646325
27255013756010493617010493617
27255016321010982267010404885
27255016585011075056010491613
27255017662009646325009646325
27255088381010623543010068969
27255097879009269004008801037
27255171386009720517009223681
27255172226009720517009223681
27255172781020249302019203953
27255173117012882225012183305
27255174121012429596011759545
27255174482011077060010493617
27255174857017984954016959701
27255357293014687205013872809
27255418268012429596011759545
27255426503010623543010068969
27255777101024766403023432362
27255823022024820015023357738
27255842027009174211008712305
27255842353021152293020049206
27255842493011075056010491613
27255843007028376504026811510
27255960496011077060010493617
27255960933012883113012184193
27255961948022830806021741786
27255962464012883113012184193
27255965331011075056010491613
27255967407008378393008378393
27256179178010172030009646325
27256289968019694693019203918
27256420657020894494020894494
27256442103009720517009223681
27256457615011978083011336901
27256524274013784135013027477
27256538828023863377022587074
27256644350011980087011338905
27256656510012429596011759545
27256658629010172030009646325
27256680888011980087011338905
27256681159012883113012184193
27256681299023193326022587074
27256681620011076448010493005
27256681892028378509026813515
27256933085021154297020051210
27256933611010623543010068969
27256935622014687196013872800
27257000791014235648013450121
27257090081019234233018129231
27257091150011075056010491613
27257091576022055319020894494
27257119608011075056010491613
27257120592014689071013874675
27257300647010623543010068969
27257301597009720517009223681
27257301945012881109012182189
27257365846011075056010491613
27257366281012883113012184193
27257366370011075056010491613
27257367725011077060010493617
27257488069014689166013874770
27257488174011075056010491613
27257488557023455007022080135
27257771186024820015023357738
27257771801017984954016959701
27257801530010623543010068969
27257801840014235648013450121
27257818131021952666020673812
27258185035024764843023430802
27258187631011075056010491613
27258187909011075056010491613
27258188492011075091010491648
27258189804011077060010493617
27258206105011526570010914257
27258377112012881109012182189
27258450626013786139013029481
27258497843012881109012182189
27258559075014235648013450121
27258559318014687228013872832
27258597961028252513026570767
27258609110010491613010491613
27258609447015590188014718053
27258609579021154297020051210
27258654310011980087011338905
27258739154008817491008378393
27258799017026336701024777449
27258799114011978083011336901
27258799238011978083011336901
27258799343024820015023357738
27258803804012429596011759545
27258804126011978083011336901
27258807958022085991020798524
27258807966021154297020051210
27258878170010172030009646325
27258878774022085990020798523
27258926728020718978019518916
27259025872022958390021739826
27259025937014720058014720058
27259026275010404544010404544
27259026798012883113012184193
27259154036010491648010491648
27259162012010068969010068969
27259260065011979759011338577
27259260529018553711017492093
27259260626012883113012184193
27259369962011338905011338905
27259462555024820050023357773
27259463306010491613010491613
27259463861009223681009223681
27259466496010623543010068969
27259468685024764399023430358
27259531352026572455025122938
27259552244013784135013027477
27259634305012430055011760004
27259646567013784135013027477
27259646672022085990020798523
27259646710011338905011338905
27259866117012881109012182189
27259867245011978118011336936
27259870475011077060010493617
27259924397011075091010491648
27259924869023958103022675740
27260036071021152293020049206
27260037892025605798024093279
27260117144011978083011336901
27260119120016493214015563341
27260124779011336901011336901
27260167842016493214015563341
27260204012013784135013027477
27260262268011075056010491613
27260262276026572455025122938
27260262462012883113012184193
27260262586013332622012604833
27260270201011978083011336901
27260316759011077060010493617
27260392234010077237009557593
27260401217014237324013451797
27260402760024820015023357738
27260402833007444373007444373
27260403007016520164015588696
27260403074010623543010068969
27260403953011433781010827529
27260404011011077060010493617
27260404658011075091010491648
27260530130011978083011336901
27260530866011075056010491613
27260723591010980263010402881
27260724148023413885022041565
27260724369008722698008289661
27260724636011336901011336901
27260785341008817491008378393
27260785406021154297020051210
27260785627010172030009646325
27260785716022085990020798523
27260786496012881747012182827
27260786712011077060010493617
27260786828010172030009646325
27260786887011075056010491613
27260894760013784135013027477
27260948852012881109012182189
27260950601009269004008801037
27260950652009269004008801037
27260950865021402485020158720
27260976058010623543010068969
27260976554019351967018239309
27260976589013784135013027477
27260990417010493617010493617
27260991391012883113012184193
27260992126013786139013029481
27260993009010623543010068969
27260993114012883113012184193
27260993653022087995020800528
27260993963024764398023430358
27260994129011075851010492408
27261089500016493214015563341
27261090282012881109012182189
27261137084009646325009646325
27261255540025669429024277650
27261255648009720517009223681
27261377913012883113012184193
27261419268009174211008712305
27261551514016493214015563341
27261557806012431600011761549
27261558144010172030009646325
27261558616011077060010493617
27261559167012882916012183996
27261591087010172030009646325
27261612262011980087011338905
27261617051009720517009223681
27261714820019351967018239309
27261715290022085990020798523
27261715371015592193014720058
27261767347011075056010491613
27261767525023432362023432362
27261768564013784135013027477
27261895132012881109012182189
27261895264009269004008801037
27261895949010172030009646325
27261896139013784135013027477
27261896171011287829010566101
27261896244022960350021741786
27261896724010623578010069004
27261896813012881109012182189
27261897003022375438021740317
27261920242011075091010491648
27262140305011075056010491613
27262206373012184193012184193
27262206497011978083011336901
27262207191010172030009646325
27262207396020928520019715060
27262316365010623543010068969
27262316462011077060010493617
27262317515011075056010491613
27262526122010623543010068969
27262527056011526570010914257
27262527498020634653020051210
27262527633022960350021741786
27262622741011980087011338905
27262622970009269004008801037
27262648414013874174013874174
27262765143021951285020672431
27262917563021152328020049241
27263044415011077060010493617
27263046175011075091010491648
27263046752010623543010068969
27263089354007914465007533105
27263290092015592193014720058
27263290106012881109012182189
27263306525015590223014718088
27263363855011978083011336901
27263423394014235648013450121
27263469122013784135013027477
27263517593027475481025968226
27263518018012881144012182224
27263518069012881109012182189
27263518158013784135013027477
27263545678023314984022673802
27263545759022085990020798523
27263579335010623543010068969
27263579696009269004008801037
27263579793010172030009646325
27263681571009646325009646325
27263681806009720517009223681
27263683116033377582031492955
27263684333011980087011338905
27263684414011978083011336901
27263685895011978083011336901
27263686859011077060010493617
27263687898008817491008378393
27263689149011075091010491648
27263689505010172030009646325
27263698466010172030009646325
27263708658021154297020051210
27263754714012883113012184193
27263754935013334626012606837
27263785210010172030009646325
27263820571013410383013410383
27263840394012881109012182189
27263857424011077060010493617
27263893358025667425024275646
27263948365024766402023432362
27263948683013784135013027477
27263950246011075056010491613
27263967033021152293020049206
27263967041011980087011338905
27263967394010172030009646325
27263967424011075056010491613
27263967718010172030009646325
27263967971011075056010491613
27263968129010172030009646325
27263968293010172030009646325
27263968625011978083011336901
27263968943010172030009646325
27263998672014687161013872765
27264109227010491657010491657
27264109553026572456025122939
27264110349013784135013027477
27264141465014687956013873560
27264142348022960350021741786
27264142879012429596011759545
27264239422011526570010914257
27264283855011075056010491613
27264386441010623543010068969
27264388711008817491008378393
27264388746010623543010068969
27264390457010172030009646325
27264391895011526570010914257
27264392700010172030009646325
27264392727013332622012604833
27264431161021152293020049206
27264487183010623543010068969
27264487477012431600011761549
27264489151010623543010068969
27264590200011526570010914257
27264590294010491613010491613
27264590847009720517009223681
27264591592009720517009223681
27264591622009646325009646325
27264592858010077237009557593
27264593145012881109012182189
27264594370015590188014718053
27264594737021951285020672431
27264595857014235648013450121
27264595903010623543010068969
27264597221012883113012184193
27265178125011077060010493617
27265299348022506833021317138
27265300265011075056010491613
27265300354011075056010491613
27265357127011075056010491613
27265357429022087995020800528
27265357631009646325009646325
27265373734011075056010491613
27265462621021154297020051210
27265517949011980087011338905
27265528339024820015023357738
27265589710013784135013027477
27265700743019720379019229604
27265702851010028083009386901
27265705214010172030009646325
27265705753009269004008801037
27265858258013332622012604833
27265858878019346241018358630
27265859114008817491008378393
27265860953012431600011761549
27265864053010623543010068969
27265864592023557855022301012
27265865106032899131030920400
27265865505011075056010491613
27265963426010623543010068969
27265963647009646325009646325
27265980126013883917013120879
27266179818020035473018879113
27266294080014687161013872765
27266294137012883113012184193
27266294374013784135013027477
27266294617012883113012184193
27266294684011075056010491613
27266294854010172030009646325
27266294986012431600011761549
27266353834023863377022587074
27266355896010623543010068969
27266361098011979746011338564
27266361659014235648013450121
27266399036011526570010914257
27266407047010172030009646325
27266407314008817491008378393
27266407500010077237009557593
27266408175011075056010491613
27266467996018354674017305816
27266472213008801037008801037
27266472221011075056010491613
27266570061010623543010068969
27266570207009720517009223681
27266951081011075056010491613
27266951324012429596011759545
27266952606011077060010493617
27267070879017984998016959745
27267074246010623543010068969
27267124936011075056010491613
27267183681014687161013872765
27267204522010623543010068969
27267293282012182189012182189
27267293487021154297020051210
27267296850024764399023430358
27267296966014687161013872765
27267412079010172030009646325
27267430778013874770013874770
27267437195010172030009646325
27267594738012881109012182189
27267630769008578023008578023
27267635701014687161013872765
27267678095012881109012182189
27267678176011077060010493617
27267678613010493617010493617
27267678672009269004008801037
27267744322011075056010491613
27267745280009269004008801037
27267748662024136510022717935
27267810260022960350021741786
27267814177020035472018879112
27267898311022863553021651050
27267898419011980087011338905
27267898974020568850020049206
27267899083009720517009223681
27267976304012881109012182189
27267991885022085990020798523
27268071895011077060010493617
27268072115023861373022585070
27268084652011526570010914257
27268132703012541850011864622
27268274591010491648010491648
27268349419009646325009646325
27268373905014235648013450121
27268402921012881109012182189
27268458676011526570010914257
27268522501024820015023357738
27268522609011064751011064751
27268559057009269004008801037
27268559103010623543010068969
27268559960008817491008378393
27268597617015591396014719261
27268680360010143897010143897
27268707706022055319020894494
27268762219011980087011338905
27268762766011075100010491657
27268769221022055319020894494
27268831822014235648013450121
27268832012012881109012182189
27268903920011526570010914257
27268905001011075056010491613
27268905788011075056010491613
27269090745022055319020894494
27269104568009269004008801037
27269104967014237652013452125
27269315569011980087011338905
27269391486037002204035539927
27269449514011075091010491648
27269549527009720517009223681
27269551181012881109012182189
27269553702010491664010491664
27269554296010623543010068969
27269554695010172030009646325
27269555934010623543010068969
27269557341013784135013027477
27269571786011526570010914257
27269756018023863377022587074
27269756891017540188016668054
27269806856011980087011338905
27269810918013029481013029481
27269931022020718978019518916
27270015196014689166013874770
27270051125021402485020158720
27270070928013332622012604833
27270102706012881109012182189
27270103613011077060010493617
27270103834011978083011336901
27270154315009025661008801037
27270213990009269004008801037
27270223880010172030009646325
27270302837010623543010068969
27270303701011978150011336968
27270304309011526570010914257
27270305097011077060010493617
27270306034010980263010402881
27270306182007917554007917554
27270306247011980087011338905
27270306972014235648013450121
27270309009010172030009646325
27270309971023557038022300194
27270376032013785798013029140
27270376156010172030009646325
27270376806003858530003858530
27270377101011075056010491613
27270379562022055320020894494
27270405644011075091010491648
27270475383010172030009646325
27270479826010172030009646325
27270479982018668460017599505
27270573814014687161013872765
27270604698012883113012184193
27270640988027475483025968227
27270821001011526570010914257
27271100316013784135013027477
27271189856008378393008378393
27271228029012883113012184193
27271228312013785862013029204
27271228703016042817015141813
27271229386011336936011336936
27271229726021951285020672431
27271411206009174211008712305
27271691268021152293020049206
27271691519023453003022078131
27271769453026572455025122938
27271907120011978118011336936
27271907201010068969010068969
27271907864012882772012183852
27271909883008817491008378393
27271949834011075056010491613
27271984192010172030009646325
27271984834010172030009646325
27272216563013786139013029481
27272216571011980087011338905
27272217063011759545011759545
27272228154010623543010068969
27272228782009720517009223681
27272229991009720517009223681
27272252721024820015023357738
27272289579018668460017599505
27272319281011978083011336901
27272420489010623543010068969
27272566564011075056010491613
27272672232014689165013874769
27272672569010623543010068969
27272713664020035472018879112
27272839900010172030009646325
27272931548010491613010491613
27272932048013784930013028272
27272932366022085991020798524
27272932374014687161013872765
27272932668011980087011338905
27273239346010172030009646325
27273358523013332622012604833
27273358973019758578018619922
27273358981016041701015140697
27273359139011075056010491613
27273482127011075091010491648
27273540844009720517009223681
27273694914011980087011338905
27273790026015590188014718053
27273901138021154297020051210
27273901286022960350021741786
27273901294010623543010068969
27273901707011075091010491648
27273903181010172030009646325
27273904455011075056010491613
27273906067008817491008378393
27273907209009269004008801037
27273907950010623543010068969
27273910501017540189016668054
27273911656008378393008378393
27273914914010623543010068969
27273915163011978083011336901
27273915805010172030009646325
27273920035011526570010914257
27273920183011980087011338905
27273921813021048261021048261
27273922534008690268008259305
27273924391010623543010068969
27273924693011980087011338905
27273927072009720517009223681
27273927471023453003022078131
27273928524010174034009648329
27273929717022879580022302198
27273929792010623543010068969
27273933196010172030009646325
27273933471009646325009646325
27273967570023455007022080135
27273967902019351967018239309
27274150241014687161013872765
27274152538021154297020051210
27274152880025968226025968226
27274229042008353829008353829
27274286577019120520018147343
27274287123010172030009646325
27274287654012429596011759545
27274288324011075056010491613
27274333974013784135013027477
27274480519011075056010491613
27274483836024820015023357738
27274484859010172030009646325
27274552102012431600011761549
27274573118010623543010068969
27274756131010623543010068969
27274759939020049206020049206
27274855512016041701015140697
27274855652011075056010491613
27274855741011526570010914257
27274856721020249267019203918
27274858007013691347012940750
27274906354022319168021741786
27274909809011980087011338905
27274909949009720517009223681
27274909965020404666019224700
27274956742012334803011670813
27275027028012883113012184193
27275027249022085990020798523
27275071477013784135013027477
27275229445011075056010491613
27275229682019346276018358665
27275320361019351967018239309
27275419279016637163015822766
27275419384011978083011336901
27275474083009625724009134949
27275575521011978083011336901
27275575564012881109012182189
27275575599011526570010914257
27275597304022055320020894494
27275597649008801037008801037
27275620470011110163011110163
27275625847014687161013872765
27275665644010172030009646325
27275703651011526570010914257
27275704054024820015023357738
27275796021010623543010068969
27275816898011978083011336901
27275817800011077060010493617
27275828829013784135013027477
27275852398012883113012184193
27275984650014687161013872765
27276067465017984954016959701
27276067619009720517009223681
27276080232020346801019170663
27276085129023413090022040770
27276085137010068969010068969
27276085358012881109012182189
27276085927010623543010068969
27276087385009891116009891116
27276087466010623543010068969
27276088705024136510022717935
27276099499014689166013874770
27276101639005995393005995393
27276102775010172030009646325
27276114781020035472018879112
27276141355011075056010491613
27276146543022085990020798523
27276158010010623543010068969
27276192847010172030009646325
27276457956019346241018358630
27276737681010172030009646325
27276769451011338905011338905
27276791031014687161013872765
27276837406023453003022078131
27276864551011978118011336936
27276864977012881109012182189
27277211241007819672007444373
27277229043010493617010493617
27277415637024764398023430358
27277456163013784135013027477
27277491597009720517009223681
27277491724014687161013872765
27277627960011526570010914257
27277667903010172030009646325
27277715487010172030009646325
27277725539024764858023430817
27277725881019351967018239309
27277726519012881109012182189
27277726756008817491008378393
27278404256008722698008289661
27278404817010172030009646325
27278404957010068969010068969
27278525258009269004008801037
27278528222018820536018358630
27278529547014235648013450121
27278658711013784135013027477
27278659408011526570010914257
27278683147026572455025122938
27278683457009646325009646325
27278683635007744427007744427
27278683899013784135013027477
27278692375009720517009223681
27278899263011075056010491613
27279039357012883113012184193
27279057290012881109012182189
27279057339011075056010491613
27279057665012881109012182189
27279057673011980087011338905
27279057924020720982019520920
27279061468009720517009223681
27279064394014687161013872765
27279066028010172030009646325
27279066222010172030009646325
27279067156025668816024277038
27279067512009223681009223681
27279068225023453798022078926
27279068470011526570010914257
27279069582020718978019518916
27279069655013784135013027477
27279069663010172030009646325
27279069671011526570010914257
27279075272024764399023430358
27279076473012881109012182189
27279076783012881109012182189
27279078255009269004008801037
27279079022014687161013872765
27279086053011075056010491613
27279087556021154297020051210
27279090433020799915020799915
27279135100015590188014718053
27279175757010528750009980237
27279176419011336901011336901
27279180017011526570010914257
27279180262013784135013027477
27279258784009646325009646325
27279259551010623543010068969
27279364630009720517009223681
27279368253009647347009647347
27279372056011075056010491613
27279447439009720517009223681
27279627941013332622012604833
27279702501010623543010068969
27279746347013332622012604833
27280154127012429596011759545
27280180489013689342012938745
27280485921011978083011336901
27280487088013332622012604833
27280487177011075091010491648
27280487401011075056010491613
27280488688011077060010493617
27280489382011075056010491613
27280489889008673543008118969
27280490518009223681009223681
27280491999011075056010491613
27280683618012881109012182189
27280861710010623543010068969
27281076219007914465007533105
27281251398012883113012184193
27281252114010623543010068969
27281252270011077060010493617
27281252408019758492019203918
27281252513013784135013027477
27281253188009625724009134949
27281254311010172030009646325
27281254664011075091010491648
27281390770012882821012183901
27281397201011077060010493617
27281397996021152293020049206
27281437823008801037008801037
27281944105010623543010068969
27282117032024820810023358533
27282118489024820015023357738
27282118586026570451025120934
27282126244022958381021739817
27282206442010172030009646325
27282455701010623543010068969
27282456406009720517009223681
27282456422009646325009646325
27282456627010172030009646325
27282457550011075056010491613
27282458352020035472018879112
27282459782014235648013450121
27282459863011526570010914257
27282461507021741786021741786
27282462937012881109012182189
27282463011009269004008801037
27282463550010650984010094655
27282475540009269004008801037
27282476512009269004008801037
27282478760010623543010068969
27282666710011075056010491613
27282666982020035472018879112
27282913807011978083011336901
27282922741011978118011336936
27283235500010623543010068969
27283400978013332622012604833
27283427701011978083011336901
27283501219010623543010068969
27283738936021152293020049206
27283788526012429596011759545
27283788690011978083011336901
27284290262009646325009646325
27284330876010172030009646325
27284421510012883113012184193
27284447404010623543010068969
27284583065011075056010491613
27284583561009269004008801037
27284583960011075091010491648
27284584010009720517009223681
27284585874011077060010493617
27284758035019694693019203918
27284758272009223681009223681
27284758450010172030009646325
27284758752011978083011336901
27284758809011526570010914257
27284764450011978083011336901
27284864595010172030009646325
27284969060022055320020894494
27284972355008801037008801037
27284972754021402485020158720
27284973505022085990020798523
27285030736010172030009646325
27285248642010172030009646325
27285306294014235648013450121
27285307541013784135013027477
27285311743014687196013872800
27285464825013332622012604833
27285610880009269004008801037
27285698745009269004008801037
27285941194010623543010068969
27285941607010623543010068969
27285941755010623543010068969
27285943081012429596011759545
27285943626010172030009646325
27285943952011075056010491613
27285945203013784135013027477
27285947435009269004008801037
27285949969013332622012604833
27286073757011526605010914292
27286378582009269004008801037
27286378736018668460017599505
27286772655009733336009733336
27286774909009720517009223681
27286777878009223681009223681
27286802791022086034020798567
27286966735019346241018358630
27287082628010172030009646325
27287242226011075056010491613
27287247090022057324020896498
27287247597014689166013874770
27287332233012429596011759545
27287335003010623543010068969
27287384667010172030009646325
27287440354010623543010068969
27287441202009223681009223681
27287442756010172030009646325
27287444384021152293020049206
27287444538011526570010914257
27287476642011980087011338905
27287541118013784135013027477
27287542157010491613010491613
27287546969011526570010914257
27287547191010172030009646325
27287547612009269004008801037
27287618153014235648013450121
27287792269020672958020672958
27287792595011075056010491613
27287845311003858530003858530
27287992586008817491008378393
27288126513019351967018239309
27288126726012883113012184193
27288127501018443215017513342
27288298462010623543010068969
27288399439009003237009003237
27288705416020570854020051210
27288705777013332622012604833
27288706374008801037008801037
27288708458019346241018358630
27288754719021154297020051210
27288854314010172030009646325
27288854411011980087011338905
27288985435009269004008801037
27288988450009720517009223681
27288989783011077060010493617
27288992369011075056010491613
27289000130011075056010491613
27289000653009269004008801037
27289001021010493617010493617
27289002249013786139013029481
27289002885010623543010068969
27289003180009269004008801037
27289024234010623543010068969
27289024684011980087011338905
27289024900021402485020158720
27289176654021154297020051210
27289179688012881109012182189
27289189446010172030009646325
27289189470022085990020798523
27289189683012429596011759545
27289189802010172030009646325
27289210313016493214015563341
27289211719026570451025120934
27289441560011978083011336901
27289586712010172030009646325
27289693810011077060010493617
27289798442011526570010914257
27290061895010623543010068969
27290218743009174211008712305
27290245899012429596011759545
27290323547019700754019203918
27290375741011075056010491613
27290378120010491613010491613
27290379720019758492019203918
27290685481023497169022244153
27290685813019665824019203918
27290688502011077060010493617
27290854240011075056010491613
27290963511011978083011336901
27291034034011978083011336901
27291034972010623543010068969
27291035030012737161011922765
27291036002010623543010068969
27291235455011979286011338104
27291238721009720517009223681
27291425432009720517009223681
27291425815011077060010493617
27291427273009720517009223681
27291448467023432362023432362
27291794128013784135013027477
27291794918011075056010491613
27292140180011980087011338905
27292312925010623543010068969
27292348644009453398009453398
27292365441010623543010068969
27292366995008916225008916225
27292374254021926339020649080
27292374793024822020023359743
27292389995013784135013027477
27292422992010172030009646325
27292763781012604833012604833
27292763854017301448016319898
27293263553011077060010493617
27293263766011980087011338905
27293401808010621975010493617
27293659473014235648013450121
27293764811009269004008801037
27293765990023414760022042440
27293767063010172030009646325
27293768469008817491008378393
27293770234009269004008801037
27293770447010172030009646325
27293843096010623543010068969
27293846745009557593009557593
27293846850012881109012182189
27293846931009720517009223681
27293927494010623543010068969
27294051924013332622012604833
27294290058013785876013029218
27294290236023413134022040814
27294444942010172030009646325
27294516293008801037008801037
27294517117020249267019203918
27294517451012881109012182189
27294517583011077060010493617
27294517907009720517009223681
27294529484011526570010914257
27294532353009174211008712305
27294532876011075056010491613
27294534739012883113012184193
27294535972018820536018358630
27294536049011075102010491659
27294584558011075056010491613
27294584736008271185007867017
27294633257008817491008378393
27294865255009720517009223681
27294869285011075056010491613
27294869374011075056010491613
27295070493011526570010914257
27295073824011526570010914257
27295074294013120879013120879
27295091261009269004008801037
27295140610009646325009646325
27295341802023861373022585070
27295466168011075056010491613
27295488250011075056010491613
27295740464009720517009223681
27295740499020035472018879112
27295767907010172030009646325
27295768210009722521009225685
27295786855013784135013027477
27295787703011125579011125579
27295810918011526570010914257
27295827756009223681009223681
27295890768011752326011125579
27296045069010623543010068969
27296047231010623543010068969
27296047770019758578018619922
27296049773009269004008801037
27296131836013784135013027477
27296131879009174211008712305
27296132506010172030009646325
27296251386011075056010491613
27296251408009720517009223681
27296787502008817491008378393
27297165122010172030009646325
27297166323011075056010491613
27297167346010172030009646325
27297279780013785876013029218
27297790868009720517009223681
27297833354010623543010068969
27297835381010491613010491613
27297855102011978083011336901
27297856435009720517009223681
27297888078024766403023432362
27298109056020249267019203918
27298109358013784135013027477
27298109668011978083011336901
27298109781011677554011677554
27298115366014687161013872765
27298116540012883113012184193
27298140530014687161013872765
27298140778010623543010068969
27298142118010491613010491613
27298142576014235648013450121
27298146482011526570010914257
27298148655011526570010914257
27298152059009646325009646325
27298152261009223681009223681
27298152997010931109010232189
27298240144008817491008378393
27298317910013332622012604833
27298318933010623543010068969
27298370943011075091010491648
27298371435021152293020049206
27298447571011980087011338905
27298456473009269004008801037
27298607331011526570010914257
27298749934023958170022675806
27298801529009720517009223681
27298810900010914257010914257
27298821597009646325009646325
27298870091009269004008801037
27298871950008817491008378393
27298941207011077060010493617
27298979166010625547010070973
27299134127009646325009646325
27299139404010623543010068969
27299140038022085990020798523
27299291303024766403023432362
27299308540022086034020798567
27299308753011526570010914257
27299375396021402485020158720
27299767375020249267019203918
27299767553022057324020896498
27299768614008817491008378393
27299769009017540189016668054
27300050927011075056010491613
27300065851012881109012182189
27300255553009720517009223681
27300310287011526570010914257
27300587343010172030009646325
27300593610011978083011336901
27300593734009269004008801037
27300767406022055320020894494
27300883678021402485020158720
27301079244009625724009134949
27301079627009720517009223681
27301106985011075056010491613
27301181421006917661006600101
27301181545009720517009223681
27301184730010623543010068969
27301185796012429596011759545
27301329100010623543010068969
27301750019012881109012182189
27301750469012429596011759545
27301750515021152293020049206
27301750663014235648013450121
27301770311012881109012182189
27301771059008378393008378393
27301771180007914465007533105
27302009029010623543010068969
27302009134019346241018358630
27302080874009720517009223681
27302081315008817491008378393
27302082656022958346021739782
27302084268011526570010914257
27302412893010172030009646325
27302414241014687161013872765
27302414810010172030009646325
27302522060011077060010493617
27302522176012604833012604833
27302522575014235648013450121
27302522710010068969010068969
27302668405010068969010068969
27302716523010623543010068969
27302799445013332622012604833
27303002966010623543010068969
27303161142010172030009646325
27303163390009720517009223681
27303164036010172030009646325
27303168848012334803011670813
27303180015010172030009646325
27303180031007239213007239213
27303180902009720517009223681
27303182476009720517009223681
27303182700009720517009223681
27303198372009720517009223681
27303423287011075056010491613
27303423589010623543010068969
27303423872010914257010914257
27303536294008378393008378393
27303537339009720517009223681
27303538025012429596011759545
27303538823012881109012182189
27303550718009720517009223681
27303554179008353829008353829
27303554411014235648013450121
27303556503010623543010068969
27303729424008817491008378393
27303730074009646325009646325
27303731852021889567020985230
27303884055018443215017513342
27304339085011075056010491613
27304348165013785341013028683
27304354866021402485020158720
27304415628009720517009223681
27304415687009269004008801037
27304430147010172030009646325
27304430155010172030009646325
27304430597011883290011248169
27305067402011526570010914257
27305070705011075056010491613
27305070772010623543010068969
27305071485012429596011759545
27305071639007867017007867017
27305080298010623543010068969
27305223781010172030009646325
27305386524020718978019518916
27305507046010172030009646325
27305687737010491613010491613
27305777523011978083011336901
27305777590012881109012182189
27305778465019351967018239309
27305778511012429596011759545
27305778651026570451025120934
27305778953010623543010068969
27305839219011759545011759545
27305839359011978083011336901
27305839987020718978019518916
27305890028011526570010914257
27305906099013784939013028281
27306167087011075056010491613
27306167133011075056010491613
27306221375009720517009223681
27306222126011075056010491613
27306270155010623594010069020
27306272530011526570010914257
27306274460009646325009646325
27306274746009720517009223681
27306328773019346241018358630
27306410070008817491008378393
27306410100010172030009646325
27306457425011075056010491613
27306531838011075056010491613
27306556075011075056010491613
27306706107013784135013027477
27306811687020798558020798558
27306811806011978083011336901
27306841594009720517009223681
27306843244013784135013027477
27306843341011075056010491613
27306848238010172030009646325
27306848246010623543010068969
27306849153008817491008378393
27306850089010172030009646325
27306850151011526570010914257
27306901783011978083011336901
27306901961012881109012182189
27307073175018894728017935986
27307073426008722698008289661
27307073612013784135013027477
27307121102009720517009223681
27307123709009269004008801037
27307728228008817491008378393
27307729011011978083011336901
27307729895008712305008712305
27307983848010172030009646325
27307988483009269004008801037
27307988998008817491008378393
27308072334010172030009646325
27308173912012429596011759545
27308217960013027521013027521
27308279869018668460017599505
27308725885010491613010491613
27308726997012429596011759545
27308727764011075056010491613
27308734191011292484011292484
27309176842010172030009646325
27309178527010172030009646325
27309534196019752431019203918
27309719846010172030009646325
27309737070014235648013450121
27309737895022958346021739782
27309939951012429596011759545
27309955256010623543010068969
27310448635009223681009223681
27310815158008140221007744427
27310815220009269004008801037
27310815255010623543010068969
27310815948010172030009646325
27310815956010172030009646325
27310816162009269004008801037
27310816855011075056010491613
27310817061010068969010068969
27310839790012881109012182189
27311202184009223681009223681
27311202702009003237009003237
27311209669022055320020894494
27311318778013784135013027477
27311411654019346241018358630
27311621039010172030009646325
27311621152009269004008801037
27311699607012881109012182189
27311787611011526570010914257
27311805075009269004008801037
27311806470010623543010068969
27311807221009269004008801037
27311892164013784135013027477
27311892326022055320020894494
27311892741012604833012604833
27312332227011978083011336901
27312486127008801037008801037
27312486178021402485020158720
27312500316010623543010068969
27312675582021137020020553577
27312683321011075091010491648
27312734988010623543010068969
27312963146010623543010068969
27313050632009720517009223681
27313052279009269004008801037
27313054859008817491008378393
27313115874011075056010491613
27313116889009720517009223681
27313358696009269004008801037
27313359021013784135013027477
27313370017013784135013027477
27313456612009269004008801037
27313740116012429596011759545
27313919736010172030009646325
27313919779009223681009223681
27313919841009720517009223681
27314145351009646325009646325
27314145742020249267019203918
27314145939011526570010914257
27314175269013332622012604833
27314177210010623543010068969
27314177598012604833012604833
27314618616009720517009223681
27314664197010172030009646325
27314664553009269004008801037
27314666823013784135013027477
27314746673010172030009646325
27314751642010623543010068969
27314815195012881109012182189
27314907758010172030009646325
27315067125009720517009223681
27315067915013332622012604833
27315068571019346241018358630
27315068628012429596011759545
27315097113009223681009223681
27315100017010491613010491613
27315100114013784135013027477
27315202510009720517009223681
27315798243009174211008712305
27315798375011978083011336901
27315798537013784135013027477
27315854038009223681009223681
27315960555015250930014400487
27315962825009720517009223681
27316134217011075056010491613
27316210207010623543010068969
27316210304013784135013027477
27316211785010172030009646325
27316211947011883290011248169
27316212781010623543010068969
27316564319011075056010491613
27316985667009269004008801037
27317133699011526570010914257
27317165280009720517009223681
27317294641010172030009646325
27317328740011526570010914257
27317374076010172030009646325
27317391671011075056010491613
27317394840010172030009646325
27317411753009720517009223681
27317413713008817491008378393
27317536319013332622012604833
27317545601010172030009646325
27317545806009269004008801037
27318197321009720517009223681
27318197917012881109012182189
27318245016010172030009646325
27318251814010172030009646325
27318252691009269004008801037
27318334817011759545011759545
27318377311009269004008801037
27318378067009269004008801037
27318378644008817491008378393
27318409078015934435015040290
27318409124020035472018879112
27318410793011075056010491613
27318593081009174211008712305
27318593731013784135013027477
27318593863013784135013027477
27318641310010623543010068969
27318641744011526570010914257
27318641809010623543010068969
27318886518017984954016959701
27318937139011526570010914257
27319065062011978083011336901
27319065348009720517009223681
27319066727012429596011759545
27319118298010581107010581107
27319118441012429596011759545
27319246938008817491008378393
27319625327011526570010914257
27319768322011526570010914257
27319768365019346241018358630
27319768578022682187021356600
27319769051010172030009646325
27319769728010623543010068969
27319769981010172030009646325
27319889871013784135013027477
27319909759010172030009646325
27319911052020249267019203918
27319911834008271185007867017
27319912040009269004008801037
27320535714006916645006599085
27320539442008948454008500983
27320540777021154297020051210
27320544012009269004008801037
27320544233010528750009980237
27320544462021402485020158720
27320544632019351967018239309
27320550586014235648013450121
27320553992010172030009646325
27320556568010172030009646325
27320561057011978083011336901
27320561391008817491008378393
27320607618017540189016668054
27320608118011526570010914257
27320608312009720517009223681
27320611879008801037008801037
27320774050009720517009223681
27320774301011075056010491613
27320774395008378393008378393
27320774840010623543010068969
27320824503010172030009646325
27320824554022055320020894494
27320824937011978083011336901
27321088398023861372022585070
27321154463013332622012604833
27321321602009223681009223681
27321322692009720517009223681
27321347555011075056010491613
27321383977010172030009646325
27321384582008801037008801037
27321397358010172030009646325
27321546310010172030009646325
27321548046010172030009646325
27321633191009720517009223681
27321679396009720517009223681
27322054500012881109012182189
27322070107009269004008801037
27322070255010172030009646325
27322070328010172030009646325
27322072363009269004008801037
27322072568019346241018358630
27322210561009269004008801037
27322210723013784135013027477
27322301214011526570010914257
27322497003010172030009646325
27322770761018037086018037086
27322771350010068969010068969
27322771687010172030009646325
27322772349008817491008378393
27322772535010623543010068969
27322772926013332622012604833
27322835138011075056010491613
27323019547018443215017513342
27323096711009646325009646325
27323146662008817491008378393
27323147014009269004008801037
27323331354010623543010068969
27323518586010623543010068969
27323555503014235648013450121
27323647386009464831009464831
27323649672017540189016668054
27323704266010172030009646325
27323825306009269004008801037
27324013321010623543010068969
27324140501012881109012182189
27324144043013332622012604833
27324144477013332622012604833
27324160146018239309018239309
27324160758011978083011336901
27324160839010172030009646325
27324160960009720517009223681
27324161177009720517009223681
27324161916009653165009160635
27324162777010623543010068969
27324386896009646325009646325
27324423368009720517009223681
27324593379010172030009646325
27324760569009269004008801037
27324760682010068969010068969
27324763290010172030009646325
27325061257013784135013027477
27325061818016617942015680094
27325062881013784135013027477
27325065813009720517009223681
27325066879009269004008801037
27325216331008378393008378393
27325240453019346241018358630
27325241727011759545011759545
27325241948009720517009223681
27325241999010172030009646325
27325299644013784135013027477
27325299660009269004008801037
27325388507010623543010068969
27325399142020718978019518916
27325399940009720517009223681
27325420591009646325009646325
27325422942010172030009646325
27325433316013332622012604833
27325477496011978083011336901
27325504612010172030009646325
27325506968011978083011336901
27325695809022432641021739782
27325706894011075056010491613
27325917526010172030009646325
27325917542009269004008801037
27325992978010491613010491613
27326120044010623543010068969
27326620918009720517009223681
27326624611010172030009646325
27326639228010623543010068969
27326639325014687196013872800
27326639597014687196013872800
27326639643014235648013450121
27326639961012883113012184193
27326640005012881109012182189
27326846444017072222016668054
27326851022013784135013027477
27326854749010172030009646325
27326856539009720517009223681
27326858183008801037008801037
27326858973011978083011336901
27326859090010623543010068969
27326885636010172030009646325
27327057648011526570010914257
27327131481020718978019518916
27327195595009720517009223681
27327196982010172030009646325
27327413940013332622012604833
27327495246009223681009223681
27327495386010623543010068969
27327495866011526570010914257
27327496250010172030009646325
27327496412008817491008378393
27327496498010172030009646325
27327739021009720517009223681
27327740852022085991020798524
27327742243013784135013027477
27327742472009269004008801037
27327745587008817491008378393
27327761345010172030009646325
27327761582009720517009223681
27327885605009720517009223681
27327997071009269004008801037
27328092870011526570010914257
27328361278011526570010914257
27328423575005879773005879773
27328553770009720517009223681
27328559205011075056010491613
27328559396010623543010068969
27328559639010623543010068969
27328591761013784135013027477
27328592385009720517009223681
27328593349008822766008822766
27328593462018443215017513342
27328597506010172030009646325
27328598332003858530003858530
27328598995010172030009646325
27328599274010172030009646325
27328629742008801037008801037
27328733906018443215017513342
27328885196010172030009646325
27328885684010172030009646325
27328885986011075056010491613
27328931848009720517009223681
27328961976009720517009223681
27328980148010172030009646325
27329001720011526570010914257
27329281480008817491008378393
27329283181008817491008378393
27329287144009223681009223681
27329288167011075056010491613
27329379995007819672007444373
27329380225008817491008378393
27329663332008817491008378393
27329804076009269004008801037
27329804696009269004008801037
27329804858008817491008378393
27330175708010623543010068969
27330546250006465132006176441
27330548172012429596011759545
27330548490009720517009223681
27330620213011075056010491613
27330620515011075056010491613
27330620655011075056010491613
27330620930023861408022585105
27330621805012881144012182224
27330622976013784135013027477
27330626742010172030009646325
27330627390018443215017513342
27330629164010172030009646325
27330631630010172030009646325
27330635083013784135013027477
27330650058009269004008801037
27330652395009720517009223681
27331309554009269004008801037
27331309783006916645006599085
27331366620020718978019518916
27331366949012604833012604833
27331367236018668460017599505
27331369190007819672007444373
27331369328010914257010914257
27331372108012881178012182258
27331373503013332622012604833
27331374097010623543010068969
27331408625009269004008801037
27331409796008817491008378393
27331410700013784135013027477
27331410727020249267019203918
27331420471012604833012604833
27331420544010172030009646325
27331420595012604833012604833
27331421818010172030009646325
27331423160011526570010914257
27331534744013332622012604833
27331649657012881109012182189
27331804830011075056010491613
27331878346009269004008801037
27331981120010172030009646325
27332064520011526570010914257
27332077096007462951007110461
27332077312009720517009223681
27332077525012573603012573603
27332077533011075056010491613
27332077746009646325009646325
27332078610009720517009223681
27332080275009269004008801037
27332081581011526570010914257
27332081999010172030009646325
27332102554012881109012182189
27332346097010172030009646325
27332889252008378393008378393
27332895139010172030009646325
27332895449010528750009980237
27332895694013332622012604833
27332934533013784135013027477
27333518185010172030009646325
27333518363011978083011336901
27333518924012881109012182189
27333719342008801037008801037
27333719970010172030009646325
27333720332008817491008378393
27333721134010172030009646325
27333850392013784135013027477
27333851151010172030009646325
27333851283009646325009646325
27334364629009720517009223681
27334464356010623543010068969
27334534117012182189012182189
27334535377006599085006599085
27334535393013332622012604833
27334535571012881109012182189
27334544015012429596011759545
27335201170009269004008801037
27335209376011526570010914257
27335210986008562474008289661
27336171135014687161013872765
27336219162010623543010068969
27336220217010623543010068969
27336220667010172030009646325
27336221582009720517009223681
27336221787008817491008378393
27336271121010172030009646325
27336271717009174211008712305
27336272276009269004008801037
27336290681009720517009223681
27336291564010172030009646325
27336291947009720517009223681
27336307045007819672007444373
27336346636011526570010914257
27336348027008817491008378393
27336348523012881109012182189
27336377809011075056010491613
27336381237009625724009134949
27336381962008271185007867017
27336390686012881109012182189
27336393111010172030009646325
27336477196009720517009223681
27336477242011075056010491613
27336478044011075056010491613
27336478249009269004008801037
27336713108012429596011759545
27336723006009269004008801037
27336931539010172030009646325
27336935429008801037008801037
27337266792009720517009223681
27337489546011978083011336901
27337492075009720517009223681
27337492636022055320020894494
27338197603008817491008378393
27338822532010172030009646325
27338829561009720517009223681
27338872343008608769008608769
27338872386010491613010491613
27338872637019787361019203918
27338872688014235648013450121
27338873552013332622012604833
27338873587008817491008378393
27338873854012881109012182189
27338874796010491613010491613
27338878694008817491008378393
27338879909010172030009646325
27338885062010172030009646325
27338915212008289661008289661
27338915662011075056010491613
27339259378021152293020049206
27339263553009269004008801037
27339566327014687161013872765
27339584023009223681009223681
27339584066010623543010068969
27339585046010172030009646325
27339586166010068969010068969
27339586212010172030009646325
27340102458009223681009223681
27340607134010172030009646325
27340820865011759545011759545
27340820911008271185007867017
27340821578012182189012182189
27341050664013784135013027477
27341054430010172030009646325
27341054767012604833012604833
27341055216009269004008801037
27341055542010172030009646325
27341055550009269004008801037
27341055852009462162009223681
27341055879012881109012182189
27341069888011075056010491613
27341081349009269004008801037
27341671464008817491008378393
27341672819008817491008378393
27341688618012429596011759545
27341689126009646325009646325
27341689363012429596011759545
27341689827019346241018358630
27341692186009223681009223681
27341694790010172030009646325
27341721127008378393008378393
27341834398009269004008801037
27342241420009269004008801037
27342242257018668460017599505
27342311658009269004008801037
27342312859009269004008801037
27342417014009720517009223681
27342417316020035472018879112
27342417456008817491008378393
27342417804010172030009646325
27342418738008817491008378393
27342436086009269004008801037
27342436396013784135013027477
27342439824008817491008378393
27342636603009720517009223681
27343104176011075056010491613
27343145093008801037008801037
27343299082009720517009223681
27343531171012429596011759545
27343531295013332622012604833
27343531457009223681009223681
27343981770011125579011125579
27344230175021247086020137938
27344428102008817491008378393
27345820243008817491008378393
27346033229012429596011759545
27346371116008801037008801037
27346371426010623543010068969
27346379036013332622012604833
27346380646010172030009646325
27346380751009720517009223681
27346380840008801037008801037
27346383475011759545011759545
27346938841010623543010068969
27346940218009946274009435003
27346940234008817491008378393
27346943241006465132006176441
27346953085012881109012182189
27346958540020035472018879112
27347842015009269004008801037
27347842058009646325009646325
27347842260011075056010491613
27347842651011075056010491613
27348638365012881109012182189
27348638624013332622012604833
27348638942009269004008801037
27348639027009720517009223681
27348639205011526570010914257
27348639663013332622012604833
27348789045008271185007867017
27348800154011075056010491613
27348801746008817491008378393
27348887136008378393008378393
27349183469009740952009646325
27349184163012429596011759545
27349190422010172030009646325
27349190856010914257010914257
27349192956009720517009223681
27349196765013332622012604833
27349197257011075056010491613
27349255699011752326011125579
27349255710013332622012604833
27349255915012429596011759545
27349258302010172030009646325
27349260471012429596011759545
27349260595013332622012604833
27349260714010623543010068969
27349260919009269004008801037
27349261400009223681009223681
27349261575009269004008801037
27349262172010623543010068969
27349265201010172030009646325
27349265775012881109012182189
27349266860008817491008378393
27349309357009269004008801037
27349810242012881109012182189
27349814264009269004008801037
27349816429008817491008378393
27349818642019351967018239309
27349943226008817491008378393
27349944222009269004008801037
27349945644009720517009223681
27349956190011526570010914257
27350525691013784135013027477
27350871352017984954016959701
27351053750012881109012182189
27351063551009269004008801037
27351064191009720517009223681
27351065260009269004008801037
27351065694011526570010914257
27351066291008817491008378393
27351648363008817491008378393
27351649149009646325009646325
27351649203013784135013027477
27351649327010172030009646325
27351649394012429596011759545
27351649564009720517009223681
27351649815009720517009223681
27351777023011075056010491613
27351777333020718978019518916
27351777988009720517009223681
27351993893009269004008801037
27352128789011075056010491613
27352469977009269004008801037
27352866240009269004008801037
27352866887009223681009223681
27352867980009720517009223681
27352868030009269004008801037
27352869347018443215017513342
27352869711010623543010068969
27352876572009720517009223681
27353437947009269004008801037
27353453780008817491008378393
27353454507009720517009223681
27353454574010172030009646325
27354529462008801037008801037
27354760717009720517009223681
27355042710008817491008378393
27355824476009269004008801037
27356847917010623543010068969
27357377582010623543010068969
27357377728012881109012182189
27357377965009269004008801037
27357382977009223681009223681
27357384112009269004008801037
27357384554009720517009223681
27357392190012881109012182189
27357392360008817491008378393
27357392638008817491008378393
27357395122008271185007867017
27357397540012429596011759545
27357400290012881109012182189
27357400452013332622012604833
27357400509010623543010068969
27357400959011075056010491613
27357401009019351967018239309
27357401963018668460017599505
27357402986010172030009646325
27357407155007819672007444373
27357407244008801037008801037
27357412205010172030009646325
27357422553010623543010068969
27357422588009269004008801037
27357424416008817491008378393
27357427466012429596011759545
27357428721009646325009646325
27357435345009269004008801037
27357435515011075056010491613
27357436554007819672007444373
27357436716010623543010068969
27357438468010623543010068969
27357439480009269004008801037
27357445162012881109012182189
27357445278012881109012182189
27357445529008801037008801037
27357448056011526570010914257
27357452282011075056010491613
27357452401011075056010491613
27357453122008378393008378393
27357454919018668460017599505
27357465295012881109012182189
27357465503010623543010068969
27357468928009269004008801037
27357469673008817491008378393
27358427419011075056010491613
27358429535019351967018239309
27358429829010068969010068969
27358430010008817491008378393
27358437503009269004008801037
27358440644009269004008801037
27358445204022055320020894494
27358446626009269004008801037
27358449080009720517009223681
27358451425012881109012182189
27358454629010623543010068969
27358455544010172030009646325
27358455633008801037008801037
27358458071009269004008801037
27358458179012429596011759545
27358459809009223681009223681
27358470306008378393008378393
27358472651009043247008589715
27358473178013332622012604833
27358997649007819672007444373
27359137600011526570010914257
27359177513008817491008378393
27359414108013332622012604833
27360447222009548393009062562
27361216607016617942015680094
27361220426009269004008801037
27361221791008378393008378393
27361366293014687161013872765
27361366323011978083011336901
27362283413012182189012182189
27362980823008817491008378393
27363922568009720517009223681
27363922762010623543010068969
27365174089013332622012604833
27365176367012881109012182189
27365176693009269004008801037
27365176898010623543010068969
27365180364010623543010068969
27365184440012881109012182189
27365188020010623543010068969
27365191544010623543010068969
27365191862012429596011759545
27365745256010172030009646325
27365906950009720517009223681
27366388171012881109012182189
27366389909013332622012604833
27366390281008817491008378393
27366390303009269004008801037
27366391857008722698008289661
27366398843012429596011759545
27366400112009269004008801037
27366401143012881109012182189
27366402018008817491008378393
27366404126008817491008378393
27366407613010172030009646325
27366410657013784135013027477
27366417198009625724009134949
27366418127009720517009223681
27366418380008817491008378393
27366425328009269004008801037
27367133894010623543010068969
27367135633009269004008801037
27367137113018443215017513342
27367390943012881109012182189
27368788940008817491008378393
27369286930011759545011759545
27369287112008817491008378393
27369945659016617942015680094
27369947309010623543010068969
27369947880007819672007444373
27371029287008817491008378393
27371032075008817491008378393
27371193249008817491008378393
27371289289011075056010491613
27371291798011075056010491613
27371294622008817491008378393
27371294754003518925003518925
27371295718007914465007533105
27371302862009442451009442451
27371310393010623543010068969
27371316189012881109012182189
27371316227012881109012182189
27371316243011075056010491613
27371316286012881109012182189
27371316944009720517009223681
27373132727008817491008378393
27374104549007444373007444373
27374105189011526570010914257
27374108935008801037008801037
27374119228008817491008378393
27374119295008378393008378393
27374414807012429596011759545
27374419426010068969010068969
27374419493012429596011759545
27374423121011752326011125579
27374443122008801037008801037
27374443904009720517009223681
27375096647009269004008801037
27375099344011075056010491613
27375099654009269004008801037
27375100598008817491008378393
27375294104007444373007444373
27375300961008801037008801037
27375301348007142402006810407
27375329749008378393008378393
27376509481008378393008378393
27376521864009720517009223681
27376526874008589715008589715
27376536195008817491008378393
27377110566008817491008378393
27377343919008817491008378393
27377361976006599085006599085
27377508276011526570010914257
27379543001007819672007444373
27379843129012429596011759545
27380527133019351967018239309
27380985077009269004008801037
27381122757012429596011759545
27381133465009223681009223681
27381134127009720517009223681
27381137282008378393008378393
27381138777010623543010068969
27381141646008817491008378393
27381144106011752326011125579
27381759151008271185007867017
27381859318012881109012182189
27383252453008378393008378393
27383543660011431777010825525
27383674854008817491008378393
27383679244012881109012182189
27383686658008817491008378393
27383706764009720517009223681
27384840200016637163015822766
27384851652011526570010914257
27384852179008817491008378393
27385561607012429596011759545
27385574016008817491008378393
27385592723011752326011125579
27386389840010623543010068969
27386412834009269004008801037
27386413385012429596011759545
27387174511014235648013450121
27387175003022085990020798523
27387185831018820536018358630
27387213282008817491008378393
27387214556010623543010068969
27387804922010623543010068969
27387829186018668460017599505
27388338976009720517009223681
27394493495008722698008289661
27394523866008817491008378393
27397938692008817491008378393
27397946903009720517009223681
27397948477007914465007533105
27411246871008817491008378393
27430733376012881109012182189