20142147182020596662018867449
20143149464015870992013722634
20143624375012618204011399193
20148242004010630445009538458
20160062739027513794024621012
20160975793015374326013257725
20161722279018354314016047176
20161912124018354338016047200
20163090660015374990013258389
20163462894009608867008608641
20164674054018354314016047176
20164680496027513794024621012
20164721087017583747016047176
20165248857018354314016047176
20165266219013610872012328349
20166147507024506368021805876
20166157936013610431012327908
20166200157026123261023628394
20166200432022859966020264743
20166202222027513794024621012
20166383022026743228024621012
20166623295027513794024621012
20166625093027513794024621012
20167156720038357826034472833
20167336796017360984015117359
20167537848027513794024621012
20168023171012512830011300486
20168206667024506368021805876
20168429402027513794024621012
20168580984027513794024621012
20168605138016367656014187542
20168848448027513794024621012
20168851678016367656014187542
20169728853027513794024621012
20169996467043999940039640766
20170427859014603760013257725
20170729146027513794024621012
20170805152022149944019909126
20170805977027513794024621012
20171239134027513794024621012
20171243611027513794024621012
20171396086022149944019909126
20171396760037950769034036179
20171398518023002654020398308
20171612714024506368021805876
20171649715016367680014187566
20171705968015471820014187542
20171839646024358191021667174
20171876878035595558032495046
20172153020013610868012328345
20172155082029146592027348603
20172960708015375428013258827
20172965866027513794024621012
20173225319018298181016047176
20173302003017360984015117359
20173453532012891004010933183
20173705221027513794024621012
20173933593027513794024621012
20173965649018354314016047176
20174248045025299882023269952
20174295795023582137021662037
20174563129016367656014187542
20174679631017360984015117359
20174679852017583747016047176
20174682136011897675010003366
20174837296010904346009073549
20174893382027513794024621012
20174982342017583747016047176
20174984086026010081023213444
20175024183035404702031698794
20175118374027513794024621012
20175141511018354314016047176
20175142364030867143027347662
20175242865017583747016047176
20175262114027513794024621012
20175484656027513794024621012
20175538551014381655012328565
20175622242029182147026182693
20175622838027513794024621012
20175638106016367656014187542
20175747517040249387036851315
20175747894026743228024621012
20175841769027513794024621012
20176191865018354314016047176
20176581612016897746015405037
20176707829017583747016047176
20176753529035611026031066930
20176753588018354314016047176
20176754126043999940039640766
20176772728013611534012329011
20176774836016367675014187561
20176784807017331454016047176
20176801469027513794024621012
20177314774027513794024621012
20177355004015597745014188198
20177390381027513794024621012
20177390799017583747016047176
20177442195024621012024621012
20177574156028411581026182693
20177649172016367656014187542
20177649245027513794024621012
20177649261013610460012327937
20177791629011623773010468274
20177791742027513794024621012
20177792501024330775021641512
20177792838025195610023172347
20177792919010407682008608641
20178065085027513794024621012
20178404831011623773010468274
20178405900014381655012328565
20178909380024330752021641489
20179089425018354314016047176
20179089565033109492030167935
20179089697043229374039640766
20179109582033110595030169038
20179118328027513794024621012
20179120411015328650013257725
20179121191026124364023629497
20179234816018354314016047176
20179319587015374326013257725
20179319943027513794024621012
20179611482029182147026182693
20179667879027513794024621012
20179668085018354314016047176
20179668298027513794024621012
20179669790012368770011165637
20179672503018354314016047176
20179914647027513794024621012
20180117165014877661012792816
20180370626027513794024621012
20180374079012537931011255408
20180405012013610431012327908
20180410156023002654020398308
20180410369024506368021805876
20180410539018354314016047176
20180577646029182147026182693
20180907751018355416016048278
20180981137018354314016047176
20181012693027513794024621012
20181013134025966177023172347
20181023059014381017012327927
20181023539015597089014187542
20181024128023735801021805876
20181548682010407682008608641
20181838931027513794024621012
20181845148027513794024621012
20181905639017583747016047176
20181976595017857649015582267
20182119084017583747016047176
20182119858027513794024621012
20182286436017331454016047176
20182540855027513794024621012
20182805212011623773010468274
20183126114023582137021662037
20183721446027513794024621012
20183768086013387668011398091
20183768167026827794023978874
20183768248018354314016047176
20183768310027514897024622115
20183891139027116590024558211
20184060699027513794024621012
20184405424027513794024621012
20184410584012395442010469377
20184715822017583747016047176
20184782368027513794024621012
20184785170018354314016047176
20184795419026743228024621012
20185150144027513794024621012
20185393160011623773010468274
20185426700023483083021641489
20185427146043229374039640766
20185592856027513794024621012
20185893252018354314016047176
20185917895027513794024621012
20185942717014723341014187713
20186038984018354314016047176
20186170661027513794024621012
20186204973026124364023629497
20186464282025966177023172347
20186671040013610651012328128
20186681542028411581026182693
20186921438043999940039640766
20187442096027513794024621012
20187574278029182147026182693
20187774382011127109010003366
20200047800013611373012328850
20200596987014604197013258162
20200606982026743228024621012
20200661495012394339010468274
20200726775027513794024621012
20201280835018354314016047176
20201519277027810147024898416
20201519935018354314016047176
20201523967012394339010468274
20201525323026743228024621012
20201525714018354314016047176
20201534497027513794024621012
20201534594027513794024621012
20201536228026743228024621012
20201536724034069893031066930
20201542392012842561012328850
20201543763023587625021667174
20201553580029182147026182693
20201557063027513794024621012
20201557209023560185021641489
20201561877027513794024621012
20201566399018354314016047176
20201570019017583747016047176
20201574146026010081023213444
20201588716027513794024621012
20201628130029182147026182693
20201706379023587796021667345
20201707316024506368021805876
20201905916020851356018384561
20202673210009140451008143732
20203071427015374326013257725
20203071753015375428013258827
20203271108026743228024621012
20203271388025240616023214546
20203337222026010081023213444
20203337419027513794024621012
20203349719026761937023917228
20203536411027513794024621012
20203791616012841619012327908
20203972408018354314016047176
20204204048017583747016047176
20204220264027513794024621012
20204792950022151047019910229
20204793671016367656014187542
20204866423024507133021806641
20205060236027513794024621012
20205060783013611534012329011
20205134450027513794024621012
20205380893026743228024621012
20205504045027513794024621012
20205577735027513794024621012
20205640100025966177023172347
20205640631015871282013722924
20205781421027513794024621012
20205782762027513794024621012
20205794426027513794024621012
20205898140029182147026182693
20205911112027513794024621012
20205912771040026624035921498
20205947494025966177023172347
20205947931017360984015117359
20206026759026743228024621012
20206048515022859966020264743
20206054221016367656014187542
20206129221013611534012329011
20206271745027513794024621012
20206349566018354314016047176
20206382482017583747016047176
20206583232026743228024621012
20206603934026848781024307596
20206728672029182147026182693
20206809699027445267026417845
20206809893025645627023593590
20206821354027513794024621012
20207190528023587625021667174
20207289222027513794024621012
20207324664027513794024621012
20207324923013114869011864102
20207326500023560185021641489
20207578224016367656014187542
20207600637026743228024621012
20207602877018354314016047176
20207773264027513794024621012
20207985997018354314016047176
20208577051025966177023172347
20208875591012394339010468274
20208980158018354314016047176
20208981049016367656014187542
20208981588018354314016047176
20209000416015270054013160120
20209166497010630445009538458
20209596459011624876010469377
20209597854024677577022206571
20209599059030867144027347662
20209599830025905290024621012
20209826683016367656014187542
20210182102027513794024621012
20210530275014380998012327908
20210695290026743228024621012
20211005123018354314016047176
20211124513013611534012329011
20211126834010630445009538458
20211394316013611373012328850
20211598019014380998012327908
20211706954027513794024621012
20213308700014380998012327908
20213333047018354314016047176
20213393511026123261023628394
20213397681009637116008608641
20213400046013610431012327908
20213407660021498941018990740
20213415574026011183023214546
20213417712015375362013258761
20213418328017070036016047176
20213422716013610431012327908
20213422961024506368021805876
20213424956013611533012329010
20213426169024506392021805900
20213432991018354314016047176
20213434641029182147026182693
20213435257025966177023172347
20213439236023002654020398308
20213439589013113767011863000
20213442032018354314016047176
20213450884031637711027347662
20213452429024907169021768760
20213454839026743228024621012
20213455959026010081023213444
20213911466018381753016072861
20215393950027513794024621012
20215478786027513794024621012
20215576222014542293013258015
20215628621024506392021805900
20216090862026124364023629497
20216313217040996344037483179
20216317247011623793010468294
20216321546026827794023978874
20216326491024358191021667174
20216328796015374326013257725
20216429436027513794024621012
20216786379017583747016047176
20216788975024506392021805900
20216869436026743228024621012
20216931239027513794024621012
20217011451023735801021805876
20217012083027513794024621012
20217090815027513794024621012
20217258813013387692011398115
20217455368011624876010469377
20217679967027513794024621012
20217836728028411581026182693
20217863555027513794024621012
20217966451015328940013258015
20218220658027513794024621012
20218248862012394339010468274
20218299351015870991013722633
20218305556018354314016047176
20218710523017361008015117383
20218970533027513794024621012
20218972560027513794024621012
20219063157025299882023269952
20219100052027513794024621012
20219100125011656049010371771
20219100966027513794024621012
20219135794024506368021805876
20219274255015101527013723736
20219426489018354314016047176
20219427566016263384014089937
20219481587027513794024621012
20219482001030867144027347662
20219685115012618204011399193
20219685158009532844008511036
20219696834027513794024621012
20219756276026123351023628484
20219872861015597531014187984
20219915730027513794024621012
20220089151018354314016047176
20220259219016367656014187542
20220277993018354314016047176
20220418058026124364023629497
20220493866011897675010003366
20220701310027513794024621012
20221047010027513794024621012
20221185995026743228024621012
20221423799023002654020398308
20221428251024506368021805876
20221691262013610431012327908
20221691319010630445009538458
20221780842026743228024621012
20221953305024506368021805876
20222117683018354314016047176
20222149313013610431012327908
20222185719024330752021641489
20222273138021707139019909150
20222300003014604206013258171
20222399921025966177023172347
20222399956012842722012329011
20222420246017668313015405037
20222420467014604862013258827
20222429774010630445009538458
20222430233011127109010003366
20222435227020596662018867449
20222436118022151047019910229
20222489297026057228023978874
20222489718014381940012328850
20222713987013387668011398091
20222742138017583747016047176
20222742235025239514023213444
20222796432018354314016047176
20223082565011623793010468294
20223473459013611534012329011
20223522085023754511021102092
20223991018013611534012329011
20224055774027513794024621012
20224151013027513794024621012
20224185260015870992013722634
20224221941014380998012327908
20224323868017583747016047176
20224539666018354612016047474
20225283495029182147026182693
20225995320015374982013258381
20225996025013611534012329011
20225996998028111022025489131
20226178709010615919010119332
20226245619018354314016047176
20226245740018354314016047176
20226620134026761937023917228
20226773755027513794024621012
20226773895026011183023214546
20226877623017583747016047176
20227220261027513794024621012
20227633426015101527013723736
20227633434027513794024621012
20227633469024506368021805876
20227633752017360984015117359
20227671026017583747016047176
20227709066027513794024621012
20227709473012394339010468274
20227830159023002654020398308
20227830205013611534012329011
20228064638008226786007327792
20228388700017360984015117359
20228389057011009875009538458
20228445305027513794024621012
20228867676014380998012327908
20228970620015374326013257725
20228970736018354314016047176
20229078551011152678009306003
20229098331024506368021805876
20229099036013610431012327908
20229560132015374326013257725
20229693272016367656014187542
20229951360026761937023917228
20230209600018354314016047176
20230390895017583747016047176
20230401722026743228024621012
20230412740027513919024621137
20230421235013771436013257725
20230428388009637116008608641
20230483303014604096013258061
20230485195015597089014187542
20231352571018354314016047176
20231376098024506368021805876
20231376365027513794024621012
20231393820015870992013722634
20231546775013388770011399193
20231613243026761937023917228
20231614959010630445009538458
20231626248026010081023213444
20231722085025129932022698577
20232127873014603760013257725
20232821729027513794024621012
20232906031014878764012793919
20232946890012617102011398091
20232983354013113767011863000
20232983591011127109010003366
20233207137021498941018990740
20233216225026998101023726000
20233216454023754511021102092
20233351106013387668011398091
20233386775013780061011765394
20234101588012618204011399193
20234102673017669415015406139
20234181220011127109010003366
20234320441027513794024621012
20234961501018354314016047176
20234989767010630445009538458
20235554020026010081023213444
20235556635011127109010003366
20236001394027513794024621012
20236217613017360984015117359
20236217788027513794024621012
20236258573015374326013257725
20236359698017583747016047176
20236546358011897675010003366
20236554415011623793010468294
20236843530027513794024621012
20236876307017331454016047176
20236906796024506368021805876
20237190484015598191014188644
20237191693012394339010468274
20237206267014877661012792816
20237274378027513794024621012
20237400500026743228024621012
20237403569027513794024621012
20237406797012891004010933183
20237407173012618204011399193
20237407874027513794024621012
20237789092009587260009073549
20237856520014380998012327908
20237856709013611534012329011
20238007179014603760013257725
20238007594012618204011399193
20238008809024506368021805876
20238047901002015667002015667
20238093105013884334011863000
20238110204027513794024621012
20238286760027513794024621012
20238899185011624876010469377
20238995664010630445009538458
20239200266015598191014188644
20239211314012016166010835578
20239272984012394339010468274
20239347976012891004010933183
20239353364018354314016047176
20239353518017857649015582267
20239629920014380998012327908
20239732551015374326013257725
20239761535022149964019909146
20239766030025131035022699680
20239945571013387668011398091
20240033713014380998012327908
20240051347011623773010468274
20240055660011623773010468274
20240061466024621012024621012
20240121000012120438010933183
20240139503011623793010468294
20240630061027984674025488052
20240631785014058371012816903
20240682940015597089014187542
20240745020017583747016047176
20241476090027513794024621012
20241682448015597089014187542
20241898645017360984015117359
20242019068013387668011398091
20242019297014877661012792816
20242213840011897675010003366
20242335121010630445009538458
20242404409026063309022851036
20242404875023002654020398308
20242405057012395442010469377
20242607342015870991013722633
20242612931012394339010468274
20242799942016367680014187566
20243116520027513794024621012
20243116970026893827023628394
20243462224011624876010469377
20243691924017360984015117359
20243763186011624876010469377
20243763682021946213019409414
20243796629026123261023628394
20243831254016367656014187542
20244234756017583747016047176
20244293698027513794024621012
20244320970017361421015117796
20244445803016368421014188307
20244512144009388783008376186
20244843132017360984015117359
20245129042018354314016047176
20245129131017361022015117397
20245206349016367656014187542
20245783494012617102011398091
20245785098012617121011398110
20245786531014478692013194414
20246593303008395453007446369
20246678066027513794024621012
20246855944011623773010468274
20247026860034523257030770079
20247126466011623773010468274
20247128000015374326013257725
20247260014027513794024621012
20247328476027513794024621012
20247328530012394339010468274
20247328999013388770011399193
20247329979013885436011864102
20247469266010133780009073549
20247473689035570655031750456
20247570137013610431012327908
20247750690015597526014187979
20247940635018354314016047176
20248074931011912904011399193
20248131161026743228024621012
20248404141015374326013257725
20248992795016367946014187832
20249016994024907169021768760
20249489477013387668011398091
20249507300025129933022698578
20249508854015872094013723736
20249566889015374326013257725
20249569764010630445009538458
20249672700015374982013258381
20249676595013884334011863000
20249896668026761937023917228
20249896862024507470021806978
20249896951013113767011863000
20250040564022233190020399410
20250086076023754511021102092
20250200316018354314016047176
20250279710011398091011398091
20250360844018354314016047176
20250637056024507470021806978
20250637218014382101012329011
20250750375018354314016047176
20250959037015374326013257725
20250990031015870992013722634
20251081272012394339010468274
20251140694012395442010469377
20251248991017857649015582267
20251599506027513794024621012
20251631795014380998012327908
20251689483013388770011399193
20251723525024507470021806978
20251723568014382101012329011
20251723606016367656014187542
20251723703016367684014187570
20251723975016367656014187542
20251743321015374326013257725
20251820474015870992013722634
20251866326018354314016047176
20251866709024507470021806978
20251866946027574162024677520
20251909408023002654020398308
20252009192017857649015582267
20252080512027513794024621012
20252080709015374326013257725
20252176390013611534012329011
20252177206019875594017471258
20252177362007809011007338109
20252177427010407682008608641
20252177648027513794024621012
20252177915013388770011399193
20252255096027514897024622115
20252346954010133780009073549
20252708961024136604021768761
20252760475027513794024621012
20252816462011623773010468274
20252816756013387668011398091
20252909428015597526014187979
20252909533017583747016047176
20252909746026743666024621450
20253113627037019635033106799
20253333473021538552019774074
20253337711014603760013257725
20253488035012120438010933183
20253577410023754511021102092
20253577836015871010013722652
20253680734026010081023213444
20253828847023002654020398308
20254080986013884334011863000
20254081222015471820014187542
20254241009013113767011863000
20254383776013388770011399193
20254460703013610431012327908
20254465489029182147026182693
20254465632015374326013257725
20254705544011897675010003366
20255013816013611534012329011
20255016475011624876010469377
20255170180013610431012327908
20255174046011624876010469377
20255291239023002654020398308
20255357175013114869011864102
20255948904012618204011399193
20255961129011127109010003366
20256442281024506368021805876
20256444381017360984015117359
20256659221019875594017471258
20256680158014381017012327927
20256680530013611533012329010
20256680735024506368021805876
20256799546017088024015583209
20256933803039257161035922601
20257000819013611534012329011
20257095240011623810010468311
20257096654011624876010469377
20257099777012618204011399193
20257300898015375428013258827
20257301746035770677031937670
20257417760015597089014187542
20258186959013884334011863000
20258285361014381182012328092
20258364016013613288012329010
20258596367021498941018990740
20258609086023002654020398308
20258807082016367656014187542
20258808070014381764012328674
20259122393015374326013257725
20259260044026010081023213444
20259260087009587260009073549
20259261075014877661012792816
20259646058010133780009073549
20259646198025258224022509660
20259646368012120438010933183
20259723907016367656014187542
20259867216014604862013258827
20260138872012891004010933183
20260401352011127109010003366
20260402421017583747016047176
20260599683014380998012327908
20260785673012394339010468274
20260786076014380998012327908
20260786416016367656014187542
20260786637023691101019909150
20260814312013387668011398091
20260814401013884334011863000
20260976355026761937023917228
20260976991015374326013257725
20260990048010630445009538458
20260991958013114869011864102
20261089190013611533012329010
20261253764023754511021102092
20261376394017360984015117359
20261435080013884334011863000
20261547636011519501010370669
20261589681029651051025488028
20261619971009140451008143732
20261895715024506368021805876
20261896916016367680014187566
20262094783018354314016047176
20262105157011401011009538458
20262105645012617102011398091
20262525490012617102011398091
20262527957013611534012329011
20262622739018354314016047176
20262622992016367656014187542
20262765041027513794024621012
20262793177015870992013722634
20262917917015374326013257725
20263290187011401011009538458
20263468628015374326013257725
20263469306015597089014187542
20263819986023002654020398308
20263857241013388770011399193
20263948514026010081023213444
20263948565016591520015118461
20263967152012394339010468274
20263968884022250798019694524
20264109796016367675014187561
20264109842015374326013257725
20264280541013991876013478165
20264386390026010081023213444
20264386420012617102011398091
20264392595015006912013722634
20264489459013884334011863000
20264489572015100425013722634
20264489742018354314016047176
20264497230016486146015019754
20265029117016367656014187542
20265029230023002654020398308
20265029311014380998012327908
20265300147023754511021102092
20265648933021498940018990739
20265976892015374326013257725
20266361034013387668011398091
20266467959012290067010370669
20266472561027513794024621012
20266553952015374326013257725
20266558520028109919025488028
20266912758026743228024621012
20266951192016367656014187542
20267242624017857649015582267
20267293393018354314016047176
20267636347040797191035921498
20267702099012394339010468274
20267702226017857649015582267
20267810207011127109010003366
20267954055013387687011398110
20267991821025991371023917228
20267991937029874916026418947
20268376209010630445009538458
20268522639014558083013257725
20268559044025966177023172347
20268559559015870992013722634
20268559575017857649015582267
20268905473010517077010003366
20269553651010133780009073549
20269641100024506368021805876
20269931230023754511021102092
20270101055011127109010003366
20270214100038008639034753908
20270375295011401011009538458
20270475699014380998012327908
20270479228023002654020398308
20271691107024506368021805876
20271691832018354314016047176
20272159735027665159023629160
20272216755013610431012327908
20272932388027513794024621012
20273010220013388770011399193
20273359835022254218020006732
20273909703023913839020838943
20273911007009122352008608641
20273924389011897675010003366
20273924680009140451008143732
20273931431009637116008608641
20273967266012618204011399193
20274154145011623773010468274
20274484889016368758014188644
20274956594015870992013722634
20275066754012618204011399193
20275220850013387692011398115
20275422003013387668011398091
20275819302011401011009538458
20276080599010630445009538458
20276086856016367656014187542
20276100468012394339010468274
20276103114016367656014187542
20276155084009140451008143732
20276512375011897675010003366
20276626974023913858020838962
20276737776024506368021805876
20276791134011401011009538458
20277491878011897675010003366
20277530474014877661012792816
20277584132015375428013258827
20278404383011623773010468274
20278529348024506368021805876
20278682014016367680014187566
20278720943012394339010468274
20279039190016367656014187542
20279039263014382100012329010
20279058241014380998012327908
20279069545010822736009538458
20279078811014877661012792816
20279087810013387668011398091
20279174306016368758014188644
20279363850016367656014187542
20279646291014877661012792816
20279804962027513794024621012
20280387186013387668011398091
20280489949009587260009073549
20281251946013387668011398091
20281252101013884334011863000
20281392841011127109010003366
20281436326012512830011300486
20281437551022149944019909126
20281437853009140451008143732
20281763483011127109010003366
20282118050028109919025488028
20282463491022149944019909126
20283548784013387668011398091
20283671861024506368021805876
20283766579013387668011398091
20283914640011897675010003366
20284006543026010081023213444
20284051263015374326013257725
20284587570024136603021768760
20284686420015871843013723485
20284758626013884334011863000
20284803672013312388012815801
20285306451014877661012792816
20285357439027513794024621012
20285357870027513794024621012
20285357986013387668011398091
20285771537015374326013257725
20285874875014380998012327908
20285949662016367656014187542
20285950334023754511021102092
20285951772015870992013722634
20286378383021498940018990739
20286444424012891004010933183
20286748148012120438010933183
20287156031008917688007213915
20287241810010133780009073549
20287247606014382100012329010
20287369981012891004010933183
20287543531011127109010003366
20287544120015870992013722634
20287985461026123261023628394
20288709662010407682008608641
20288780790011623773010468274
20289008900010133780009073549
20289177885011624876010469377
20289189387012891004010933183
20289189506011127109010003366
20289189743011127109010003366
20290061912011519501010370669
20290125759015870992013722634
20290512973015374326013257725
20290525757011127109010003366
20290688184023002654020398308
20291448411021498965018990764
20291499725011623773010468274
20291499849013884334011863000
20291675817009911017008143732
20291779353013387668011398091
20292312971016367656014187542
20292374497016367656014187542
20292389818013884334011863000
20292851813015374326013257725
20292899042013387668011398091
20293422886011401011009538458
20293842877012394339010468274
20293844373013387668011398091
20293968536011897675010003366
20294094831023754511021102092
20294485474013610431012327908
20294516094023002654020398308
20295341190012016166010835578
20296036227016367656014187542
20297168437011623773010468274
20297293398021704421018049494
20297788710011128211010004468
20297821882012120438010933183
20297873203011127109010003366
20298109590011897675010003366
20298142156012394359010468294
20298143004013113767011863000
20298149428014877661012792816
20298447712015870992013722634
20298801710017583747016047176
20299179754016367680014187566
20299308384014603760013257725
20299308570012395442010469377
20300883665012891004010933183
20301070358011401011009538458
20301070641014380998012327908
20301478691014107095012792816
20301772689014877661012792816
20302080780010455432010003366
20303181416011897675010003366
20303182404013113767011863000
20303198106012394339010468274
20303423762014380998012327908
20303553879010630445009538458
20303726269011401011009538458
20303728105013387668011398091
20303973819012394339010468274
20304406616011623773010468274
20305777111012120438010933183
20305777553011897675010003366
20305778312011623773010468274
20305778584015374326013257725
20305901459015374326013257725
20306063678023002654020398308
20306846532010052169009538458
20307702100011623773010468274
20307729076012394339010468274
20308329330014877661012792816
20308726925011271169010138215
20308811507023003756020399410
20309737874011623773010468274
20311206940010904346009073549
20311578112015870992013722634
20311689054013884334011863000
20312138302017360984015117359
20312486262015374326013257725
20312500273014380998012327908
20312967902020163289018049494
20313367127014603760013257725
20313588980015870992013722634
20314745184023002654020398308
20314907796020747084018286956
20315067171015374326013257725
20315098468010133780009073549
20315798109013387668011398091
20315989559011401011009538458
20316212922010630445009538458
20318376639010133780009073549
20319065181012120438010933183
20319065378010904346009073549
20319726838016235943014064251
20319769146013884334011863000
20319769766012394339010468274
20319909282012394339010468274
20319911341023002654020398308
20320608903010630445009538458
20321320369012891004010933183
20322072156021924438018976741
20322772778015870992013722634
20323648337012394339010468274
20324160214012394339010468274
20325061481011897675010003366
20325066483015374326013257725
20325068087010904346009073549
20325068346015870992013722634
20325089815015374326013257725
20325240319010407682008608641
20325399806014877661012792816
20326057232011401011009538458
20326639215016368758014188644
20326639401014877661012792816
20326639703014380998012327908
20326640396022250798019694524
20326641007015597089014187542
20326827704010133780009073549
20327130774014380998012327908
20327997123015374326013257725
20330621118021498940018990739
20330621363018354314016047176
20330622890018848732017231279
20330633507011401011009538458
20330886995020618049018049493
20330997282019243370016879387
20331370070020163289018049494
20331421791009892919008608641
20331804763014380998012327908
20332077016010904346009073549
20332077261013147278011863000
20332077601022250798019694524
20332077644012394339010468274
20332079930014877661012792816
20332103394013884334011863000
20333518342015374326013257725
20333850487013610431012327908
20333857252008657443008143732
20334516130014877661012792816
20334516688010407682008608641
20334516807009140451008143732
20334535054011401011009538458
20335498209011401011009538458
20336219141014380998012327908
20336221146010133780009073549
20336258333010407682008608641
20336258619012891004010933183
20336350698010407682008608641
20336381941008569979007328511
20336383596013884334011863000
20336394059015374326013257725
20336477019015374326013257725
20336477396014380998012327908
20337754350012120438010933183
20338872020024507133021806641
20338873701014380998012327908
20338888016014380998012327908
20338888318021498940018990739
20338888946011127109010003366
20339586048014877661012792816
20339586455014380998012327908
20339586463014380998012327908
20339950661011401011009538458
20340097514011623773010468274
20341033749011897675010003366
20341054304012394339010468274
20341689164011401011009538458
20341721262014107095012792816
20342417443014380998012327908
20343145773010630445009538458
20344098507009637116008608641
20346939282012891004010933183
20347888061011897675010003366
20348788486008829415008315704
20349190282011401011009538458
20349197155012591407011765394
20349252237009140451008143732
20349256127009122352008608641
20349256909008813416007116310
20349266890009806745008046127
20350525565022697749018979310
20350538055011897675010003366
20350539671014380998012327908
20351777851011127109010003366
20352148939010904346009073549
20352518701011401011009538458
20352865169010407682008608641
20353763378010407682008608641
20357382549009637116008608641
20357387311009637116008608641
20357392560011401011009538458
20357395063021704420018049493
20357395640020933853018049493
20357395810014380998012327908
20357397961021498940018990739
20357402418010407682008608641
20357407819014380998012327908
20357453721022250798019694524
20357465053020747084018286956
20357466777023754511021102092
20358427082010407682008608641
20358429263009911017008143732
20358453393014380998012327908
20358456597011752552010468274
20358457550009637116008608641
20358457984014380998012327908
20359137088011623773010468274
20359137142010407682008608641
20359174005010133780009073549
20361366310017360984015117359
20361751486009637116008608641
20362283796012394339010468274
20365168904011897675010003366
20365173142012394339010468274
20365178764009911017008143732
20365190098011152678009306003
20365908142009140451008143732
20366382268010407682008608641
20366398180009911017008143732
20366398687009911017008143732
20366404482009122352008608641
20366404563011401011009538458
20366404709011401011009538458
20366416332009140451008143732
20366418092021498940018990739
20366418289010407682008608641
20366422170013139336011165637
20367135493013884334011863000
20371313088009911017008143732
20374419103014603760013257725
20374441419009892919008608641
20375422213014380998012327908
20376533485013607857012366389
20377022921013884334011863000
20379554785009428010008143732
20380529670012891004010933183
20381128777008917688007213915
20381130984014380998012327908
20381141811017953866015260042
20381142311010904346009073549
20383679878013884334011863000
20383689423019619298017231279
20385591528009911017008143732
20386419605009911017008143732
20386419893010800074008975944
20394492362008395453007446369
23123871499011623773010468274
23125020844012618204011399193
23140789704024433508023213444
23144126459016367656014187542
23146370209013610431012327908
23148287694016367656014187542
23160077689018124702016048278
23164277259016367656014187542
23164477274024907169021768760
23165913264013613288012329010
23166579104017583747016047176
23166597994016367680014187566
23167337414023754511021102092
23168580584012617102011398091
23168847769027513794024621012
23169346569027513794024621012
23170665864015374326013257725
23175638369018354314016047176
23176557974010725130009440852
23176872489036239901032376893
23177279854010133780009073549
23177698679017360984015117359
23178898299027513794024621012
23179108569027513794024621012
23179109344012891004010933183
23179109689018355416016048278
23180384189017583747016047176
23180404074011623793010468294
23181600829023560185021641489
23181905549014603760013257725
23182145564026070449023269952
23182501204027543974026516552
23182905364013611088012328565
23183721224011624876010469377
23184513994020531060018868551
23184687984030540398026320530
23185150089027513794024621012
23185162974017331454016047176
23185184854021368178018868399
23185754774014381655012328565
23187343194029272878025855331
23201525489027513794024621012
23201528879019995246017583191
23201530024015870992013722634
23201555809027513794024621012
23201577934011897675010003366
23202606954014603931013257896
23202674704011623773010468274
23202675794010029508008975944
23203074484013610431012327908
23203270984026124364023629497
23203536364013610721012328198
23203938934011897675010003366
23204035164024506368021805876
23204226474017857649015582267
23204602549027513794024621012
23205008144010904346009073549
23205194134013611534012329011
23205194754033109492030167935
23205357254015374619013258018
23205639764038852192034822157
23205642544030868246027348765
23206501294020597764018868551
23206642394011623773010468274
23206728264027514084024621302
23206728884012394339010468274
23207327654011399193011399193
23207395234018354314016047176
23208058444012395442010469377
23208981374022591053020013024
23209000024018623439017119676
23209003244022743753020465037
23209006324010834112010469377
23209167344014380998012327908
23209603624028881588025489130
23211210354023658211021806005
23211804319016367656014187542
23211814179026743228024621012
23213394924012120438010933183
23213395394010548223010548223
23213396714013611534012329011
23213399659013611534012329011
23213406604014604862013258827
23213407864012618204011399193
23213409344022232088020398308
23213411594023588062021667611
23213422324011623773010468274
23213453114026896686023629497
23215972194027513794024621012
23216310454026124364023629497
23216311574013611534012329011
23216311809026743228024621012
23216312244013611534012329011
23216319214011624876010469377
23216426444040026624035921498
23216427033013610431012327908
23217257719014381022012327932
23217488974013611534012329011
23217500044023561287021642591
23217917034026894931023629497
23217919894011897675010003366
23217996724018354314016047176
23218401414012210897010227986
23219101414010905448009074651
23219101449016263384014089937
23219319584027513794024621012
23219684304023561134021642438
23219756364026743228024621012
23220258424012395442010469377
23220320804012617102011398091
23220893154016367675014187561
23221192974027513794024621012
23221770714011401011009538458
23221870484024506368021805876
23221910184026123261023628394
23222421764024506368021805876
23222433304016367656014187542
23222435099027513794024621012
23222997844015375428013258827
23223314864027513794024621012
23223364284025966177023172347
23223576494027117692024559313
23223932614018354314016047176
23224050054013611533012329010
23224055994026124364023629497
23224151314015374350013257749
23224151454014382101012329011
23224287364010981985010468274
23224400934023560185021641489
23224401094013611534012329011
23224450214023561287021642591
23224851804012016166010835578
23225283214019717763016189860
23225561419024506368021805876
23225721394012528255012014544
23226113924014380998012327908
23226171789027513794024621012
23226183264011623773010468274
23226426124013611534012329011
23226681779027513794024621012
23226698671018354314016047176
23226811044036287152031699896
23226813144009587260009073549
23226917764013885436011864102
23227053119027513794024621012
23227221534026124364023629497
23227224169012394339010468274
23227225874031637710027347662
23227470194026124364023629497
23227671114013387668011398091
23227671424040026624035921498
23228200824013884334011863000
23228323144011624129010468630
23228566284010904346009073549
23228641014020597764018868551
23229099914010904346009073549
23229159674012617102011398091
23229761439027513794024621012
23230034214016367656014187542
23230350264012842722012329011
23230414874024137705021769862
23230429219012394339010468274
23230511799026743228024621012
23231180834014604197013258162
23231580794010133780009073549
23231640304027513794024621012
23232139404016367656014187542
23232742534013610431012327908
23232984864014380998012327908
23233207209023560185021641489
23233739154013611534012329011
23234111469012617102011398091
23234868454014499488013160120
23234984659013610431012327908
23235297949021156617018979310
23235773384026010081023213444
23235773414016367680014187566
23235840774010630445009538458
23236151964023002654020398308
23236305244012617102011398091
23237406389027513794024621012
23238081734026124364023629497
23238082854018491513016175603
23238269504029873814026417845
23238523214009637116008608641
23238866804012512830011300486
23238869064013610431012327908
23239767869026743228024621012
23239818633021927183018979310
23240102129029182147026182693
23240139944010981985010468274
23240639459044770506039640766
23240646994012395442010469377
23240683334013610431012327908
23240879719013115103011830825
23240901684025901601022699680
23241058514011127109010003366
23241331644027513794024621012
23241584194014380998012327908
23241682145011752552010468274
23241898059029182147026182693
23241898229013387668011398091
23241980944014108198012793919
23242776534012618204011399193
23243467349023002654020398308
23243774179015374326013257725
23243987849015374326013257725
23244503659014604862013258827
23244660274034840460031066930
23244660444014382100012329010
23245786964011623773010468274
23246963584013611534012329011
23247333754042783848037781132
23247669094013610431012327908
23247669779016367656014187542
23248390484017583747016047176
23248402644010983088010469377
23248404604025131035022699680
23248599014013611533012329010
23248834854028110356025488465
23249444294008147121007213915
23249557064012120438010933183
23250086814025426383023628394
23250279469029182147026182693
23250750544016367656014187542
23251168814012617102011398091
23251597669010983088010469377
23251683794011897675010003366
23251688664037708739034473132
23251847843010904346009073549
23251848009014604862013258827
23252079459014382101012329011
23252141154013114210011863443
23252176144013885436011864102
23252437754026743228024621012
23252437789027513794024621012
23252708944024796078022386128
23252817689011401011009538458
23252817794013611534012329011
23252817824026672168022699680
23253338024010981985010468274
23254704504013388770011399193
23255200704022151047019910229
23255206184014276725012230303
23255842994027887156024558211
23257366804024137705021769862
23257619109023002654020398308
23257685934034840460031066930
23257801934013610846012328323
23258109384024506368021805876
23258878639017360984015117359
23259467314009637116008608641
23260038974015374616013258015
23260230484011623773010468274
23260286234011624876010469377
23260340964008813416007116310
23260402994010133780009073549
23260785834025131035022699680
23261255804014878764012793919
23261558254011897675010003366
23261635054010630445009538458
23261896354014603760013257725
23262308944017360984015117359
23262413594010630445009538458
23262525244015374326013257725
23263418824010681465009538458
23263545494029873814026417845
23263690109018354314016047176
23263857984014604862013258827
23263968654011623793010468294
23264035384023144375020840045
23264109124011624434010468935
23264109744012376711011863000
23264243084013388770011399193
23264386764013884334011863000
23264489334015870992013722634
23264594189013611534012329011
23264599784019534234017151654
23265540694011623793010468294
23266294204010947128010469377
23266361254011897675010003366
23266609299015597089014187542
23266951744020080790018384561
23266959079016367656014187542
23267071004023002654020398308
23267074534011623773010468274
23267293414014107095012792816
23267296324026124364023629497
23267744904010133780009073549
23267991839011884509011514637
23268135944014877661012792816
23268413634022920512019909127
23268762469012388087011399193
23269533404017360984015117359
23269553804012617102011398091
23269640774021367228018867449
23270224474017362086015118461
23270377424012617121011398110
23270378234013611533012329010
23270604374012618204011399193
23270642144013610431012327908
23270754554009637116008608641
23271189109011401011009538458
23272342814012394339010468274
23272972079016367675014187561
23273540644011623773010468274
23273901124014380998012327908
23273912444021156617018979310
23273913114011127109010003366
23273931619011127109010003366
23274150084012120438010933183
23274359609017739658015471820
23274855304011251684010933183
23275028614013612186012327908
23277491559010133780009073549
23277708884014381425012328335
23277938944013387668011398091
23278524094013387668011398091
23278528774012617102011398091
23279057554013610431012327908
23279060334009141554008144835
23279078209015870992013722634
23279091124022151047019910229
23280559814014380998012327908
23281252224011623773010468274
23282456184011401011009538458
23282457334014382100012329010
23282460734012891004010933183
23282464764012617102011398091
23282477874022232088020398308
23282479214011623773010468274
23283064379022920512019909127
23283191664013884334011863000
23284758544015374326013257725
23284972554009911017008143732
23285048834011401011009538458
23285307074014877661012792816
23285307554015870992013722634
23285464684020728373018990739
23285952654015374326013257725
23287547579013387668011398091
23288708134010526171009440852
23289189874014877661012792816
23290376254011110062010468274
23290689503010133780009073549
23291034179011401011009538458
23292363974012891004010933183
23292694814014603760013257725
23293263914016367675014187561
23293844844011127109010003366
23294439544015870992013722634
23294517529013387668011398091
23295072504013884334011863000
23295566264012120438010933183
23296036234023726000022698578
23296131814010133780009073549
23296654744014380998012327908
23298109484023754511021102092
23299182339014603760013257725
23300210694015374326013257725
23300881564010630445009538458
23301750374013113767011863000
23301900899015374326013257725
23302063559011401011009538458
23302083509010630445009538458
23302413444010630445009538458
23303032584023914941020840045
23303180834012394339010468274
23303181113014542003013257725
23303181334012217461010933183
23303424504011401011009538458
23304430184010133780009073549
23305385034013387668011398091
23305778559013147278011863000
23305778834015597089014187542
23305829544010133780009073549
23305900559015374326013257725
23305901504011623773010468274
23305906034016367656014187542
23306411624011897675010003366
23306950304012891004010933183
23307169789010407682008608641
23307730634012394339010468274
23307747774013283397011300486
23308726789014380998012327908
23310815284011401011009538458
23310883514019660975018049494
23311905104010407682008608641
23312500434014380998012327908
23312787164011401011009538458
23312914514010630445009538458
23313053164011623773010468274
23313878074021156617018979310
23313919579011897675010003366
23314145194015374326013257725
23314176634010630445009538458
23314672844010133780009073549
23314813324010133780009073549
23314889134014877661012792816
23315261384021498940018990739
23316211399010630445009538458
23319023984010904346009073549
23319065474011897675010003366
23319071954014380998012327908
23319768904011897675010003366
23319769404010133780009073549
23319769544012891004010933183
23320540534010904346009073549
23320549884013387668011398091
23320607604010133780009073549
23320824184012617102011398091
23320934184022250798019694524
23322210604011897675010003366
23322831714009532844008511036
23323079234014107095012792816
23324161414011897675010003366
23324162844012394339010468274
23324373284009637116008608641
23325241314014877661012792816
23325241799011793403009905761
23325241934009428010008143732
23326121304012394339010468274
23326610984011401011009538458
23326639974014380998012327908
23326640964014604702013258667
23326887404009637116008608641
23327743414007820087006186493
23329804844010133780009073549
23330617314023002654020398308
23330620854015374326013257725
23330656204012617102011398091
23330994444012394339010468274
23331366064008395453007446369
23331368024013884334011863000
23331372404027513794024621012
23331373753011127109010003366
23331420484014107095012792816
23331420654014877661012792816
23331420794014380998012327908
23331804924022697749018979310
23332351524013387668011398091
23332889869021498940018990739
23333327694019940525017119676
23334136914014877661012792816
23335990854014380998012327908
23336348579010407682008608641
23336477654014603760013257725
23336622204015374326013257725
23336711819009637116008608641
23336712904009911017008143732
23336933234009637116008608641
23338885199011287644010003366
23339273804013113767011863000
23339566054018176631016189860
23339584133022250798019694524
23339586144012394339010468274
23341054044013884334011863000
23341691974010133780009073549
23341834864010407682008608641
23341995914014380998012327908
23342416764011401011009538458
23342418104009036179008046127
23346386304012786732010835578
23348639714014380998012327908
23349184974009911017008143732
23349190214012891004010933183
23349814544009637116008608641
23349815494009637116008608641
23350525394009140451008143732
23351994894015374326013257725
23354765284010133780009073549
23357375614021498940018990739
23357445124011401011009538458
23358427774013884334011863000
23358459994014380998012327908
23361336054013113767011863000
23364536534020747084018286956
23365173834013884334011863000
23365223319010407682008608641
23365601119012394339010468274
23366411313010904346009073549
23371035664013884334011863000
23371392114014380998012327908
23371650164010630445009538458
23373131539011793403009905761
23376515974010407682008608641
23381132994013884334011863000
23381137414010407682008608641
23386434654009911017008143732
23387366024013884334011863000
23402861894008657443008143732
23402861924011401011009538458
23426988054009140451008143732
24184513893027425523024621012
24213429635012841619012327908
24213450766014604702013258667
24219135838013610431012327908
24219687962024137705021769862
24221428842011624876010469377
24221694127027513794024621012
24222742494029182147026182693
24240108867017857687015582305
24241476606024137705021769862
24251597053031637709027347662
24255168890011624876010469377
24255169706012617102011398091
24255174033011623793010468294
24256657534011624876010469377
24259131657021156617018979310
24259930630013611534012329011
24260786403012394339010468274
24260992224011897675010003366
24263259501025900500022698578
24265589584014108198012793919
24267411766011624876010469377
24267748965011519501010370669
24273967067015598191014188644
24277491962012891004010933183
24288128991011623773010468274
24295466347014381017012327927
24298370871014877661012792816
24303181888011401011009538458
24310815094011401011009538458
24315964713011127109010003366
24326640057015374326013257725
24329730375009122352008608641
24357400771017720947016175603
24357453085010904346009073549
24358452104009637116008608641
24362286804019169960017119677
24384852404013147278011863000
27116548475012512830011300486
27118338729013611534012329011
27120176884025131035022699680
27121940413026743228024621012
27125316145015374326013257725
27127690109013610431012327908
27128664888012682369011398091
27128998069013611533012329010
27130018381010982005010468294
27135110855012618204011399193
27135113722010981985010468274
27135119011011623793010468294
27135119232021820486020013024
27136032505019103925017470155
27136033145011624876010469377
27136672822027513794024621012
27137027963013387668011398091
27137753133026124364023629497
27137847294013388770011399193
27139129291033110594030169037
27139594237012513933011301589
27140472714026062606023629496
27142116885011623773010468274
27142721207010630445009538458
27142728376013611534012329011
27142728805011623773010468274
27142729194012891004010933183
27143982748015598191014188644
27144124540015295156013115042
27144231916012891004010933183
27145149695012395442010469377
27145149717014382100012329010
27145149733013885436011864102
27145463632011623773010468274
27145465279027888258024559313
27145992244010630445009538458
27145993291016367656014187542
27146481227010630445009538458
27146980630014380998012327908
27147403769027888260024559314
27147489205018354314016047176
27147591115014382100012329010
27147627306017858751015583369
27149866928022697749018979310
27160027679027513794024621012
27160173861018354314016047176
27160174531013114869011864102
27160987133015870992013722634
27161074735013611534012329011
27161185650013772538013258827
27161943857014604862013258827
27161944632012394339010468274
27163095845013114869011864102
27163104151011897675010003366
27163106502013114869011864102
27163106987011624876010469377
27163107428011624876010469377
27163302670011623773010468274
27163302824014877661012792816
27163399801022151047019910229
27163941290011624876010469377
27164170220024506392021805900
27164178701011127109010003366
27164395419013388770011399193
27165385131015006911013722633
27165385794011897675010003366
27165659002024506368021805876
27166410938014380998012327908
27166627430014382101012329011
27166676024013387668011398091
27167355353012537931011255408
27167712482014604862013258827
27167714671013611534012329011
27167716070025131035022699680
27167720868018354314016047176
27167823675011623793010468294
27168021920013610431012327908
27168026841011127109010003366
27168050408013610431012327908
27168052095011127109010003366
27168053393010133780009073549
27168848388027513794024621012
27170197076013284498011301588
27170284785024507470021806978
27170338192023735801021805876
27170585262011127109010003366
27171228439026010081023213444
27171242008017360984015117359
27171397761011127109010003366
27171649809026847678024306493
27171693174026123505023628638
27171694855010133780009073549
27171839322010630445009538458
27172151286011623773010468274
27172366711016304032016047176
27172599074023689399022405121
27173225488017857649015582267
27173616460014603760013257725
27173676455013387668011398091
27174140176011623773010468274
27174984323011127109010003366
27174991818023002654020398308
27175140048028881588025489131
27175639077011623773010468274
27175749735025900500022698578
27176121748012617102011398091
27176581773012891004010933183
27176633862017857673015582291
27176753531015598191014188644
27176753949032854028029207523
27176754260011624876010469377
27176769594011624288010468789
27177158971023560185021641489
27177180713015597089014187542
27177184441010630445009538458
27177204183013611534012329011
27177247001040797191035921498
27177659164015374326013257725
27177792190016319596014188644
27177792425013387668011398091
27177829779014603760013257725
27177829906026763040023918331
27178167990009532844008511036
27178402485020163289018049494
27178890544015374326013257725
27178909709011624876010469377
27179109668013611534012329011
27179109803011401011009538458
27179121420016367656014187542
27179526323014604862013258827
27179614907027513794024621012
27179668306017583747016047176
27179669817013611534012329011
27179698205023561287021642591
27179716688010630445009538458
27179736824011897675010003366
27179736972023561142021642446
27179770267011127109010003366
27180149711012891004010933183
27180372844013611373012328850
27180405467013387687011398110
27180625777013612205012327927
27180899699035107145032037862
27180900190013611534012329011
27180904439028111021025489130
27180905702022519880021769862
27180907225029182147026182693
27180908299012377813011864102
27181013678011623773010468274
27181013740012636576012328349
27181023452027513794024621012
27181024327027888258024559313
27181024351015375428013258827
27181024378023885269023628413
27181024904011624876010469377
27181024971023560185021641489
27181176402026010081023213444
27181176488020747084018286956
27181194494025239514023213444
27181194796013387668011398091
27181213146013611534012329011
27181318134014603760013257725
27181320759012617102011398091
27181548423012394339010468274
27181548717026124364023629497
27181555764020372756018657930
27181556132010910065010468274
27181570895021821589020014127
27181572405015374350013257749
27181574874023560185021641489
27181816029010630445009538458
27181830498013610431012327908
27181838383031090848028278421
27181849555011624876010469377
27182119666015597089014187542
27182171374033110594030169037
27182222467012683284011399006
27182528914016367656014187542
27182540892015471820014187542
27182546467025966177023172347
27182597150023560626021641930
27182597185016367656014187542
27182598130025299882023269952
27182599331012120438010933183
27182599528024463075022698597
27182600011023561126021642430
27182621728025901602022699680
27182905203015375100013258499
27183004501010982069010468358
27183016372013610431012327908
27183079196013610431012327908
27183079234011624876010469377
27183186782010630445009538458
27183187940012842722012329011
27183397554011623773010468274
27183655383013611534012329011
27183725489027513794024621012
27183768188013139336011165637
27183796068018354314016047176
27184003851030097679027348764
27184051589014604862013258827
27184060669023143273020838943
27184073493026124364023629497
27184091556013610431012327908
27184099549024358367021667350
27184151451026827794023978874
27184161147027513794024621012
27184262318014604862013258827
27184297936026743228024621012
27184318526024506368021805876
27184339701014604202013258167
27184352295027514897024622115
27184513817026124364023629497
27184513884013611373012328850
27184517251033110595030169038
27184519394027513794024621012
27184528474013611534012329011
27184528482012842722012329011
27184716548014604702013258667
27184733353011127109010003366
27184736751028657723024558211
27184783202023560185021641489
27184785140012842056012328345
27184795294039005855034965996
27184809201011623793010468294
27184947337026848781024307596
27184947493013611534012329011
27184947752039959267038161278
27184947876028109919025488028
27184951644011624876010469377
27185005483012891004010933183
27185056525014604862013258827
27185062096026743228024621012
27185062118011127109010003366
27185062584040026624035921498
27185147024018298181016047176
27185147032013113767011863000
27185147059024506368021805876
27185162740013611373012328850
27185162945026893828023628394
27185198346013611534012329011
27185209488022859966020264743
27185209496031617191028771078
27185326271027513794024621012
27185334843013610431012327908
27185373342024203075022243324
27185373474030023101029766245
27185420758013611534012329011
27185426209012618204011399193
27185437375013611534012329011
27185443308024137705021769862
27185509279027513794024621012
27185509619035515484031698794
27185511087024506368021805876
27185607084013611534012329011
27185642246027513794024621012
27185701854013610868012328345
27185753412015872094013723736
27185787651039256082035921522
27185792736012395442010469377
27185830298016367656014187542
27185844884022463025020614508
27185847220012617121011398110
27185910038010983088010469377
27185934948012842722012329011
27185935359027513794024621012
27186015687027513794024621012
27186036994025354449023628394
27186069566011623793010468294
27186113778023483083021641489
27186118842023561126021642430
27186140023015374350013257749
27186143731026123261023628394
27186163295010630445009538458
27186178098023561287021642591
27186194689026124364023629497
27186286362015374326013257725
27186422673020597604018868391
27186422886012617102011398091
27186485667034103763031098694
27186504610021820487020013025
27186681504027513794024621012
27186681539017583747016047176
27186686239039876806035781330
27186735000009637116008608641
27186899119025299882023269952
27186901199011624876010469377
27187114875013771436013257725
27187237373014604702013258667
27187883518012617102011398091
27187913336024506368021805876
27189084736014380998012327908
27200568139016368093014187979
27200620890010133780009073549
27201288016027513794024621012
27201423371013611373012328850
27201511068025355391023629336
27201512250013610868012328345
27201513400011623773010468274
27201514504023560185021641489
27201515055025299882023269952
27201515179011522060011522060
27201516337012842056012328345
27201517325014603760013257725
27201517600027513794024621012
27201518674013568240012327908
27201518690013611534012329011
27201521586025966177023172347
27201522310023408766020778454
27201523031013388770011399193
27201523201022697749018979310
27201523627032410859030167935
27201523678014381288012328198
27201523848033881160030169037
27201524135030067677027348764
27201524577012475452011301448
27201524682025022277021769862
27201526537027604542027347686
27201526960026847738024306553
27201530127013611120012328597
27201530224033109582030168025
27201533290013610431012327908
27201536540027513794024621012
27201536699027513794024621012
27201537946010133780009073549
27201539280029182147026182693
27201539299013387668011398091
27201539477024351828022579455
27201543709026124364023629497
27201543741027513794024621012
27201546244027513794024621012
27201546945025217112023270389
27201548352014877661012792816
27201548891022232088020398308
27201551256011127109010003366
27201551450027804244024559314
27201552481013611534012329011
27201552988015374326013257725
27201555138038490054035921498
27201555170024868464021768760
27201556347014603760013257725
27201559729023483083021641489
27201560425026123285023628418
27201561952018354314016047176
27201564382017256712015019754
27201565206017360984015117359
27201567314027513794024621012
27201572237013113767011863000
27201572474011623773010468274
27201572547027513794024621012
27201573063022232088020398308
27201573691012618017011399006
27201574329036435209035921498
27201575775017583747016047176
27201577115027513794024621012
27201579002010904346009073549
27201583468016368758014188644
27201585177013611088012328565
27201585185018354314016047176
27201587153018354314016047176
27201588370018354314016047176
27201601571013611534012329011
27201627856027513794024621012
27202204126021979639020162001
27202262819020779556020265845
27202464551034840460031066930
27202464578026070449023269952
27202464926013884334011863000
27202465302017583747016047176
27202605082016367656014187542
27202606380015374326013257725
27202606577024464158022699680
27202606755017583747016047176
27202671700023560185021641489
27202673223014604702013258667
27202675188027039580024898416
27202675943015374350013257749
27203008460025129956022698601
27203010007011589656010469377
27203070387013611534012329011
27203070867013610431012327908
27203072665012617102011398091
27203074188022149944019909126
27203074404027513794024621012
27203074609024143208023629497
27203077152024358191021667174
27203077314012395442010469377
27203077322023560622021641926
27203077357022149964019909146
27203078248017331454016047176
27203089576026124364023629497
27203141039023587625021667174
27203270289027513794024621012
27203270300026743228024621012
27203271072026894931023629497
27203271781013611534012329011
27203271870015295156013115042
27203337529018354314016047176
27203337766026893828023628394
27203337847012841619012327908
27203337944039256058035921498
27203344495027513794024621012
27203347257027513794024621012
27203429946014604862013258827
27203536041024506368021805876
27203536521027513794024621012
27203536750013611534012329011
27203564363026123261023628394
27203930831013610431012327908
27204324110014382100012329010
27204324900022089399020264743
27204344162010822736009538458
27204480317022149944019909126
27204480368027513794024621012
27204602978011623773010468274
27204652428007297853006418947
27204792211025131035022699680
27204792238013611534012329011
27204793250011623779010468280
27204793374023560185021641489
27204793714016367675014187561
27204793919013610431012327908
27204858573013611534012329011
27204866010027513794024621012
27204866746019995227017583172
27204951093022697749018979310
27204951190026894931023629497
27204967240014380998012327908
27205008344013611388012328865
27205025249029604903026166127
27205039266027513794024621012
27205060532027514235024621453
27205060710026124364023629497
27205060761021367228018867449
27205119715013610868012328345
27205187060011623773010468274
27205192153041694977037483179
27205192994010630445009538458
27205194636016367656014187542
27205196027013610431012327908
27205196132011623773010468274
27205196337010630445009538458
27205196361033109492030167935
27205196574023735801021805876
27205207924023560839021642143
27205240123027425523024621012
27205240786027513794024621012
27205357497013610431012327908
27205442303020597099018867886
27205442362036249068033106799
27205442907015871906013723548
27205503973014604862013258827
27205510163013387692011398115
27205510325013611534012329011
27205510430015374354013257753
27205511062013611534012329011
27205511348015597089014187542
27205511607027513794024621012
27205640970023953160021528472
27205641284033109492030167935
27205641845020597456018868243
27205641942013611534012329011
27205642868013610431012327908
27205645123026124364023629497
27205646340013611534012329011
27205646464013610431012327908
27205647096020597764018868551
27205647940013114869011864102
27205649331013611534012329011
27205649846021539914019909127
27205649978016368093014187979
27205780047024331854021642591
27205780993023783663023269952
27205781213012891004010933183
27205781892026743228024621012
27205781906015375428013258827
27205782465016367684014187570
27205832225013611534012329011
27205879051027513794024621012
27205898129021156617018979310
27205898161027513794024621012
27205906539014338806012327908
27205906687027810147024898416
27205906814015100425013722634
27205912784028880486025488028
27205946387013611534012329011
27205947030013611534012329011
27205948053026070449023269952
27205948169023561287021642591
27205948703013611373012328850
27206042724025299882023269952
27206044948023560185021641489
27206045278029182147026182693
27206045383025134723024621012
27206054064011624471010468972
27206054498027513794024621012
27206054749027513794024621012
27206054927026894931023629497
27206150802027513794024621012
27206169562026124364023629497
27206169716026124364023629497
27206247490027513794024621012
27206382649037708440034472833
27206382975027513794024621012
27206458300024506368021805876
27206472974027513794024621012
27206501532017583747016047176
27206603831013610431012327908
27206604226013611534012329011
27206604617012537931011255408
27206609104027665496023629496
27206609384016367656014187542
27206728413040243844035403592
27206728529014382101012329011
27206756654014382100012329010
27207105339013610431012327908
27207188412027513794024621012
27207216211037262939032613223
27207323808010630445009538458
27207324448010981985010468274
27207325789020597764018868551
27207326068012512830011300486
27207327366012394339010468274
27207329342013611534012329011
27207381212011911802011398091
27207381565024281016021667198
27207382111012617102011398091
27207382529023560185021641489
27207383223021156616018979310
27207395248027513794024621012
27207606257012618204011399193
27207697619018354314016047176
27207711603013610431012327908
27207870213028881589025489131
27207871112013611534012329011
27207871139029874251026418282
27207872429010526171009440852
27207872593013610431012327908
27207872798013611534012329011
27207873131022156302021642591
27208059403013613289012329011
27208059632032429367030631378
27208059799030867144027347662
27208145539012891004010933183
27208190127014077094012792816
27208238553030017406027204979
27208257957023561126021642430
27208388644026124203023629336
27208487219018354314016047176
27208498334023735801021805876
27208574901027513794024621012
27208577021022232088020398308
27208875510023588727021668276
27208939942021156617018979310
27208980071029651075025488052
27208980195012891004010933183
27208980721013610431012327908
27208980918013568303012327971
27208981523016367656014187542
27208981639013113767011863000
27208981981010981985010468274
27209002227013610431012327908
27209002367018354314016047176
27209002871013611534012329011
27209004424010052169009538458
27209006109013611534012329011
27209007202012617102011398091
27209105107026124364023629497
27209119140027513794024621012
27209166564015597260014187713
27209166750014382101012329011
27209166947011623773010468274
27209167137026124364023629497
27209310916028880509025488052
27209311033011624876010469377
27209378057026010081023213444
27209378529026124211023629344
27209573267013884334011863000
27209578935012618204011399193
27209586059027513794024621012
27209586865011912717011399006
27209595783015374326013257725
27209596127013387687011398110
27209596488012617102011398091
27209597409023691077019909126
27209599762012618204011399193
27209619194011623801010468302
27209741542027513794024621012
27209768726031380279030167935
27209872167013611534012329011
27210058554026124364023629497
27210250544025966177023172347
27210251109029182147026182693
27210270421017583747016047176
27210292166028880486025488028
27210316405018354314016047176
27210316472012617126011398115
27210365511010904346009073549
27210394066013531260012185225
27210443237016367656014187542
27210558506028411581026182693
27210673550011623773010468274
27210676045013884334011863000
27210762677022089423020264767
27210800161026761937023917228
27210894077015870992013722634
27210894875026124364023629497
27211000223013611534012329011
27211050875014603760013257725
27211123023033110594030169037
27211125719014604197013258162
27211126235017331454016047176
27211126812014603760013257725
27211127215022089570020264914
27211127401018354314016047176
27211128262029652153025489130
27211128742012618204011399193
27211210376012120438010933183
27211599273027513794024621012
27211720609027117693024559314
27211793150015597089014187542
27211801099028411581026182693
27211803962023560185021641489
27211813933018354751016047613
27213062307010133780009073549
27213209715010630445009538458
27213302081023588575021668124
27213336032040509568036373564
27213336083015597526014187979
27213341087012327927012327927
27213391319012842722012329011
27213393036010133780009073549
27213393125012618204011399193
27213395306034208035031196299
27213396396011398091011398091
27213396434011624876010469377
27213397716012618204011399193
27213399212013611534012329011
27213400067013611534012329011
27213400571014603760013257725
27213400652025900498022698577
27213400962023561287021642591
27213401748023560185021641489
27213401934011624876010469377
27213404720026743228024621012
27213404739015375428013258827
27213405956016367656014187542
27213406022029873815026417845
27213406057024358215021667198
27213406154018355416016048278
27213407363026043833023629497
27213409129010630445009538458
27213410666013610464012327941
27213412898014339463012328565
27213413215010981985010468274
27213415064014108198012793919
27213416583013610431012327908
27213417792011912904011399193
27213418381014604862013258827
27213418500014603760013257725
27213418640017583747016047176
27213419019014604862013258827
27213419183029104350026418947
27213421153029182147026182693
27213422184010630445009538458
27213422567027513794024621012
27213422907018354314016047176
27213423717018354314016047176
27213423776013611534012329011
27213424608013611534012329011
27213427224015870992013722634
27213427593014604197013258162
27213428573010630445009538458
27213429901018354314016047176
27213430349026124364023629497
27213431027010630445009538458
27213431116014382100012329010
27213431345013610431012327908
27213431434016367656014187542
27213432678029182147026182693
27213433100027513794024621012
27213433712014380998012327908
27213433771024136604021768761
27213435227013610431012327908
27213435480013284500011301589
27213435545031762515028277479
27213438153026010081023213444
27213438315014604197013258162
27213438722014604702013258667
27213439303025683238024655816
27213439338018354314016047176
27213439478027513794024621012
27213439494013611534012329011
27213439540018354314016047176
27213440816013610431012327908
27213441596018355255016048117
27213442436026743228024621012
27213442746016367656014187542
27213442770018354314016047176
27213444781025430107024621012
27213445370025259138022510574
27213446032014603760013257725
27213446369012290067010370669
27213447195012618204011399193
27213447772021156617018979310
27213447977016368758014188644
27213448027027513794024621012
27213448086027513794024621012
27213448582018354314016047176
27213452695009911017008143732
27213452997010133780009073549
27213998817013611534012329011
27214183248013611534012329011
27214210733026743228024621012
27214403566016760047014554845
27214731288026123261023628394
27214843450014604862013258827
27214898026018354314016047176
27215199350013611534012329011
27215410191026124364023629497
27215478926012618204011399193
27215504730015374350013257749
27215558962019224684017583195
27215807261012513772011301428
27215807547040026624035921498
27215807598012394339010468274
27215837896024656919023629497
27215908580017583747016047176
27216090670010133780009073549
27216091413020597764018868551
27216091561009140451008143732
27216093467011127109010003366
27216094560033110450030168893
27216094943013610431012327908
27216294764010357827009073549
27216310182010407682008608641
27216314196012618204011399193
27216314676022151047019910229
27216314730033110594030169037
27216315303013611534012329011
27216315605012394339010468274
27216317373023560185021641489
27216317586011624876010469377
27216318833012842722012329011
27216320064011127109010003366
27216321834011624876010469377
27216324582010983088010469377
27216325325015374616013258015
27216326062011753655010469377
27216326518026124364023629497
27216326801014604862013258827
27216327751011623793010468294
27216329274027117693024559314
27216425044011624876010469377
27216426040011623773010468274
27216427683014380998012327908
27216429147013611388012328865
27216430153014276725012230303
27216450359022149944019909126
27216695912014604197013258162
27216708607018354314016047176
27216709751013610431012327908
27216780146027513794024621012
27216786438027513794024621012
27216786799027513794024621012
27216787264018354314016047176
27216787469026124364023629497
27216788007040751041036599597
27216788058026124364023629497
27216788074017087102015582287
27216790508027513794024621012
27216790745021782071019977065
27216807206013610431012327908
27216820970023560185021641489
27216852023026124364023629497
27216852724016368758014188644
27216852899027513794024621012
27216853828026123261023628394
27216854115020597764018868551
27216854425013611534012329011
27216854522034069893031066930
27216854654013612186012327908
27216854972024358191021667174
27216855227022250798019694524
27216855847017803259015582267
27216931144021821401020013939
27217010735018354314016047176
27217010808025131035022699680
27217011111023560185021641489
27217011383030868247027348765
27217011790014276725012230303
27217011952012395442010469377
27217120468010630445009538458
27217120794020596662018867449
27217232797016367656014187542
27217256408027513794024621012
27217256645027513794024621012
27217257781033110594030169037
27217257943015374326013257725
27217258982012617102011398091
27217267388020597764018868551
27217472747038480109034473935
27217474278018354314016047176
27217522396010526171009440852
27217522450021367884018868105
27217522930013568453012328121
27217523287010407682008608641
27217523821013611534012329011
27217524739018354314016047176
27217524976011623773010468274
27217657909017857649015582267
27217677926025678837021769862
27217688898015870992013722634
27217729535028881588025489131
27217733621042783849037781132
27217767437027513794024621012
27217822195014604862013258827
27217822497011897675010003366
27217836811015597089014187542
27217863657014604862013258827
27217894080010133780009073549
27217915223013611534012329011
27217915568011623773010468274
27217916971031638813027348765
27217917188011623773010468274
27217918265016368093014187979
27217940317012120438010933183
27217980599012394339010468274
27217991310038236231034966938
27218053896013611534012329011
27218057581026123899023629032
27218121093027513794024621012
27218180448023735801021805876
27218180537017360984015117359
27218248158023755613021103194
27218248417011624876010469377
27218263645017583747016047176
27218299380013387668011398091
27218299399026124364023629497
27218299402030867144027347662
27218422840020596662018867449
27218529858033110595030169038
27218550164023691077019909126
27218550539027513794024621012
27218551063011403060010933183
27218574683027513794024621012
27218705869013884334011863000
27218778335027513794024621012
27218799014014380998012327908
27218799499013610431012327908
27218943409018354314016047176
27218970058028109919025488028
27218971224027513794024621012
27218972271026516552025489130
27218972603015870992013722634
27218977532010630445009538458
27218977567013610431012327908
27219098370023561126021642430
27219100138013611534012329011
27219100251019996329017584274
27219100294012891004010933183
27219100839013610431012327908
27219101126013114869011864102
27219101134030645484026418947
27219101487025966177023172347
27219101754027513794024621012
27219101797013611534012329011
27219101851038234292033522468
27219101991014380998012327908
27219150887042783848037781132
27219164012033834851030846976
27219164195013387668011398091
27219164640026761937023917228
27219256626010630445009538458
27219275124015598191014188644
27219350304015374326013257725
27219350339026848781024307596
27219350355013610721012328198
27219350525010133780009073549
27219350797026124364023629497
27219350835020530717019503295
27219351149013611534012329011
27219351866018354314016047176
27219352919013611534012329011
27219365344012377813011864102
27219369064011624876010469377
27219375404010052169009538458
27219482839026124364023629497
27219491447016367656014187542
27219491641026286259023781041
27219491706013611534012329011
27219493121013114869011864102
27219493210011624876010469377
27219494594011127109010003366
27219680703026227534023726000
27219681017010630445009538458
27219683907013611534012329011
27219684199024137705021769862
27219684369013611534012329011
27219684792010517077010003366
27219685098025627700023164589
27219685705013611534012329011
27219687511011127109010003366
27219692140018354314016047176
27219695204027117693024559314
27219740102027513794024621012
27219793826012394339010468274
27219891674015597526014187979
27219894223017256712015019754
27219936082031637710027347662
27220041145021217960018870652
27220074655025424661023628427
27220107928010630445009538458
27220162961013034289012327936
27220230061026123261023628394
27220258403012891004010933183
27220277769027513794024621012
27220279796024400064023629497
27220320710039256058035921498
27220320753015870992013722634
27220320818027513794024621012
27220466456026124364023629497
27220628138013611534012329011
27220738030023561287021642591
27220745118025966177023172347
27220782455013387668011398091
27220892021014603760013257725
27220892110011624876010469377
27220892889016367656014187542
27220899638028109919025488028
27221047074025195610023172347
27221078123017331454016047176
27221179590027513794024621012
27221197025026124364023629497
27221197211026010081023213444
27221234591027513794024621012
27221270733015597176014187629
27221275859010630464009538477
27221423955014380998012327908
27221429171014604197013258162
27221511609013611534012329011
27221549592026124364023629497
27221565520011912904011399193
27221717789013611534012329011
27221780774015100425013722634
27221884030012618204011399193
27221908193011127109010003366
27221911550022690335020827256
27221979112027513794024621012
27221979252026010081023213444
27221979481015101527013723736
27221981052025131035022699680
27222026992023735801021805876
27222041959023561287021642591
27222069691011623773010468274
27222071327031860909028277916
27222086448018354314016047176
27222086529028182024025488199
27222087061025195610023172347
27222087444013884334011863000
27222087517027513794024621012
27222104292030867144027347662
27222105000012395442010469377
27222118862024908271021769862
27222187643027984650025488028
27222230433013611534012329011
27222352415022149964019909146
27222399810018354314016047176
27222399942011897675010003366
27222420925026124364023629497
27222424238023560185021641489
27222425684012841619012327908
27222427091024506368021805876
27222427512020597764018868551
27222428608011127109010003366
27222431633013611534012329011
27222433962013611534012329011
27222435310012512830011300486
27222437259013611534012329011
27222437666010630445009538458
27222438115015870992013722634
27222487574025134723024621012
27222487949016368758014188644
27222487965014382100012329010
27222506188026124364023629497
27222526170011624876010469377
27222615513013610431012327908
27222710095014108198012793919
27222742477016367656014187542
27222755854016367656014187542
27222818066014604862013258827
27222818902016367827014187713
27222890743027574162024677520
27222891723029652153025489130
27223011050026010081023213444
27223011085026893827023628394
27223011964012617102011398091
27223082225021980741020163103
27223082470010630445009538458
27223082845012327908012327908
27223128209027513794024621012
27223168308018354314016047176
27223169428024908271021769862
27223259389014380998012327908
27223259680015374326013257725
27223342510017857649015582267
27223403781016367656014187542
27223452626017360984015117359
27223473119026743228024621012
27223486172016367656014187542
27223486466026743228024621012
27223486598013611534012329011
27223486652023561287021642591
27223486709022638200020778454
27223489449016367675014187561
27223522349027513794024621012
27223522640013611534012329011
27223522675014382101012329011
27223576090026124364023629497
27223732769015101527013723736
27223837048027513794024621012
27223847841022750225020162020
27223972247027513794024621012
27223989972011624876010469377
27224000796020163289018049494
27224055566022232088020398308
27224059065020728374018990740
27224090418011623773010468274
27224151026015374350013257749
27224151085013284500011301589
27224151093026672168022699680
27224151336011623773010468274
27224151506013611534012329011
27224151549012395442010469377
27224151689027514451024621669
27224151743013610431012327908
27224190323013610431012327908
27224209679030867144027347662
27224221601013611534012329011
27224221857035595995032495483
27224258998007755734007070786
27224356973014603760013257725
27224391566014604862013258827
27224392473015597260014187713
27224392597023090154021805876
27224392651009637116008608641
27224394344014382100012329010
27224400603033110594030169037
27224402177011127109010003366
27224402258029182147026182693
27224402347014382101012329011
27224404633028536987024445195
27224405303013387668011398091
27224405400031617857028771744
27224405516021367228018867449
27224405656026124364023629497
27224414787039548671034752806
27224461033015597089014187542
27224470350014382100012329010
27224492559017583747016047176
27224519996011624876010469377
27224559106013610431012327908
27224600750023735979021393751
27224639002027513794024621012
27224639355014604862013258827
27224639452014604197013258162
27224781747022250798019694524
27224896161013611534012329011
27225062671013387668011398091
27225178041018355416016048278
27225301943027664832023628831
27225311922017583747016047176
27225317556014697304013258015
27225320557023754511021102092
27225439341013611534012329011
27225439422029182147026182693
27225468392024330752021641489
27225472225013611534012329011
27225504011025300984023271054
27225526228012617102011398091
27225576535013388770011399193
27225611624014380998012327908
27225689615018354314016047176
27225689852014107095012792816
27225816153017583747016047176
27225840321027665052023629051
27225841638016368758014188644
27225843479027513794024621012
27225886356040026624035921498
27225918568021980468020162830
27225984013027513794024621012
27226000513018354314016047176
27226088836013611534012329011
27226124646025195610023172347
27226129346012891004010933183
27226171431022151047019910229
27226171725013114869011864102
27226172322026123261023628394
27226172713013611534012329011
27226174376012842722012329011
27226174910013611534012329011
27226175135026124364023629497
27226175240013611534012329011
27226176530013611534012329011
27226179122026124364023629497
27226180171012512830011300486
27226180236010630445009538458
27226181585022328732019767546
27226181836022151047019910229
27226184762010133780009073549
27226185432018354314016047176
27226187249012618204011399193
27226527015011127109010003366
27226635284013610730012328207
27226636000015597089014187542
27226636779028181853025488028
27226687098013611533012329010
27226698081012283862010999584
27226698367013388770011399193
27226699797013388770011399193
27226699908014382101012329011
27226744148023560185021641489
27226744334011911826011398115
27226773628014382100012329010
27226774128017360984015117359
27226811279011623773010468274
27226811813011624876010469377
27226812135027513794024621012
27226813077013610431012327908
27226813840010630445009538458
27226813913026124364023629497
27226814731026894930023629497
27226860091013610431012327908
27226869374011519501010370669
27226869617009637116008608641
27226869781014604576013258541
27227029973016367656014187542
27227032869018354314016047176
27227032915026743228024621012
27227052290016367689014187575
27227053211015375428013258827
27227053815027513794024621012
27227134114014382101012329011
27227221408013610450012327927
27227221858011127109010003366
27227221904026123280023628413
27227222110026124364023629497
27227222242012841619012327908
27227222285014381655012328565
27227222943033109582030168025
27227223206012120438010933183
27227223834023561287021642591
27227225918040026624035921498
27227227341026124364023629497
27227290779025195790023172527
27227322220023560185021641489
27227448585012395442010469377
27227460577015597268014187721
27227542840015597089014187542
27227542859011127109010003366
27227633307014604674013258639
27227633587014604862013258827
27227644171026743228024621012
27227644856025966177023172347
27227709389014603760013257725
27227980058013610431012327908
27228004931013611534012329011
27228042418013611533012329010
27228060092024506368021805876
27228200692011127109010003366
27228216262013611534012329011
27228388071012395442010469377
27228388519018355416016048278
27228389213012394363010468298
27228389744012618204011399193
27228389892015375428013258827
27228396058017331454016047176
27228446187027513794024621012
27228446268023587625021667174
27228490003012395442010469377
27228619162012891004010933183
27228641842018354314016047176
27228769245010133780009073549
27228801580013610431012327908
27228815743027221965024656919
27228935595017857649015582267
27228949316013507073012231217
27228970641012617102011398091
27229098204030868246027348765
27229098654013611534012329011
27229098883017360984015117359
27229244480018176631016189860
27229401713026847968024306783
27229401748011623773010468274
27229401845020596662018867449
27229411174030787972027204979
27229560153030867143027347661
27229560285017360984015117359
27229720614022691438020828359
27229736545010630445009538458
27229736642015870992013722634
27229866872027513794024621012
27229872597013611534012329011
27229951411027513794024621012
27229990824027513794024621012
27229994609013610431012327908
27230034740013506159012230303
27230043855020950639019198793
27230043944016367656014187542
27230178157010133780009073549
27230178211009532844008511036
27230203801015597260014187713
27230206525023588062021667611
27230313771023735801021805876
27230350324013611534012329011
27230350960013611534012329011
27230410211010630445009538458
27230410742013610431012327908
27230411145028006749025391525
27230411706016367656014187542
27230412273012394339010468274
27230413970014603760013257725
27230414071011127109010003366
27230415361024634370022234771
27230418131011127109010003366
27230418573026123448023628581
27230419359011623773010468274
27230421663013114869011864102
27230422538011623793010468294
27230424166023560185021641489
27230424409012842722012329011
27230424611013611534012329011
27230424824010630445009538458
27230426738016367656014187542
27230427262026124364023629497
27230428072019655192018049494
27230483154015597089014187542
27230483197026124364023629497
27230483758030682748030169037
27230484576026124364023629497
27230486161023371027021052134
27230486579024358191021667174
27230486862016367946014187832
27230487559012618204011399193
27230488938010630445009538458
27230511697027513794024621012
27230555198018354314016047176
27230569601027513794024621012
27230570928025131035022699680
27230800044009140451008143732
27230815378027513794024621012
27230821351007960080007446369
27230822404020597764018868551
27230822676013388770011399193
27230822692027665498023629497
27230822838013388770011399193
27230853334027574162024677520
27230854187026124364023629497
27230854470013611534012329011
27230854748012394339010468274
27230968964025677736021768761
27231076226013611534012329011
27231172039015597089014187542
27231320186024506368021805876
27231501717022250798019694524
27231503914011623773010468274
27231510120011623773010468274
27231510341012618204011399193
27231510465013611534012329011
27231580315027513794024621012
27231613817025131035022699680
27231614368011127109010003366
27231614562028881113025488656
27231615542010630445009538458
27231616085026124364023629497
27231626986015374982013258381
27231638690023754511021102092
27231640288018354338016047200
27231640407018354314016047176
27231695058014603760013257725
27231770629015375428013258827
27231878012027513794024621012
27231878330014604702013258667
27231878357015374326013257725
27231883628015374326013257725
27231912660015374625013258024
27232015670013113767011863000
27232034217026123261023628394
27232034411038783092034036179
27232286550016367656014187542
27232544614026124364023629497
27232809863040026624035921498
27232821952013611533012329010
27232821987023735825021805900
27232840108028109919025488028
27232840205018354314016047176
27232840574013611088012328565
27232901344027513794024621012
27232901476018354314016047176
27232906176013611534012329011
27232930816013611534012329011
27232942113009532844008511036
27232942296010983051010469340
27232942342029182147026182693
27232980090024506392021805900
27232980589013611534012329011
27233021526014603760013257725
27233058403011897675010003366
27233058764015870992013722634
27233058926012120438010933183
27233058977014380998012327908
27233059108012394339010468274
27233059132012618204011399193
27233059337015870992013722634
27233108060023560185021641489
27233119429013611534012329011
27233207042016367656014187542
27233216122027513794024621012
27233253842014280187014280187
27233333706027665498023629497
27233337019018355416016048278
27233340478025905290024621012
27233351747018354314016047176
27233351925041790543036851339
27233352093011623773010468274
27233352131027513794024621012
27233353308025041255023346956
27233353367013611534012329011
27233387237010630445009538458
27233399529013610431012327908
27233453299016590456015117397
27233454392013611534012329011
27233500106012617102011398091
27233504632013884334011863000
27233577095020597091018867878
27233577745022150028019909210
27233578296016367675014187561
27233578725013611533012329010
27233578865011897675010003366
27233668740013611534012329011
27233677944028109919025488028
27233738684027513794024621012
27233739125015375428013258827
27233739184013611534012329011
27233739788023092509021769703
27233890923017858415015583033
27233917228011624876010469377
27234054541010630445009538458
27234054622028411581026182693
27234100071008539515007581219
27234101612009637116008608641
27234104336011911802011398091
27234104530022149946019909127
27234104964013611534012329011
27234105537011623773010468274
27234106371013610431012327908
27234109478018354314016047176
27234110484011624876010469377
27234111162026124364023629497
27234111278010526171009440852
27234111456022750206020162001
27234112673028880776025488318
27234115338011623857010468358
27234115729011127109010003366
27234116261011127109010003366
27234119783011623793010468294
27234179190013772538013258827
27234179433013611534012329011
27234197482013611534012329011
27234197881023143275020838944
27234282390019105028017471258
27234282870012395442010469377
27234320950011127109010003366
27234321140015374326013257725
27234321744013884334011863000
27234509999022250798019694524
27234652597031289542028155344
27234652929011127109010003366
27234673691016367656014187542
27234721408026893827023628394
27234800057013611534012329011
27234800448011624876010469377
27234800472013610431012327908
27234984301015374354013257753
27234984433009637116008608641
27234985502010630445009538458
27234985995023561287021642591
27234986428010133780009073549
27234987688013611534012329011
27235099468013722634013722634
27235235345011127109010003366
27235250174012376711011863000
27235420274014188644014188644
27235440445013610431012327908
27235447210027513794024621012
27235516166023587625021667174
27235556478014381017012327927
27235577661015597260014187713
27235578811024685509020840046
27235578935004027831003839470
27235703187012617102011398091
27235708197018354314016047176
27235773134026123261023628394
27235773584014604702013258667
27235800859014108198012793919
27235878866014604197013258162
27235879552016367656014187542
27236150297023143274020838943
27236176474011127109010003366
27236257806010630445009538458
27236258098024137705021769862
27236258349012617102011398091
27236259647013610431012327908
27236301007012618204011399193
27236305088012617121011398110
27236305452015374359013257758
27236329963014604862013258827
27236360666016367680014187566
27236470100011623773010468274
27236470291024331854021642591
27236516100016367680014187566
27236557478026743228024621012
27236770554015597089014187542
27236875364022567438020231352
27236875488010630445009538458
27236875763026124364023629497
27236877960011127109010003366
27236878223026124364023629497
27236878673011623773010468274
27236878908011623793010468294
27236878916018354314016047176
27236879025013611534012329011
27236879378011623773010468274
27236930381012842722012329011
27236930667011127109010003366
27236947527024506368021805876
27237118133010630445009538458
27237281042022697749018979310
27237336335018354314016047176
27237336394014604050013258015
27237336408012512830011300486
27237336742026893848023628414
27237402133012120438010933183
27237402583018354314016047176
27237403105028111021025489130
27237403989023754511021102092
27237405426011623773010468274
27237405779016367675014187561
27237405973011127109010003366
27237514152014604862013258827
27237530050022920510019909126
27237742392023691077019909126
27237751197010630445009538458
27237788856012617102011398091
27237789348013610431012327908
27237793329013610431012327908
27237856789013611534012329011
27237860735014604862013258827
27238007580013387668011398091
27238007793027513794024621012
27238007939013610431012327908
27238008781017281814014974676
27238009060014604050013258015
27238026488011414132010258282
27238080032013611534012329011
27238081918026124364023629497
27238082086015374350013257749
27238084372012682369011398091
27238085972013611534012329011
27238087495029652154025489130
27238092138014380998012327908
27238110438018355416016048278
27238110675013114869011864102
27238251937023560185021641489
27238379178012618204011399193
27238379356011623773010468274
27238379437021480231019694524
27238379526017857669015582287
27238383752015597089014187542
27238410040035096150032027569
27238410989013114869011864102
27238518399018354314016047176
27238518607010133780009073549
27238519697015100425013722634
27238591282014604702013258667
27238602071014877661012792816
27238619241011401011009538458
27238663135020597764018868551
27238689681013611534012329011
27238851748015100425013722634
27238858521013611534012329011
27238860011013611534012329011
27238862634025966177023172347
27238864882010630445009538458
27238868381020747084018286956
27238869213026644621024116420
27238898582025967092023173262
27238959301013611534012329011
27238990004030972517027446369
27239168952024506387021805895
27239200562025131035022699680
27239232448015270054013160120
27239232510013610431012327908
27239248107027513794024621012
27239272385012617102011398091
27239347687025131035022699680
27239398869017360984015117359
27239579707009646337009538458
27239627744014380998012327908
27239655632012617102011398091
27239738775026743228024621012
27239762285010833009010468274
27239764032011127109010003366
27239765764012618204011399193
27239768097011127109010003366
27239817527012120438010933183
27239818647013009494011765394
27239820609013611093012328570
27239864371017583747016047176
27239945517013010597011766497
27240033203018355416016048278
27240035192015598047014188500
27240050159035097252032028671
27240051716022149944019909126
27240052402024330752021641489
27240052682013611534012329011
27240052747014382101012329011
27240054316011623793010468294
27240055347023561287021642591
27240092560021498940018990739
27240100822013387668011398091
27240100938012120438010933183
27240138811021156617018979310
27240139168013113767011863000
27240142460022920510019909126
27240348573013610431012327908
27240357106012512830011300486
27240357262013884334011863000
27240445072026761937023917228
27240448535026743228024621012
27240522174011623793010468294
27240527486013611534012329011
27240608079019520420018492998
27240608362009637116008608641
27240608591027513794024621012
27240609288027513794024621012
27240609970014877661012792816
27240630589023090154021805876
27240632336014380998012327908
27240634371010133780009073549
27240681426022477683019909127
27240682880021927183018979310
27240684506014382101012329011
27240728376027888072024559126
27240738649014604862013258827
27240745343011127109010003366
27240745696025966201023172371
27240748725016367656014187542
27240749438015375019013258418
27240750517011401011009538458
27240751637015598191014188644
27240855564010630445009538458
27240973060011623773010468274
27241016248010133780009073549
27241017112009140451008143732
27241019344016367656014187542
27241023821029182147026182693
27241058633026124364023629497
27241058919027513794024621012
27241160233014604702013258667
27241160462015597089014187542
27241190515027513794024621012
27241190760013611533012329010
27241230207025425731023629497
27241330015027513794024621012
27241330066016367656014187542
27241331909012120438010933183
27241350911026894929023629496
27241413956012394339010468274
27241456795011271169010138215
27241468718027664393023628394
27241470887013611534012329011
27241476176011623773010468274
27241476451020596662018867449
27241476850011127109010003366
27241528117011623773010468274
27241646489012120438010933183
27241682396025011441021866365
27241754389026070449023269952
27241813423027513794024621012
27241813563014382100012329010
27241898283025239514023213444
27241899506016591520015118461
27241916389010904346009073549
27241930098024136623021768780
27241930241011623773010468274
27241930438017361023015117398
27241930896012394339010468274
27241945915011127109010003366
27241977507025822523023346955
27241977515013806358012511378
27242003514010630445009538458
27242018872015870991013722633
27242035645014380998012327908
27242213012018354314016047176
27242213063024136603021768760
27242213705017360984015117359
27242385018019535337017152757
27242386375012512830011300486
27242404535011898777010004468
27242404691015870992013722634
27242404861023002654020398308
27242446157013885436011864102
27242513784010630445009538458
27242553042009587260009073549
27242607177014877661012792816
27242609080017857649015582267
27242620580010983088010469377
27242686980024506368021805876
27242687723026743228024621012
27242777862011623773010468274
27242778346011624876010469377
27242778923010630445009538458
27242779105011623793010468294
27242779830026124364023629497
27242798053021142221018656828
27242798355011623773010468274
27242798827013610455012327932
27242798975013611534012329011
27242855049015598191014188644
27243178040026743228024621012
27243199226023588567021668116
27243461710011623793010468294
27243464299011624876010469377
27243465635011623773010468274
27243467042011127109010003366
27243468103022149972019909154
27243468944010133780009073549
27243499114010904346009073549
27243518275014604059013258024
27243520881028411581026182693
27243605666011623773010468274
27243610902016367656014187542
27243630776010630445009538458
27243760211011401011009538458
27243761722013611534012329011
27243762990011127109010003366
27243765140013611534012329011
27243766155020596662018867449
27243767054010630445009538458
27243774476024167014022140944
27243845756013611534012329011
27243845977018355255016048117
27243987437009140451008143732
27243988492011401011009538458
27243988956013611534012329011
27244019930011402113009539560
27244054191012395442010469377
27244077655013611534012329011
27244147025027513794024621012
27244147041016367689014187575
27244147440026010081023213444
27244148579013611534012329011
27244238039014604862013258827
27244241005015374326013257725
27244292246026453153024656919
27244292904011911802011398091
27244293137017857649015582267
27244293862013884334011863000
27244296047026124364023629497
27244296284014603760013257725
27244297132014604862013258827
27244298449015870992013722634
27244299038028111021025489130
27244299690013884334011863000
27244299992013387668011398091
27244321068013610431012327908
27244321939027513794024621012
27244335328018354314016047176
27244385767013611533012329010
27244385783006299923005015645
27244512300026123261023628394
27244575647040026624035921498
27244596423005329117004815406
27244743779014604862013258827
27244745852011624876010469377
27244940264013611534012329011
27244941589012618204011399193
27245138070026285368024559313
27245138488010133780009073549
27245139034024136603021768760
27245139247027513794024621012
27245139522010517077010003366
27245139980011127109010003366
27245166651011623773010468274
27245193454010630445009538458
27245194019011623773010468274
27245194892025131035022699680
27245195961013885436011864102
27245196879011623773010468274
27245197573013388770011399193
27245232948010630445009538458
27245459144013611534012329011
27245476081018354314016047176
27245584062010904346009073549
27245599388014604702013258667
27245703037026671066022698578
27245703320008147121007213915
27245703770013610431012327908
27245704572010133780009073549
27245704602015870992013722634
27245705978013114869011864102
27245785939010630445009538458
27245786625013611534012329011
27245788229026124364023629497
27245788571010630445009538458
27245788636011623773010468274
27245789624011127109010003366
27245807770026124364023629497
27245819221014603760013257725
27245857271012618204011399193
27246026233013884334011863000
27246026829024137393021769550
27246057570011127109010003366
27246074114011623773010468274
27246077504013610431012327908
27246226372012891004010933183
27246264738012891004010933183
27246273702011127109010003366
27246319826011897675010003366
27246403754011127109010003366
27246616707014877661012792816
27246663144017583747016047176
27246720113026743228024621012
27246855418012394339010468274
27246855582012120438010933183
27246891686018354314016047176
27246963733011519520010370688
27246963776013387668011398091
27247008654012394339010468274
27247008905025966177023172347
27247009480013387668011398091
27247126312015101339013723548
27247126371022920512019909127
27247126614031638000027347952
27247244110023560185021641489
27247244293013114869011864102
27247260507018354314016047176
27247285070011912904011399193
27247285844011127109010003366
27247286018011624876010469377
27247289394015374990013258389
27247289696025677736021768761
27247296609013507002012231146
27247319021018354314016047176
27247328225012618204011399193
27247328268013388770011399193
27247328306013388770011399193
27247328527012395442010469377
27247328969010367960009083682
27247329116013885436011864102
27247329213015374326013257725
27247329302013388770011399193
27247329523012394359010468294
27247329868011127109010003366
27247329906012395442010469377
27247329922011897675010003366
27247329930024827999021626078
27247330009012394339010468274
27247375274009637116008608641
27247384192015597173014187626
27247468159011127109010003366
27247468507023735801021805876
27247469600025900499022698578
27247480868020372756018657930
27247480906010029508008975944
27247481007017362086015118461
27247636752013610431012327908
27247666090009954563009440852
27247666244015870992013722634
27247667593015374326013257725
27247668719011623773010468274
27247669618013114869011864102
27247752248012618204011399193
27247767091013611534012329011
27247873754014604862013258827
27247897157024507470021806978
27247897254011127109010003366
27247897742012617102011398091
27247940206025047150023629497
27247940303013611534012329011
27248074723010630445009538458
27248329322018354314016047176
27248390714029182147026182693
27248400965022920512019909127
27248407854009637116008608641
27248454607012618017011399006
27248580742024507470021806978
27248834841024202281022242530
27248927823011897675010003366
27248943578013387668011398091
27249129637013611534012329011
27249186967010630445009538458
27249432135012618204011399193
27249444397015492817014089937
27249444478014382100012329010
27249500777011623773010468274
27249505760011127109010003366
27249506775012618204011399193
27249507542014382064012328974
27249508638011127109010003366
27249508700013611534012329011
27249509022011624876010469377
27249509308022743752020465037
27249528485011287644010003366
27249540000029182147026182693
27249569289015870992013722634
27249569556011623773010468274
27249569823017360984015117359
27249670079010630445009538458
27249670605012617102011398091
27249671091010517077010003366
27249674201012618204011399193
27250022765020597764018868551
27250022862024507470021806978
27250278336011623773010468274
27250279359013611533012329010
27250424855024506368021805876
27250503461023736903021806978
27250603083017361022015117397
27250637115015375428013258827
27250959945026123261023628394
27251101898025901563022699642
27251101901017583923016047352
27251133978013388770011399193
27251140478011623773010468274
27251141830011623793010468294
27251143930011127109010003366
27251159667017360984015117359
27251248937014380998012327908
27251460553027040018024898854
27251597532012617102011398091
27251599489022319587021805876
27251683447024908271021769862
27251686063017360984015117359
27251688139011623773010468274
27251688635012618204011399193
27251688805013611534012329011
27251689232013387668011398091
27251698363029182147026182693
27251754018023754511021102092
27251754948015597089014187542
27251834410016367656014187542
27251847709018354314016047176
27251866886011127109010003366
27252009332011623773010468274
27252009537027117693024559314
27252009634037019198033106362
27252079063024506368021805876
27252080207014604862013258827
27252176107015100443013722652
27252176123014382101012329011
27252177316010630445009538458
27252177324016368758014188644
27252177863013387668011398091
27252328772016367675014187561
27252437741026743228024621012
27252457157013147278011863000
27252457173014877661012792816
27252615658027888258024559313
27252706653009532844008511036
27252707013024137705021769862
27252708508013613288012329010
27252760046026894930023629496
27252760178014380998012327908
27252760240010630445009538458
27252760593013611534012329011
27252816483011623773010468274
27252816858010630445009538458
27252816874012618204011399193
27252817013011864102011864102
27252817498027513794024621012
27252909341011401011009538458
27253011624011624876010469377
27253012442011623773010468274
27253012604013611534012329011
27253014062014877661012792816
27253014194011127109010003366
27253014518011624876010469377
27253018963023754511021102092
27253018971024908205021769796
27253111556009140451008143732
27253332137013885436011864102
27253334555012016166010835578
27253336671011624876010469377
27253337066013610431012327908
27253338364012120438010933183
27253338984018354314016047176
27253341284013506159012230303
27253372090013610431012327908
27253480683011127109010003366
27253577237015870992013722634
27253577385015374326013257725
27253577547012891004010933183
27253577601015374326013257725
27253735258012618204011399193
27253746861012618204011399193
27253754449016367656014187542
27253801269030097679027348764
27253828124011623773010468274
27253828612013114869011864102
27253885241033633099029936766
27253967043013611534012329011
27254080115013674933013161222
27254080395025678838021769862
27254080778013611533012329010
27254082266011623773010468274
27254327404013610450012327927
27254329687013884334011863000
27254378068010630445009538458
27254378696010526171009440852
27254382596009587260009073549
27254449720013610431012327908
27254466021024137705021769862
27254466080023002654020398308
27254511485016368010014187896
27254518080009911017008143732
27254597053017087082015582267
27254634218014380998012327908
27254634390017362086015118461
27254700954010133780009073549
27254701691013114869011864102
27254702930011623773010468274
27254706049010630445009538458
27254706510014380998012327908
27254707118011401011009538458
27254941226021509259019910229
27254979630013611533012329010
27254979843011127109010003366
27254997612011623773010468274
27254999844017088184015583369
27254999968011897675010003366
27255012369010630445009538458
27255013756011624876010469377
27255016321011520603010371771
27255016585011623773010468274
27255017662011401011009538458
27255088381011127109010003366
27255097879009637116008608641
27255171386010133780009073549
27255172226010133780009073549
27255172781021156636018979329
27255173117014381612012328522
27255174121013113767011863000
27255174482011624876010469377
27255174857019995227017583172
27255357293016367680014187566
27255418268013113767011863000
27255426503011127109010003366
27255777101021342687018572894
27255823022027513794024621012
27255842027010630445009538458
27255842353022149944019909126
27255842493011623773010468274
27255843007030867143027347661
27255960496011624876010469377
27255960933013611534012329011
27255961948024137705021769862
27255962464013611534012329011
27255965331011623773010468274
27255967407009428010008143732
27256179178011401011009538458
27256289968021927183018979310
27256420657023143275020838944
27256442103010904346009073549
27256457615012617102011398091
27256524274007250255005965977
27256538828025131035022699680
27256644350012618204011399193
27256656510013884334011863000
27256658629010630445009538458
27256680888013388770011399193
27256681159012329011012329011
27256681299025164546022699680
27256681620012395105010469040
27256681892030868246027348764
27256933085022151047019910229
27256933611011623773010468274
27256935622016367675014187561
27257000791015870992013722634
27257090081020597764018868551
27257091150011623773010468274
27257091576023143274020838943
27257119608011623773010468274
27257120592016368707014188593
27257300647011897675010003366
27257301597010133780009073549
27257301945013610431012327908
27257365846011623773010468274
27257366281013611534012329011
27257366370011623773010468274
27257367725011624876010469377
27257488069016368758014188644
27257488174012394339010468274
27257488557026011183023214546
27257771186027513794024621012
27257771801019224661017583172
27257801530011127109010003366
27257801840015870992013722634
27257818131023588385021667934
27258185035026123506023628639
27258187631011623773010468274
27258188492011623793010468294
27258189804011624876010469377
27258206105012891004010933183
27258377112013610431012327908
27258450626014604862013258827
27258497843014380998012327908
27258559075015100425013722634
27258559318025195647023172384
27258597961031289542028155344
27258609110012394339010468274
27258609447017360984015117359
27258609579011624876010469377
27258654310012618204011399193
27258739154009140451008143732
27258799017028411581026182693
27258799114012617102011398091
27258799238013113767011863000
27258799343026743228024621012
27258803804013884334011863000
27258804126013387668011398091
27258807958024506368021805876
27258807966023692180019910229
27258878170010052169009538458
27258878774024506368021805876
27258926728023002654020398308
27259025872024136627021768784
27259025937015118461015118461
27259026275011520416010371584
27259026798014382100012329010
27259154036010468294010468294
27259162012010517077010003366
27259260065013388590011399013
27259260529019850293018168802
27259260626014382100012329010
27259369962011435764011399193
27259462555026743248024621032
27259463306011623773010468274
27259463861010133780009073549
27259466496011127109010003366
27259468685026123261023628394
27259531352029652154025489130
27259552244015374326013257725
27259634305013114019011863252
27259646567015374326013257725
27259646672024506368021805876
27259646710012618204011399193
27259866117013610431012327908
27259867245012617121011398110
27259870475011624876010469377
27259924397012394359010468294
27259924869025235270022797248
27260036071022149944019909126
27260037892029182147026182693
27260117144012617102011398091
27260119120018354314016047176
27260124779013387668011398091
27260167842018354314016047176
27260204012014603760013257725
27260262268012394339010468274
27260262276028881587025489130
27260262462014382100012329010
27260262586014877661012792816
27260270201012617102011398091
27260316759011624876010469377
27260392234010526171009440852
27260401217015871913013723555
27260402760027513794024621012
27260402833007630021007116310
27260403007017612289016073963
27260403074011127109010003366
27260403953012017268010836680
27260404011011624876010469377
27260404658012394359010468294
27260530130013387668011398091
27260530866012394339010468274
27260723591011519501010370669
27260724148025196047023172784
27260724369009036179008046127
27260724636013387668011398091
27260785341009911017008143732
27260785406023692180019910229
27260785627011401011009538458
27260785716024506368021805876
27260786496014381349012328259
27260786712012395442010469377
27260786828010630445009538458
27260786887012394339010468274
27260894760015374326013257725
27260948852013610431012327908
27260950601010407682008608641
27260950652010407682008608641
27260950865023754511021102092
27260976058011127109010003366
27260976554021498941018990740
27260976589015374326013257725
27260990417011624876010469377
27260991391013611534012329011
27260992126015375428013258827
27260993009012394339010468274
27260993114012842721012329010
27260993653026011183023214546
27260993963026893827023628394
27260994129011624211010468712
27261089500017583747016047176
27261090282014380998012327908
27261137084010193440009538458
27261255540027888259024559313
27261255648010904346009073549
27261377913012842721012329010
27261419268009532844008511036
27261551514018354314016047176
27261557075013611534012329011
27261557806013114869011864102
27261558144011401011009538458
27261558616011624876010469377
27261559167014381992012328902
27261589759010630445009538458
27261591087010630445009538458
27261612262012618204011399193
27261617051010133780009073549
27261714820021498940018990739
27261715290024506368021805876
27261715371017362086015118461
27261767347011623773010468274
27261767525026894931023629497
27261768564015374326013257725
27261895132013610431012327908
27261895264010407682008608641
27261895949011401011009538458
27261896139015374326013257725
27261896171012930323011622711
27261896244027665495023629496
27261896724011127128010003385
27261896813014380998012327908
27261897003024907463021769054
27261920242012394359010468294
27262140305011623773010468274
27262206373013611534012329011
27262206497012617102011398091
27262207191010630445009538458
27262207329010725130009440852
27262207396022462584020614067
27262316365011127109010003366
27262316462011624876010469377
27262317515011623773010468274
27262526122011127109010003366
27262527056012891004010933183
27262527498022151047019910229
27262527633024137705021769862
27262622741012618204011399193
27262622970010407682008608641
27262648414015597863014188316
27262765143023587625021667174
27262917563023691097019909146
27263044415011624876010469377
27263046175011623793010468294
27263046752011127109010003366
27263089354008147121007213915
27263290092017362086015118461
27263290106013610431012327908
27263306525017361003015117378
27263363855012617102011398091
27263423394015870992013722634
27263469122014603760013257725
27263517593029874916026418947
27263518018013610450012327927
27263518069013610431012327908
27263518158015374326013257725
27263545678027220862024655816
27263545759024506368021805876
27263579335011127109010003366
27263579696009637116008608641
27263579793010630445009538458
27263681571011127109010003366
27263681806010133780009073549
27263683116037137793032496148
27263684333012618204011399193
27263684414012617102011398091
27263685895012617102011398091
27263686859011624876010469377
27263687898009140451008143732
27263689149011623793010468294
27263689505010630445009538458
27263698466010630445009538458
27263708658022151047019910229
27263754714014382100012329010
27263754935014108198012793919
27263785210011401011009538458
27263820571015471844014187566
27263840394013610431012327908
27263857424012395442010469377
27263893358027887155024558210
27263948365027665496023629497
27263948683015374326013257725
27263950246012394339010468274
27263967033022920512019909127
27263967041012618204011399193
27263967394010630445009538458
27263967424011623773010468274
27263967718010630445009538458
27263967971012394339010468274
27263968129010630445009538458
27263968293010630445009538458
27263968625013387668011398091
27263968943010630445009538458
27263998672016367656014187542
27264109227012394363010468298
27264109553028881587025489130
27264110349014603760013257725
27264141465015597526014187979
27264142348024137705021769862
27264142879012376711011863000
27264239422012120438010933183
27264283855012394339010468274
27264386441011127109010003366
27264388711009140451008143732
27264388746011127109010003366
27264390457011401011009538458
27264391895012120438010933183
27264392700010630445009538458
27264392727014107095012792816
27264431161022149944019909126
27264487183011897675010003366
27264487477013114869011864102
27264489151011897675010003366
27264590200012120438010933183
27264590294011623773010468274
27264590847010133780009073549
27264591592010133780009073549
27264591622010630445009538458
27264592858010526171009440852
27264593145013610431012327908
27264594370016590418015117359
27264594737023587625021667174
27264595857015870992013722634
27264595903011897675010003366
27264597221013611534012329011
27265178125011624876010469377
27265299348024410505021303852
27265300265011623773010468274
27265300354011623773010468274
27265357127011623773010468274
27265357429024507470021806978
27265357631010822736009538458
27265373734011623773010468274
27265462621022151047019910229
27265517949012618204011399193
27265528339027513794024621012
27265589710013312388012815801
27265700743020646948019007564
27265702851011544602010325591
27265705214010630445009538458
27265705753009637116008608641
27265858258014877661012792816
27265858878019585013018049494
27265859114009140451008143732
27265860953013114869011864102
27265864053011897675010003366
27265864592024795613022385663
27265865106035629283032938967
27265865505011623773010468274
27265963426011127109010003366
27265963647011401011009538458
27265980126013874178013360467
27266294080016367656014187542
27266294137013611533012329010
27266294374015374326013257725
27266294617014382100012329010
27266294684012394339010468274
27266294854011401011009538458
27266294986013885436011864102
27266353834025131035022699680
27266355896011897675010003366
27266361098012618017011399006
27266361659015870992013722634
27266399036012120438010933183
27266407047010630445009538458
27266407314009140451008143732
27266407500010526171009440852
27266408175011623773010468274
27266467996020401630017963608
27266472213010904346009073549
27266472221012394339010468274
27266570061011127109010003366
27266570207010133780009073549
27266951081010981985010468274
27266951324013884334011863000
27266952606011624876010469377
27267070879019995250017583195
27267074246011127109010003366
27267124936011623773010468274
27267183681016367656014187542
27267204522011127109010003366
27267293282013612186012327908
27267293487024137705021769862
27267296850026123261023628394
27267296966015597089014187542
27267412079010630445009538458
27267430778016368758014188644
27267437195010630445009538458
27267594738014380998012327908
27267630769010133780009073549
27267635701016367656014187542
27267678095014380998012327908
27267678176012395442010469377
27267678613010739026010469377
27267678672010407682008608641
27267744322012617102011398091
27267745280009637116008608641
27267748662026761937023917228
27267810260024908271021769862
27267814177022250798019694524
27267898311024802898021671156
27267898419012618204011399193
27267898974023691077019909126
27267899083010904346009073549
27267976304014380998012327908
27267991885024506368021805876
27268071895012395442010469377
27268072115025129933022698578
27268084652012120438010933183
27268132703013237247011978585
27268274591010982005010468294
27268349419010630445009538458
27268373905015100425013722634
27268402921014380998012327908
27268458676012120438010933183
27268522501026743228024621012
27268522609025299882023269952
27268559057009637116008608641
27268559103011897675010003366
27268559960008657443008143732
27268597617014629805014629805
27268680360011624876010469377
27268707706023143274020838943
27268762219012618204011399193
27268762766011623797010468298
27268769221024684406020838943
27268831822015870992013722634
27268832012014380998012327908
27268903920012891004010933183
27268905001011623773010468274
27268905788011623773010468274
27269090745023913840020838943
27269104568009637116008608641
27269104967015872094013723736
27269315569012618204011399193
27269391486041125980036948920
27269449514012394359010468294
27269549527010133780009073549
27269551181014380998012327908
27269553702012394367010468302
27269554296010517077010003366
27269554695011401011009538458
27269555934011127109010003366
27269557341015374326013257725
27269571786012120438010933183
27269756018025901601022699680
27269756891018947196016189859
27269806856012618204011399193
27269810918014543105013258827
27269931022023002654020398308
27270015196016368758014188644
27270051125023754511021102092
27270070928014877661012792816
27270102706013610431012327908
27270103613011624876010469377
27270103834013387668011398091
27270213990010407682008608641
27270223880011401011009538458
27270302837011127109010003366
27270303701012617139011398128
27270304309012617102011398091
27270305097012395442010469377
27270306034011519501010370669
27270306182009106941008608641
27270306247013114869011864102
27270306972014236345013722634
27270309009010630445009538458
27270309971024795163022385213
27270376032015375240013258639
27270376156010630445009538458
27270376806010630445009538458
27270377101011623773010468274
27270379562023913842020838944
27270405644011623793010468294
27270475383011401011009538458
27270479826010630445009538458
27270479982021498940018990739
27270573814016367656014187542
27270604698013611534012329011
27270640988029104350026418947
27270821001012891004010933183
27271100316014603760013257725
27271189856009140451008143732
27271228029013611534012329011
27271228312014604710013258675
27271228703017858263015582881
27271229386013387687011398110
27271229726024358191021667174
27271411206009532844008511036
27271691268022278723019909126
27271691519026010081023213444
27271769453028881588025489130
27271907120012617121011398110
27271907201011897675010003366
27271907864013611346012328823
27271909883009140451008143732
27271949834013387668011398091
27271984192010630445009538458
27271984834010630445009538458
27272216563014604862013258827
27272216571013388770011399193
27272217063011863000011863000
27272228154011127109010003366
27272228782010133780009073549
27272229991010133780009073549
27272252721027513794024621012
27272254279016367656014187542
27272289579020747084018286956
27272319281012682369011398091
27272420489011127109010003366
27272566564011623773010468274
27272672232016368758014188644
27272672569011127109010003366
27272713664020066965019694524
27272839900011401011009538458
27272931548012394339010468274
27272932048014604197013258162
27272932366024506368021805876
27272932374016367656014187542
27272932668012683471011399193
27273239346010630445009538458
27273358523014877661012792816
27273358973021946213019409414
27273358981017857649015582267
27273359139012394339010468274
27273482127011623793010468294
27273540844010133780009073549
27273694914013611533012329010
27273790026017360984015117359
27273901138022151047019910229
27273901286024908271021769862
27273901294011127109010003366
27273901707010982005010468294
27273903181010630445009538458
27273904455011623773010468274
27273906067009140451008143732
27273907209009637116008608641
27273907950011127109010003366
27273910501019169959017119676
27273911656009140451008143732
27273914914011127109010003366
27273915163012617102011398091
27273915805010630445009538458
27273920035012891004010933183
27273920183012618204011399193
27273921813024137705021769862
27273922534009000507008012736
27273924391011897675010003366
27273924693012618204011399193
27273927072010904346009073549
27273927471026010081023213444
27273928524010053271009539560
27273929717024796265022386315
27273929792011127109010003366
27273933196010630445009538458
27273933471010630445009538458
27273967570026011183023214546
27273967902021498941018990740
27274150241016367656014187542
27274152538022151047019910229
27274152880029137860026418947
27274228682012395442010469377
27274229042010822736009538458
27274286577011398110011398110
27274287123010630445009538458
27274287654013884334011863000
27274288324011623773010468274
27274333974015374326013257725
27274480519011623773010468274
27274483836027513794024621012
27274484859010630445009538458
27274552102013885436011864102
27274573118011127109010003366
27274756131011127109010003366
27274759939022149944019909126
27274855512017857649015582267
27274855652011623773010468274
27274855741012120438010933183
27274856721021156617018979310
27274858007014500590013161222
27274906354024137705021769862
27274909809012618204011399193
27274909949010904346009073549
27274909965022656910020074670
27274956742013780061011765394
27275027028013611533012329010
27275027249022062732021805876
27275071477015374326013257725
27275229445012394339010468274
27275229682021704440018049513
27275320361021498940018990739
27275419279017183300015260042
27275419384012617102011398091
27275474083010029508008975944
27275575521013387668011398091
27275575564014380998012327908
27275575599012891004010933183
27275597304023913840020838943
27275597649009122352008608641
27275620470012617102011398091
27275625847015597089014187542
27275665644010052169009538458
27275703651012891004010933183
27275704054027513794024621012
27275796021010517077010003366
27275816898011911802011398091
27275817800011624876010469377
27275828829014603760013257725
27275852398013611534012329011
27275984650016367656014187542
27276067465019995227017583172
27276067619010904346009073549
27276080232021821589020014127
27276085129025195610023172347
27276085137011897675010003366
27276085358013610431012327908
27276085927011127109010003366
27276087385012841619012327908
27276087466011127109010003366
27276088705026761937023917228
27276099499016368758014188644
27276101639010133780009073549
27276102775010052169009538458
27276114781022250798019694524
27276141355011623773010468274
27276146543024506368021805876
27276158010011127109010003366
27276192847010630445009538458
27276457956021704421018049494
27276737681011401011009538458
27276769451012618204011399193
27276791031014187542014187542
27276837406026010081023213444
27276864551012617121011398110
27276864977012327908012327908
27277211241009024747008511036
27277229043011624876010469377
27277415637026893827023628394
27277456163014603760013257725
27277491597010133780009073549
27277491724016367656014187542
27277627960012120438010933183
27277667903011401011009538458
27277715487010630445009538458
27277725539026123514023628647
27277725881021498941018990740
27277726519014380998012327908
27277726756009428010008143732
27278404256009806745008046127
27278404817010630445009538458
27278404957011897675010003366
27278525258010407682008608641
27278528222020163289018049494
27278529547015870992013722634
27278658711015374326013257725
27278659408012120438010933183
27278683147028111021025489130
27278683457010630445009538458
27278683635009166020007446369
27278683899014603760013257725
27278692375010133780009073549
27278736372017360984015117359
27278899263011623773010468274
27279039357013611533012329010
27279057290014380998012327908
27279057339012394339010468274
27279057665013610431012327908
27279057673012618204011399193
27279057924023002654020398308
27279061468010904346009073549
27279064394016367656014187542
27279066028010630445009538458
27279066222011401011009538458
27279067156027117355024558976
27279067512010133780009073549
27279068225026010518023213881
27279068470012891004010933183
27279069582023002654020398308
27279069655015374326013257725
27279069663010630445009538458
27279069671012120438010933183
27279075272026123261023628394
27279076473013610431012327908
27279076783011623773010468274
27279078255010407682008608641
27279079022016367656014187542
27279086053012394339010468274
27279087556022151047019910229
27279090433023736566021806641
27279135100017360984015117359
27279175757011022837009905761
27279176419013387668011398091
27279180017013387668011398091
27279180262015374326013257725
27279258784011401011009538458
27279259551011897675010003366
27279364630010133780009073549
27279368253010052730009539019
27279372056011623773010468274
27279447439010133780009073549
27279627941014877661012792816
27279702501011897675010003366
27279746347014107095012792816
27280154127013884334011863000
27280180489015270054013160120
27280485921012617102011398091
27280487088014877661012792816
27280487177010982005010468294
27280487401011623773010468274
27280488688011624876010469377
27280489382011623773010468274
27280489889010054609008930866
27280490518010904346009073549
27280491999011623773010468274
27280683618014380998012327908
27280861710011127109010003366
27281076219008147121007213915
27281251398013613288012329010
27281252114010874748010003366
27281252270011624876010469377
27281252408021927183018979310
27281252513015374326013257725
27281253188010029508008975944
27281254311010630445009538458
27281254664011623793010468294
27281390770013611373012328850
27281397201011624876010469377
27281397996022149944019909126
27281437823008742343008608641
27281944105010517077010003366
27282117032027514232024621450
27282118489026743228024621012
27282118586029651053025488028
27282126244024136622021768779
27282206442011401011009538458
27282455701011127109010003366
27282456406010904346009073549
27282456422011897675010003366
27282456627011401011009538458
27282457550012394339010468274
27282458352022250798019694524
27282459782015870992013722634
27282459863012891004010933183
27282461507024137705021769862
27282462937014380998012327908
27282463011009637116008608641
27282463550011157293010031620
27282475540009892919008608641
27282476512009892919008608641
27282478760011127109010003366
27282666710011623773010468274
27282666982022250798019694524
27282913807012617102011398091
27282922741013387687011398110
27283235500011127109010003366
27283400978014877661012792816
27283427701013387668011398091
27283501219011127109010003366
27283738936023049290019909126
27283788526013884334011863000
27283788690013387668011398091
27284290262010630445009538458
27284330876010630445009538458
27284421510014382100012329010
27284447404011127109010003366
27284583065011623773010468274
27284583561009637116008608641
27284583960011623793010468294
27284584010010133780009073549
27284585874011624876010469377
27284758035021387331018979310
27284758272010904346009073549
27284758450010630445009538458
27284758752012617102011398091
27284758809012891004010933183
27284764450013387668011398091
27284864595010630445009538458
27284969060023913841020838944
27284972355010407682008608641
27284972754023754511021102092
27284973505024506368021805876
27285030736010630445009538458
27285248642010630445009538458
27285306294015870992013722634
27285307541014603760013257725
27285311743016367675014187561
27285464825014877661012792816
27285610880009106941008608641
27285698745010407682008608641
27285941194011897675010003366
27285941607011127109010003366
27285941755011897675010003366
27285943081013113767011863000
27285943626010630445009538458
27285943952012394339010468274
27285945203015374326013257725
27285947435010407682008608641
27285949969014877661012792816
27286073757012120457010933202
27286378582009637116008608641
27286378736020747084018286956
27286772655011127109010003366
27286774909010133780009073549
27286777878009805587009073549
27286802791024506392021805900
27286966735020163289018049494
27287082628010630445009538458
27287242226012394339010468274
27287247090025901600022699679
27287247597015598191014188644
27287332233013884334011863000
27287335003011127109010003366
27287384667010630445009538458
27287440354011127109010003366
27287441202010133780009073549
27287442756011401011009538458
27287444384021508156019909126
27287444538012120438010933183
27287476642012618204011399193
27287541118014603760013257725
27287542157011290212010468274
27287546969012891004010933183
27287547191010630445009538458
27287547612009637116008608641
27287618153015006912013722634
27287792269024358481021667464
27287792595012394339010468274
27287845311010630445009538458
27287992586009911017008143732
27288126513021498940018990739
27288126726014382100012329010
27288127501020711091017119676
27288298462011897675010003366
27288399439010630445009538458
27288705416023144375020840045
27288705777014877661012792816
27288706374009637116008608641
27288708458021704421018049494
27288754719022151047019910229
27288854314011401011009538458
27288854411012618204011399193
27288985435009637116008608641
27288988450010133780009073549
27288989783011624876010469377
27288992369012394339010468274
27289000130011623773010468274
27289000653009637116008608641
27289001021011624876010469377
27289002249015375428013258827
27289003180009637116008608641
27289024234011127109010003366
27289024684012104493011399193
27289024900023754511021102092
27289176654022151047019910229
27289179688014380998012327908
27289189446011401011009538458
27289189470024506368021805876
27289189683013884334011863000
27289189802011401011009538458
27289210313017583747016047176
27289211719028109919025488028
27289441560012617102011398091
27289586712011401011009538458
27289693810012395442010469377
27289798442012217461010933183
27290061895011127109010003366
27290218743009532844008511036
27290245899014107095012792816
27290323547020553252018979310
27290375741011623773010468274
27290378120010981985010468274
27290379720020006732018979310
27290685481025499875022323568
27290685813021156617018979310
27290688502011624876010469377
27290854240011623773010468274
27290963511012617102011398091
27291034034013387668011398091
27291034972011127109010003366
27291035030015295156013115042
27291036002011897675010003366
27291235455012617763011398752
27291238721010904346009073549
27291425432010133780009073549
27291425815011624876010469377
27291427273010133780009073549
27291448467026894931023629497
27291794128015374326013257725
27291794918011623773010468274
27292140180012618204011399193
27292312925011127109010003366
27292348644010630445009538458
27292365441010517077010003366
27292366995009620069009073549
27292374254024330752021641489
27292374793027514897024622115
27292389995014603760013257725
27292422992010630445009538458
27292763781014877661012792816
27292763854019243370016879387
27293263553011624876010469377
27293263766013388770011399193
27293401808011432410010469377
27293659473015870992013722634
27293764811009637116008608641
27293765990025967096023173266
27293767063010630445009538458
27293768469009637116008608641
27293770234009637116008608641
27293770447010630445009538458
27293843096011127109010003366
27293846745010526171009440852
27293846850013610431012327908
27293846931010133780009073549
27293927494011127109010003366
27294051924014877661012792816
27294290058014604717013258682
27294290236025966201023172371
27294444942010630445009538458
27294516048011401011009538458
27294516293010407682008608641
27294517117021156617018979310
27294517451014380998012327908
27294517583012395442010469377
27294517907010133780009073549
27294529484012217461010933183
27294532353009532844008511036
27294532876011623773010468274
27294534739014382100012329010
27294535972020933855018049494
27294584558011623773010468274
27294584736009310081007581219
27294633257009911017008143732
27294865255010133780009073549
27294869285011623773010468274
27294869374011623773010468274
27295070493012891004010933183
27295073824011446894010933183
27295074294013874178013360467
27295091261009637116008608641
27295140610010052169009538458
27295341802025900498022698577
27295466168011623773010468274
27295488250012394339010468274
27295740464009587260009073549
27295740499022250798019694524
27295767907010630445009538458
27295768210010134882009074651
27295786855015374326013257725
27295787703013139336011165637
27295810918012891004010933183
27295827756010133780009073549
27295890768013139336011165637
27296045069011127109010003366
27296047231010517077010003366
27296047770021175646019409414
27296049773009637116008608641
27296131836015374326013257725
27296131879010303410008511036
27296132506011401011009538458
27296251386012394339010468274
27296251408010904346009073549
27296787502008657443008143732
27297165122011401011009538458
27297166323011623773010468274
27297167346010630445009538458
27297279780014604717013258682
27297790868010357827009073549
27297833354010517077010003366
27297835381010858895010468274
27297855102012617102011398091
27297856435010133780009073549
27297888078026124364023629497
27298109056021156617018979310
27298109358015374326013257725
27298109668013387668011398091
27298109781015374326013257725
27298115366016367656014187542
27298116540014382100012329010
27298140530016367656014187542
27298140778011127109010003366
27298142118012394339010468274
27298142576015870992013722634
27298146482012891004010933183
27298148655012120438010933183
27298152059011401011009538458
27298152261010904346009073549
27298152997012537931011255408
27298240144009911017008143732
27298317910014877661012792816
27298318933011127109010003366
27298370943011623793010468294
27298371435022920512019909127
27298447571013388770011399193
27298456473010407682008608641
27298607331012891004010933183
27298749934026005872022797284
27298801529010904346009073549
27298810900012891004010933183
27298821597010630445009538458
27298870091009637116008608641
27298871950009637116008608641
27298941207011624876010469377
27298979166011624876010469377
27299134127010630445009538458
27299139404011127109010003366
27299140038024506368021805876
27299291303026894929023629496
27299308540024506392021805900
27299308753012891004010933183
27299375396023754511021102092
27299767375021927183018979310
27299767553023144375020840045
27299768614009140451008143732
27299769009018176631016189860
27300050927012394339010468274
27300065851014380998012327908
27300255553010133780009073549
27300310287012891004010933183
27300587343010630445009538458
27300593610013884334011863000
27300593734009637116008608641
27300767406023143275020838944
27300883678023754511021102092
27301079244010800074008975944
27301079627010133780009073549
27301106985011623773010468274
27301181421008043408007116869
27301181545010133780009073549
27301184730011127109010003366
27301185796013113767011863000
27301329100011897675010003366
27301750019014380998012327908
27301750469012376711011863000
27301750515023691077019909126
27301750663015870992013722634
27301770311014380998012327908
27301771059009140451008143732
27301771180008147121007213915
27302009029011897675010003366
27302009134020933855018049494
27302080874010133780009073549
27302081315009637116008608641
27302082656024136603021768760
27302084268012891004010933183
27302412893010630445009538458
27302414241016367656014187542
27302414810010630445009538458
27302522060012395442010469377
27302522176013710148012792816
27302522575015100425013722634
27302522710011897675010003366
27302668405011897675010003366
27302716523011127109010003366
27302799445014877661012792816
27303002966011127109010003366
27303161142010630445009538458
27303163390010133780009073549
27303164036010630445009538458
27303168848013780061011765394
27303180015010630445009538458
27303180031011752552010468274
27303180902010133780009073549
27303182476010904346009073549
27303182700010904346009073549
27303198372010904346009073549
27303423287011623773010468274
27303423589011127109010003366
27303423872012217461010933183
27303536294009140451008143732
27303537339010904346009073549
27303538025013884334011863000
27303538823014380998012327908
27303550718010133780009073549
27303554179010052169009538458
27303554411015100425013722634
27303556503011127109010003366
27303729424009911017008143732
27303730074010630445009538458
27303731852022151047019910229
27303884055020234751017119676
27304339085011623773010468274
27304348165015374989013258388
27304354866023754511021102092
27304415628010133780009073549
27304415687009637116008608641
27304430147010630445009538458
27304430155010630445009538458
27304430597012512830011300486
27305067402012891004010933183
27305070705011623773010468274
27305070772010517077010003366
27305071485013884334011863000
27305071639008041201007581219
27305080298011127109010003366
27305223781011401011009538458
27305386524023002654020398308
27305507046010630445009538458
27305687737011623773010468274
27305777523012617102011398091
27305777590014380998012327908
27305778465021498941018990740
27305778511013884334011863000
27305778651029651052025488028
27305778953011897675010003366
27305839219013884334011863000
27305839359012617102011398091
27305839987023002654020398308
27305890028012891004010933183
27305906099014604202013258167
27306167087012394339010468274
27306167133011623773010468274
27306221375010133780009073549
27306222126011623773010468274
27306270155011897703010003394
27306272530012891004010933183
27306274460011401011009538458
27306274746010904346009073549
27306328773020163289018049494
27306410070009140451008143732
27306410100010630445009538458
27306457425011623773010468274
27306531838011623773010468274
27306556075011623773010468274
27306706107014603760013257725
27306811687024506387021805895
27306811806013387668011398091
27306841594010133780009073549
27306843244015374326013257725
27306843341012394339010468274
27306848238006904477006390766
27306848246010517077010003366
27306849153009140451008143732
27306850089010116734009538458
27306850151012891004010933183
27306901783012617102011398091
27306901961014380998012327908
27307073175021207756017584585
27307073426009806745008046127
27307073612015374326013257725
27307121102010133780009073549
27307123709009637116008608641
27307728228009140451008143732
27307729011013387668011398091
27307729895010303410008511036
27307983848010630445009538458
27307984437006552856005721585
27307988483009637116008608641
27307988998009140451008143732
27308072334011401011009538458
27308173912013884334011863000
27308217960015374350013257749
27308279869020747084018286956
27308725885010981985010468274
27308726997013884334011863000
27308727764012394339010468274
27308734191014543105013258827
27309176842010630445009538458
27309178527010630445009538458
27309534196021927183018979310
27309719846010630445009538458
27309737070015870992013722634
27309737895024907169021768760
27309939951013884334011863000
27309955256011897675010003366
27310448635010133780009073549
27310815158009166020007446369
27310815220009637116008608641
27310815255011897675010003366
27310815948010822736009538458
27310815956011401011009538458
27310816162010407682008608641
27310816855012394339010468274
27310817061011127109010003366
27310839790012841619012327908
27311202184010133780009073549
27311202702010630445009538458
27311209669023143275020838944
27311318778007250255005965977
27311411654020163289018049494
27311621039010630445009538458
27311621152010407682008608641
27311699607013610431012327908
27311787611012891004010933183
27311805075010407682008608641
27311806470010517077010003366
27311807221009637116008608641
27311892164015374326013257725
27311892326024684407020838943
27311892741014877661012792816
27312332227013387668011398091
27312486127009892919008608641
27312486178023754511021102092
27312500316011897675010003366
27312675582022742650020463934
27312683321011623793010468294
27312734988028096200025475186
27312963146011127109010003366
27313050632010133780009073549
27313052279009534268008608641
27313054859008657443008143732
27313115874011623773010468274
27313116889010133780009073549
27313358696009637116008608641
27313359021015374326013257725
27313370017015374326013257725
27313456612009637116008608641
27313740116013884334011863000
27313919736010630445009538458
27313919779010904346009073549
27313919841010133780009073549
27314145351010822736009538458
27314145742021655879018979310
27314145939012891004010933183
27314175269014877661012792816
27314177210011127109010003366
27314177598014077094012792816
27314618616010904346009073549
27314664197010630445009538458
27314664553009637116008608641
27314666823015374326013257725
27314746673010630445009538458
27314751642011897675010003366
27314815195014380998012327908
27314907758011127109010003366
27315067125010904346009073549
27315067915014877661012792816
27315068571020163289018049494
27315068628011863000011863000
27315097113010904346009073549
27315100017012394339010468274
27315100114014603760013257725
27315202510010133780009073549
27315798243009532844008511036
27315798375013387668011398091
27315798537015374326013257725
27315854038010904346009073549
27315960555016217233014768035
27315962825010904346009073549
27316134217012394339010468274
27316210207011127109010003366
27316210304015374326013257725
27316211785010630445009538458
27316211947013283397011300486
27316212781011127109010003366
27316564319012394339010468274
27316985667009637116008608641
27317133699012120438010933183
27317165280010904346009073549
27317294641010630445009538458
27317328740012891004010933183
27317374076011401011009538458
27317391671011623773010468274
27317394840010630445009538458
27317411753010133780009073549
27317413713009140451008143732
27317536319014877661012792816
27317545601011401011009538458
27317545806010407682008608641
27318197321010133780009073549
27318197917014380998012327908
27318245016011401011009538458
27318251814010630445009538458
27318252691009637116008608641
27318334817013884334011863000
27318377311009637116008608641
27318378067009637116008608641
27318378644009911017008143732
27318409078017739658015471820
27318409124023002654020398308
27318410793012394339010468274
27318593081009532844008511036
27318593731015374326013257725
27318593863015374326013257725
27318641310011897675010003366
27318641744012891004010933183
27318641809011127109010003366
27318886518019224661017583172
27318937139012120438010933183
27319065062012617102011398091
27319065348010904346009073549
27319066727013147278011863000
27319118298011911802011398091
27319118441013884334011863000
27319246938009140451008143732
27319625327012617102011398091
27319768322012891004010933183
27319768365021704421018049494
27319768578025162185022419761
27319769051010630445009538458
27319769728011897675010003366
27319769981011401011009538458
27319889871014603760013257725
27319909759010630445009538458
27319911052022697749018979310
27319911834008539515007581219
27319912040010407682008608641
27320535714007049521006186493
27320539442010055077008278581
27320540777022151047019910229
27320544012009637116008608641
27320544233011022837009905761
27320544462023754511021102092
27320544632021498941018990740
27320550586015006912013722634
27320553992010630445009538458
27320556568010630445009538458
27320561057012617102011398091
27320561391009911017008143732
27320607618018176631016189860
27320608118012891004010933183
27320608312010133780009073549
27320611879009892919008608641
27320774050010133780009073549
27320774301012394339010468274
27320774395009140451008143732
27320774840011897675010003366
27320824503011401011009538458
27320824554023176785020838944
27320824937013387668011398091
27321088398025900498022698577
27321154463014877661012792816
27321321602009587260009073549
27321322692010133780009073549
27321347555012394339010468274
27321383977011401011009538458
27321384582009637116008608641
27321397358011401011009538458
27321546310010630445009538458
27321548046010630445009538458
27321633191010133780009073549
27321679396010133780009073549
27322054500014380998012327908
27322070107010407682008608641
27322070255010630445009538458
27322070328011401011009538458
27322072363010407682008608641
27322072568020933855018049494
27322210561010407682008608641
27322210723015374326013257725
27322301214012891004010933183
27322497003011401011009538458
27322770761021704421018049494
27322771350011897675010003366
27322771687010630445009538458
27322772349009911017008143732
27322772535011127109010003366
27322772926014877661012792816
27322835138011623773010468274
27323019547020163289018049494
27323096711011401011009538458
27323146662009140451008143732
27323147014009122352008608641
27323331354011127109010003366
27323518586011897675010003366
27323555503015870992013722634
27323647386010517077010003366
27323649672018176631016189860
27323704266010630445009538458
27323825306009637116008608641
27324013321011897675010003366
27324140501014380998012327908
27324144043014877661012792816
27324144477014877661012792816
27324160146021498940018990739
27324160758013387668011398091
27324160839010630445009538458
27324160960010904346009073549
27324161177010904346009073549
27324161916010059691009004198
27324162777011897675010003366
27324386896010822736009538458
27324423368010133780009073549
27324593379010630445009538458
27324760569009637116008608641
27324760682011127109010003366
27324763290011127109010003366
27325061257014603760013257725
27325061818018491513016175603
27325062881015374326013257725
27325065813010904346009073549
27325066879010407682008608641
27325216331009911017008143732
27325240453020933855018049494
27325241727013884334011863000
27325241948010133780009073549
27325241999010630445009538458
27325299644014603760013257725
27325299660009892919008608641
27325388507011127109010003366
27325399142023002654020398308
27325399940010133780009073549
27325420591010822736009538458
27325422942010630445009538458
27325433316014877661012792816
27325477496012617102011398091
27325504612011401011009538458
27325506968013387668011398091
27325695809024907170021768761
27325706894012394339010468274
27325917526010052169009538458
27325917542005248464004734753
27325992978012394339010468274
27326120044011897675010003366
27326620918010133780009073549
27326624611010630445009538458
27326639228011127109010003366
27326639325016367675014187561
27326639597016367675014187561
27326639643015100425013722634
27326639961013611533012329010
27326640005014380998012327908
27326846444017661867016189860
27326851022015374326013257725
27326854749010630445009538458
27326856539010904346009073549
27326858183009122352008608641
27326858973012617102011398091
27326859090011127109010003366
27326885636010630445009538458
27327057648012891004010933183
27327131481023002654020398308
27327195595010133780009073549
27327196982011401011009538458
27327413940014107095012792816
27327495246010904346009073549
27327495386011056474010003366
27327495866012891004010933183
27327496250010630445009538458
27327496412009911017008143732
27327496498011401011009538458
27327739021010133780009073549
27327740852024506368021805876
27327742243015374326013257725
27327742472009637116008608641
27327745587009140451008143732
27327761345010630445009538458
27327761582010133780009073549
27327885605010133780009073549
27327997071010407682008608641
27328092870012120438010933183
27328361278012120438010933183
27328423575013113767011863000
27328553770010133780009073549
27328559205012394339010468274
27328559396011897675010003366
27328559639011127109010003366
27328591761015374326013257725
27328592385010133780009073549
27328593349010059691009004198
27328593462019169959017119676
27328597506010630445009538458
27328598332010630445009538458
27328598995010630445009538458
27328599274010630445009538458
27328629742009637116008608641
27328733906019940526017119677
27328885196010630445009538458
27328885684010630445009538458
27328885986011752552010468274
27328931848010133780009073549
27328961976010133780009073549
27328980148011401011009538458
27329001720012891004010933183
27329281480009140451008143732
27329283181009140451008143732
27329287144010630445009538458
27329288167011623773010468274
27329379995008813416007116310
27329380225009911017008143732
27329663332009911017008143732
27329804076009637116008608641
27329804696009637116008608641
27329804858009140451008143732
27330175708011127109010003366
27330546250006552856005721585
27330548172013884334011863000
27330548490010133780009073549
27330620213012394339010468274
27330620515011623773010468274
27330620655011623773010468274
27330620930025900517022698596
27330621805013610450012327927
27330622976014603760013257725
27330626742011401011009538458
27330627390018097459016047176
27330629164011401011009538458
27330631630010630445009538458
27330635083015374326013257725
27330650058009637116008608641
27330652395010133780009073549
27331309554010407682008608641
27331366620023002654020398308
27331366949014877661012792816
27331369190009036179008046127
27331369328011446894010933183
27331372108013610469012327946
27331373503014877661012792816
27331374097011127109010003366
27331408625009637116008608641
27331409796009140451008143732
27331410700015374326013257725
27331410727021156617018979310
27331420471014877661012792816
27331420544011401011009538458
27331420595012792816012792816
27331421818010630445009538458
27331423160012891004010933183
27331534744014877661012792816
27331649657014380998012327908
27331804830012394339010468274
27331878346010407682008608641
27331981120010630445009538458
27332064520012891004010933183
27332077096008421024006749007
27332077312011401011009538458
27332077525015374326013257725
27332077533012394339010468274
27332077746010630445009538458
27332078610010133780009073549
27332080275010407682008608641
27332081581012891004010933183
27332081999010630445009538458
27332102554014380998012327908
27332346097011401011009538458
27332889252009428010008143732
27332895139010630445009538458
27332895449011793403009905761
27332895694014877661012792816
27332934533015374326013257725
27333518185011401011009538458
27333518363013387668011398091
27333518924013610431012327908
27333719342009122352008608641
27333719970010630445009538458
27333720332009140451008143732
27333721134011897675010003366
27333850392014603760013257725
27333851151010630445009538458
27333851283011401011009538458
27334364629010133780009073549
27334464356011287644010003366
27334534117013612186012327908
27334535377007049521006186493
27334535393014877661012792816
27334535571014380998012327908
27334544015013884334011863000
27335201170009637116008608641
27335209376012891004010933183
27335210986009297828008511036
27336171135016367656014187542
27336219162011127109010003366
27336220217011897675010003366
27336220667010630445009538458
27336221582010133780009073549
27336221787009911017008143732
27336271121011401011009538458
27336271717009532844008511036
27336272276009637116008608641
27336290681010904346009073549
27336291564010630445009538458
27336291947010133780009073549
27336307045008813416007116310
27336346636012891004010933183
27336348027009140451008143732
27336348523013610431012327908
27336377809012394339010468274
27336381237010029508008975944
27336381962009310081007581219
27336390686014380998012327908
27336393111011401011009538458
27336477196010904346009073549
27336477242012394339010468274
27336478044012394339010468274
27336478249010407682008608641
27336713108013147278011863000
27336723006010407682008608641
27336931539011401011009538458
27336935429009637116008608641
27337266792010133780009073549
27337489546021142220018656827
27337492075010630445009538458
27337492636023913841020838943
27338197603009911017008143732
27338822532010630445009538458
27338829561010133780009073549
27338872386011110062010468274
27338872637021927183018979310
27338872688015870992013722634
27338873552015374326013257725
27338873587009140451008143732
27338873854013610431012327908
27338874796011623773010468274
27338878694009140451008143732
27338879909010630445009538458
27338885062011401011009538458
27338915212009036179008046127
27338915662012394339010468274
27339259378021707115019909126
27339263553009637116008608641
27339566327016367656014187542
27339584023010357827009073549
27339584066011897675010003366
27339585046010630445009538458
27339586166010529920010003366
27339586212011401011009538458
27340102458010904346009073549
27340607134010630445009538458
27340820865013884334011863000
27340820911009310081007581219
27340821578013158446011916978
27341050664015374326013257725
27341054430011401011009538458
27341054767014877661012792816
27341055216010407682008608641
27341055542011401011009538458
27341055550009637116008608641
27341055852010355107009073549
27341055879014380998012327908
27341069888011623773010468274
27341081349009637116008608641
27341671464009140451008143732
27341672819009140451008143732
27341688618013884334011863000
27341689126011401011009538458
27341689363013884334011863000
27341689827020933855018049494
27341692186010133780009073549
27341694790011401011009538458
27341721127009911017008143732
27341834398009637116008608641
27342241420010407682008608641
27342242257020747084018286956
27342311658009637116008608641
27342312859010407682008608641
27342417014010133780009073549
27342417316022250798019694524
27342417456009911017008143732
27342417804011401011009538458
27342418738009911017008143732
27342436086009637116008608641
27342436396014603760013257725
27342439824009140451008143732
27342636603010904346009073549
27343104176012394339010468274
27343145093009637116008608641
27343299082010133780009073549
27343531171013113767011863000
27343531295014877661012792816
27343531457010904346009073549
27343981770011777484011165637
27344230175023795350020006732
27344428102009140451008143732
27345820243009911017008143732
27346033229013884334011863000
27346371116009637116008608641
27346371426011897675010003366
27346379036014877661012792816
27346380646010630445009538458
27346380751010133780009073549
27346380840010407682008608641
27346383475013147278011863000
27346938841011127109010003366
27346940218011152678009306003
27346940234009140451008143732
27346953085014380998012327908
27346958540021480231019694524
27347842015010407682008608641
27347842058011401011009538458
27347842260012394339010468274
27347842651012394339010468274
27348638365014380998012327908
27348638624014877661012792816
27348638942010407682008608641
27348639027010904346009073549
27348639205012891004010933183
27348639663014877661012792816
27348789045008539515007581219
27348800154011623773010468274
27348801746009140451008143732
27348887136009911017008143732
27349183469010488360009538458
27349184163013147278011863000
27349190422011401011009538458
27349190856012891004010933183
27349192956010904346009073549
27349196765014877661012792816
27349197257015374326013257725
27349255699013139336011165637
27349255710014877661012792816
27349255915013884334011863000
27349258302010630445009538458
27349260471013884334011863000
27349260595014877661012792816
27349260714011897675010003366
27349260919010407682008608641
27349261400010904346009073549
27349261575010407682008608641
27349262172011127109010003366
27349265201010630445009538458
27349265775013034261012327908
27349266860009911017008143732
27349309357009637116008608641
27349810242014380998012327908
27349814264009637116008608641
27349816429009140451008143732
27349818642021498940018990739
27349943226009911017008143732
27349944222009637116008608641
27349945644009587260009073549
27349956190012891004010933183
27350525691015374326013257725
27350871352019995227017583172
27351053750014380998012327908
27351063551009637116008608641
27351064191010133780009073549
27351065260009637116008608641
27351065694012891004010933183
27351066291009637116008608641
27351648363009911017008143732
27351649149011401011009538458
27351649203015374326013257725
27351649327010052169009538458
27351649394013884334011863000
27351649564010133780009073549
27351649815014107095012792816
27351777023011623773010468274
27351777333023002654020398308
27351777988010904346009073549
27351993893009637116008608641
27352128789012394339010468274
27352469977009637116008608641
27352866240010407682008608641
27352866887010357827009073549
27352867980010133780009073549
27352868030010407682008608641
27352869347019940525017119676
27352869711011897675010003366
27352876572010133780009073549
27353437947009637116008608641
27353453780009140451008143732
27353454507010904346009073549
27353454574010630445009538458
27354529462010407682008608641
27354760717010133780009073549
27355042710009140451008143732
27355824476010407682008608641
27356847917011897675010003366
27357377582011897675010003366
27357377728013610431012327908
27357377965010407682008608641
27357382977010904346009073549
27357384112009637116008608641
27357384554010133780009073549
27357392190014380998012327908
27357392360009911017008143732
27357392638009911017008143732
27357395122009310081007581219
27357397540013884334011863000
27357400290013612186012327908
27357400452014107095012792816
27357400509011127109010003366
27357400959011623773010468274
27357401009020728373018990739
27357401963020747084018286956
27357402986011401011009538458
27357407155008042849007116310
27357407244009637116008608641
27357412205011401011009538458
27357422553011897675010003366
27357422588010407682008608641
27357424416009911017008143732
27357427466013884334011863000
27357428721011401011009538458
27357435345009637116008608641
27357435515012394339010468274
27357436554008813416007116310
27357436716011897675010003366
27357438468011897675010003366
27357439480010407682008608641
27357445162014380998012327908
27357445278014380998012327908
27357445529009637116008608641
27357448056012891004010933183
27357452282012394339010468274
27357452401012394339010468274
27357453122009140451008143732
27357454919020747084018286956
27357465295013612186012327908
27357465503011897675010003366
27357468928010407682008608641
27357469673009140451008143732
27358427419012394339010468274
27358429535020728373018990739
27358429829011897675010003366
27358430010009911017008143732
27358437503010407682008608641
27358440644010407682008608641
27358445204024684407020838943
27358446626009637116008608641
27358449080010133780009073549
27358451425013612186012327908
27358454629011897675010003366
27358455544011401011009538458
27358455633009892919008608641
27358458071009637116008608641
27358458179013884334011863000
27358459809010904346009073549
27358470306009451523008143732
27358472651010159349008376186
27358473178014877661012792816
27358997649008042849007116310
27359137600012891004010933183
27359177513009140451008143732
27359414108014877661012792816
27360447222009944444008896319
27361216607018491513016175603
27361220426009637116008608641
27361221791009911017008143732
27361366293016367656014187542
27361366323012617102011398091
27362283413014380998012327908
27362980823009140451008143732
27363922568010133780009073549
27363922762011897675010003366
27365174089014877661012792816
27365176367014380998012327908
27365176693010407682008608641
27365176898011897675010003366
27365180364011897675010003366
27365184440014380998012327908
27365188020011897675010003366
27365191544011127109010003366
27365191862013884334011863000
27365745256011401011009538458
27365906950010904346009073549
27366388171014380998012327908
27366389909014877661012792816
27366390281009140451008143732
27366390303009122352008608641
27366391857009036179008046127
27366398843013147278011863000
27366400112009637116008608641
27366401143014380998012327908
27366404126009428010008143732
27366407613010630445009538458
27366410657015374326013257725
27366417198010029508008975944
27366418127010133780009073549
27366418380009140451008143732
27366425328010407682008608641
27367133894011897675010003366
27367135633010407682008608641
27367137113019169959017119676
27367390943014380998012327908
27368788940009140451008143732
27369286930013884334011863000
27369287112009140451008143732
27369945659018491513016175603
27369947309011897675010003366
27369947880008042849007116310
27371029287009911017008143732
27371032075009140451008143732
27371193249009140451008143732
27371289289011623773010468274
27371291798012394339010468274
27371294622009911017008143732
27371294754009428010008143732
27371295718008917688007213915
27371302862012394339010468274
27371310393011897675010003366
27371316189014380998012327908
27371316227014380998012327908
27371316243012394339010468274
27371316286014380998012327908
27371316944010904346009073549
27373132727009911017008143732
27374104549008813416007116310
27374105189012891004010933183
27374108935010407682008608641
27374119228009140451008143732
27374119295009428010008143732
27374414807013884334011863000
27374419426010517077010003366
27374419493013884334011863000
27374423121013139336011165637
27374443122008896614008608641
27374443904010904346009073549
27375096647009637116008608641
27375099344012394339010468274
27375099654010407682008608641
27375100598009140451008143732
27375294104008813416007116310
27375300961009892919008608641
27375301348007297853006418947
27375329749009911017008143732
27376509481009911017008143732
27376521864010904346009073549
27376526874010159349008376186
27376536195009911017008143732
27377110566009428010008143732
27377343919009140451008143732
27377361976007049521006186493
27377508276012120438010933183
27379543001008042849007116310
27379843129013884334011863000
27380527133021498940018990739
27380985077010407682008608641
27381122757013884334011863000
27381133465010133780009073549
27381134127010133780009073549
27381137282009428010008143732
27381138777011127109010003366
27381141646009911017008143732
27381144106012368770011165637
27381759151009310081007581219
27381859318014380998012327908
27383252453009911017008143732
27383543660012016166010835578
27383674854009911017008143732
27383679244014380998012327908
27383686658009911017008143732
27383706764010904346009073549
27384840200018724433015260042
27384851652012120438010933183
27384852179009911017008143732
27385561607013884334011863000
27385574016009911017008143732
27385592723013113767011863000
27386389840011127109010003366
27386412834010407682008608641
27386413385013884334011863000
27387174511015870992013722634
27387175003024506368021805876
27387185831019076916018049494
27387213282009911017008143732
27387214556011897675010003366
27387804922011897675010003366
27387829186019976518018286956
27388338976010904346009073549
27394493495009806745008046127
27394523866009140451008143732
27395811385013884334011863000
27397938692009911017008143732
27397946903010133780009073549
27397948477008917688007213915
27411246871009911017008143732
27430733376014380998012327908