20142147182037448476034304453
20143149464028856348024950243
20143624375022942189020725806
20148242004019328080017342650
20160062739050025081044765477
20160975793027953320024104954
20161722279033371479029176683
20163090660027954528024106162
20163462894016586094015652074
20164721087031970449029176683
20166147507044557032039647047
20166157936024746238022414378
20166202222050025081044765477
20166383022048624051044765477
20166623295050025081044765477
20166625093050025081044765477
20167156720069741501062677878
20167336796031565426027486107
20168206667044557032039647047
20168429402050025081044765477
20168580984050025081044765477
20168605138029759374025795531
20168848448050025081044765477
20168851678029759374025795531
20169728853050025081044765477
20169996467079999891072074120
20170427859025038974024104954
20170729146050025081044765477
20170805152041447604039579564
20170805977050025081044765477
20171239134050025081044765477
20171396086040272627036198412
20171398518041823007037087832
20171649715031565469027486150
20171705968029759374025795531
20171839646044287621039394862
20171876878064719196059081901
20172153020023349193022415173
20172155082054264045049724733
20172960708026442009024106959
20172965866050025081044765477
20173225319033269420029176683
20173302003031565426027486107
20173453532023438189019878514
20173705221050025081044765477
20173933593050025081044765477
20173965649033371479029176683
20174248045045999786042309004
20174295795042876613039385522
20174563129029759374025795531
20174679631031565426027486107
20174679852031970449029176683
20174682136021632137018187938
20174837296018832412016497362
20174893382050025081044765477
20174982342031970449029176683
20174984086047291056042206262
20175024183063171651057634170
20175118374050025081044765477
20175141511033371479029176683
20175142364056122078049723021
20175242865031970449029176683
20175262114050025081044765477
20175484656050025081044765477
20175538551026148462022415572
20175622242053058450047604897
20175622838050025081044765477
20175638106029759374025795531
20175747517073180703067002391
20175747894048624051044765477
20175841769050025081044765477
20176191865033371479029176683
20176581612030723175028009158
20176707829033371479029176683
20176753529064747319056485326
20176753588033371479029176683
20176754126079999892072074120
20176772728024748243022416383
20176774836029759409025795566
20176784807031511733029176683
20176801469050025081044765477
20177314774050025081044765477
20177355004028359537025796724
20177390381050025081044765477
20177390799031970449029176683
20177442195049864587044765477
20177574156051657420047604897
20177649172029759374025795531
20177649245050025081044765477
20177649261023348450022414430
20177791629021134133019033226
20177791742050025081044765477
20177792501044237773039348204
20177792838045810200042131540
20177792919018923058015652074
20178065085050025081044765477
20178404831021134133019033226
20178405900026148462022415572
20178909380044237730039348161
20179089425033371479029176683
20179089565060199076054850791
20179089697078598861072074120
20179109582060201081054852796
20179118328050025081044765477
20179120411027870272024104954
20179121191047498843042962721
20179234816033371479029176683
20179319587027953320024104954
20179319943050025081044765477
20179611482053058450047604897
20179667879050025081044765477
20179668085033371479029176683
20179668298050025081044765477
20179669790021235178020301158
20179672503056122079049723021
20179914647050025081044765477
20180117165027050294023259666
20180370626050025081044765477
20180374079022796238020464378
20180405012023348398022414378
20180410156041823007037087832
20180410369044557032039647047
20180410539048029443042897437
20180577646053058450047604897
20180907751033373483029178687
20180981137033371479029176683
20181012693050025081044765477
20181013134047211230042131540
20181023059026147303022414413
20181023539028358344025795531
20181024128043156002039647047
20181548682020729110017342650
20181838931050025081044765477
20181845148050025081044765477
20181905639031970449029176683
20181976595032468453028331395
20182005569031970449029176683
20182119084031970449029176683
20182119858047100527044765477
20182286436033371479029176683
20182540855050025081044765477
20182805212021134133019033226
20183126114042876613039385522
20183721446050025081044765477
20183768086025244242021569090
20183768167048777807043597952
20183768248031511733029176683
20183768310050027085044767481
20183891139049302890044651292
20184060699050025081044765477
20184405424050025081044765477
20184410584022537167019035230
20184687845050025081044765477
20184715822031970449029176683
20184782368050025081044765477
20184785170033371479029176683
20184795419048624051044765477
20185150144050025081044765477
20185393160021134133019033226
20185426700042696513039348161
20185427146078598861072074120
20185592856050025081044765477
20185893252033371479029176683
20185917895050025081044765477
20185942717026769711025795842
20186038984033371479029176683
20186170661050025081044765477
20186204973044830761042962721
20186464282047211230042131540
20186671040024746639022414779
20186681542051657420047604897
20186921438079999891072074120
20187442096050025081044765477
20187574278053058450047604897
20187774382020231107018187938
20200047800024747950022416090
20200596987026553085024105749
20200606982048624051044765477
20200661495021368276019033226
20200726775050025081044765477
20201280835033371479029176683
20201519277050563904045269848
20201519935033371479029176683
20201523967022535163019033226
20201525323048624051044765477
20201525714033371479029176683
20201534497050025081044765477
20201534594050025081044765477
20201536228048624051044765477
20201536724061945259056485326
20201542392024747950022416090
20201543763042886591039394862
20201553580053058450047604897
20201557063050025081044765477
20201557209042836700039348161
20201561877044765477044765477
20201566399033371479029176683
20201570019031970449029176683
20201574146047291056042206262
20201588716050025081044765477
20201628130053058450047604897
20201706379042886901039395172
20201707316044557032039647047
20201905916037911556033426474
20202673210016619001014806785
20203071427027953320024104954
20203071753027955325024106959
20203271108048624051044765477
20203271388045892030042208266
20203337222047291056042206262
20203337419050025081044765477
20203349719048658068043485869
20203536411050025081044765477
20203791616023348398022414378
20203972408033371479029176683
20204204048031970449029176683
20204220264050025081044765477
20204792950038068456036200416
20204793671028130581025795531
20204866423044558424039648439
20205060236050025081044765477
20205060783024748243022416383
20205134450047100527044765477
20205380893048624051044765477
20205504045050025081044765477
20205577735050025081044765477
20205640100047211230042131540
20205640631029759901025796058
20205781421050025081044765477
20205782762050025081044765477
20205794426050025081044765477
20205898140053058450047604897
20205911112050025081044765477
20205912771072775681065311815
20205947494047211230042131540
20205947931026552290024104954
20206026759048624051044765477
20206048515041563574036844987
20206054221029759374025795531
20206129221024748243022416383
20206271745050025081044765477
20206349566033371479029176683
20206382482031970449029176683
20206583232048624051044765477
20206603934048815964044195628
20206728672053058450047604897
20206809699051401679048032445
20206809893046628413042897437
20206821354050025081044765477
20207190528042886591039394862
20207289222050025081044765477
20207324664050025081044765477
20207324923022505114021571094
20207326500042836700039348161
20207578224029759374025795531
20207600637048624051044765477
20207602877033371479029176683
20207773264050025081044765477
20207985997033371479029176683
20208577051047211230042131540
20208875591022535163019033226
20208980158033371479029176683
20208981049029759374025795531
20208981588033371479029176683
20209000416027763735023927491
20209166497019328080017342650
20209596459021136137019035230
20209597854043598079040375583
20209599059045164978042960716
20209599830050025081044765477
20209826683029759374025795531
20210182102050025081044765477
20210530275026147268022414378
20210695290048624051044765477
20211005123033371479029176683
20211124513024748243022416383
20211126834019328080017342650
20211394316023350110022416090
20211598019026147268022414378
20211706954050025081044765477
20213308700026147268022414378
20213333047033371479029176683
20213393511047496838042960716
20213397681017522028015652074
20213400046024746238022414378
20213407660041823007037087832
20213415574047293060042208266
20213417712027955204024106838
20213418328031036429029176683
20213422716024746238022414378
20213422961044557032039647047
20213424956024748242022416382
20213426169044557076039647091
20213432991033371479029176683
20213434641053058450047604897
20213435257047211230042131540
20213439236041823007037087832
20213439589023843212021569090
20213442032033371479029176683
20213450884057523109049723021
20213452429045285762039579564
20213454839048624051044765477
20213455959047291056042206262
20213911466033421370029223384
20215393950050025081044765477
20215478786050025081044765477
20215576222026440532024105482
20215628621044557032039647047
20216090862047498843042962721
20216313217075809050068151235
20216317247021134168019033261
20216321546048777807043597952
20216326491047211230042131540
20216328796027953320024104954
20216429436050025081044765477
20216786379031970449029176683
20216788975044557076039647091
20216869436048624051044765477
20216931239050025081044765477
20217011451043156002039647047
20217012083050025081044765477
20217090815050025081044765477
20217258813024305084020723845
20217455368022942189020725806
20217679967050025081044765477
20217836728051657420047604897
20217863555050025081044765477
20217966451027870800024105482
20218220658050025081044765477
20218248862022535163019033226
20218299351028856347024950242
20218305556033371479029176683
20218710523031565469027486150
20218970533050025081044765477
20218972560050025081044765477
20219063157045999786042309004
20219100052050025081044765477
20219100125022347581018857766
20219100966050025081044765477
20219135794044557032039647047
20219274255027457322024952247
20219426489033371479029176683
20219427566029569788025618067
20219481587050025081044765477
20219482001056122079049723021
20219685115022942189020725806
20219685158016408630015474610
20219696834050025081044765477
20219756276047497001042960879
20219872861028359147025796334
20219915730050025081044765477
20220089151033371479029176683
20220259219029759374025795531
20220277993033371479029176683
20220418058047498843042962721
20220493866021632137018187938
20220701310050025081044765477
20221047010050025081044765477
20221185995048624051044765477
20221423799041823007037087832
20221428251044557032039647047
20221691262025649264023259666
20221691319020231107018187938
20221780842048624051044765477
20221953305044557032039647047
20222117683033371479029176683
20222149313024746238022414378
20222185719044237730039348161
20222273138040634412036198455
20222300003026553101024105765
20222399921047211230042131540
20222399956024748243022416383
20222420246032124205028009158
20222420467026554295024106959
20222429774019328080017342650
20222430233020231107018187938
20222435227037448476034304453
20222436118040274631036200416
20222489297047376777043597952
20222489718024751140022416090
20222713987024341215020723802
20222742138031970449029176683
20222742235045890026042206262
20222796432033371479029176683
20223082565021134168019033261
20223473459024748243022416383
20223522085043190020038367440
20223991018024748243022416383
20224055774050025081044765477
20224151013050025081044765477
20224185260029759374025795531
20224221941026147268022414378
20224323868031970449029176683
20224539666033372022029177226
20225283495053058450047604897
20225995320027954514024106148
20225996025024748243022416383
20225996998051110948046343874
20226178709021134133019033226
20226245619033371479029176683
20226245740033371479029176683
20226620134048658068043485869
20226773755050025081044765477
20226773895047293060042208266
20226877623031970449029176683
20227220261050025081044765477
20227633426027457322024952247
20227633434050025081044765477
20227633469044557032039647047
20227633752031565426027486107
20227671026031970449029176683
20227709066050025081044765477
20227709473021368276019033226
20227830159041823007037087832
20227830205024748243022416383
20228064638023058852020723802
20228388700031565426027486107
20228389057020017954017342650
20228445305050025081044765477
20228867676026147268022414378
20228970620028856348024950243
20228970736033371479029176683
20229078551018180933016920006
20229098331044557032039647047
20229099036024746238022414378
20229560132027953320024104954
20229693272029759374025795531
20229951360048658068043485869
20230209600033371479029176683
20230390895031970449029176683
20230401722048624051044765477
20230412740050025308044765704
20230421235026552290024104954
20230428388017522028015652074
20230483303026552901024105565
20230485195028358344025795531
20231352571033371479029176683
20231376098044557032039647047
20231376365050025081044765477
20231393820028856348024950243
20231546775024343219020725806
20231613243048658068043485869
20231614959020231107018187938
20231626248047291056042206262
20231722085045690784041270140
20232127873026552290024104954
20232821729050025081044765477
20232906031027052298023261670
20232946890022940185020723802
20232983354023843212021569090
20232983591020231107018187938
20233207137039088983034528618
20233216225049087454043138180
20233216454043190020038367440
20233351106023058852020723802
20233386775025054656021391626
20233503739050025081044765477
20234101588022942189020725806
20234102673032126209028011162
20234181220020231107018187938
20234320441050025081044765477
20234961501033371479029176683
20234989767019328080017342650
20235554020048658068043485869
20235556635020231107018187938
20236001394050025081044765477
20236217613032468453028331395
20236217788047100527044765477
20236218075033620934029410188
20236258573027953320024104954
20236359698031970449029176683
20236546358021632137018187938
20236554415021134168019033261
20236843530050025081044765477
20236876307033371479029176683
20236906796044557032039647047
20237190484030166400027488111
20237191693021368276019033226
20237206267027050294023259666
20237274378050025081044765477
20237400500048624051044765477
20237403569050025081044765477
20237406797022213564019878514
20237407173024748242022416382
20237407874050025081044765477
20237789092019328080017342650
20237856520026147268022414378
20237856709024748243022416383
20238007179026552290024104954
20238007594024748242022416382
20238008809044557032039647047
20238093105025244242021569090
20238110204050025081044765477
20238286760050025081044765477
20238899185022942189020725806
20238995664019328080017342650
20239200266028360348025797535
20239211314022750600020546338
20239272984022535163019033226
20239347976023889702020301158
20239353364033371479029176683
20239353518032468453028331395
20239629920026147268022414378
20239732551027953320024104954
20239761535040272662036198447
20239766030045692789041272144
20239945571024341215020723802
20240033713026147268022414378
20240051347021134133019033226
20240055660021134133019033226
20240061466044765477044765477
20240121000022037159019878514
20240139503021134168019033261
20240630061051239775046341912
20240631785027955325024106959
20240682940028358344025795531
20240745020031970449029176683
20241476090050025081044765477
20241682448025795531025795531
20241898645032468453028331395
20242019068022940185020723802
20242019297027953320024104954
20242213840022535163019033226
20242335121019328080017342650
20242404409047387835041547339
20242404875044557032039647047
20242405057022537167019035230
20242607342028856347024950242
20242612931022535163019033226
20242799942029759417025795574
20243116520050025081044765477
20243116970048897867042960716
20243462224021136137019035230
20243691924031565426027486107
20243763186019969250019035230
20243763682039902205035289844
20243796629047496838042960716
20243831254029759374025795531
20244234756031970449029176683
20244293698050025081044765477
20244320970032469248028332190
20244445803029760765025796922
20244512144017070514015229429
20244843132031565426027486107
20245129042033371479029176683
20245129131029821226027486176
20245206349029759374025795531
20245783494022940185020723802
20245785098022940220020723837
20245786531029759374025795531
20246593303015264461013538853
20246678066050025081044765477
20246855944019967246019033226
20247026860062769557055945598
20247126466022940185020723802
20247128000027953320024104954
20247260014050025081044765477
20247328476050025081044765477
20247328530024341215020723802
20247328999024343219020725806
20247329979025246246021571094
20247469266018425054016497362
20247473689067038748059941727
20247570137024746238022414378
20247750690026730346025796326
20247940635033371479029176683
20248131161048624051044765477
20248404141027953320024104954
20248992795029759901025796058
20249016994045285762039579564
20249489477023904140021569090
20249507300045690785041270140
20249508854028858352024952247
20249566889028856347024950242
20249569764019328080017342650
20249672700026441198024106148
20249676595025244242021569090
20249896668048658068043485869
20249896862044559036039649051
20249896951023843212021569090
20250040564040423982037089837
20250086076044557032039647047
20250200316033371479029176683
20250279710021569090021569090
20250360844033371479029176683
20250637056044559036039649051
20250637218026149273022416383
20250750375033371479029176683
20250959037027953320024104954
20250990031029759374025795531
20251081272022535163019033226
20251140694021370280019035230
20251248991032468453028331395
20251599506050025081044765477
20251631795026147268022414378
20251689483024343219020725806
20251723525044559036039649051
20251723568026149273022416383
20251723703029759425025795582
20251723975031565426027486107
20251743321027953320024104954
20251820474029759374025795531
20251866326033371479029176683
20251866709044559036039649051
20251866946050134841044868219
20251909408041823007037087832
20252009192048658068043485869
20252080512050025081044765477
20252080709027953320024104954
20252176390024748243022416383
20252177206037494476033036190
20252177427017987124015652074
20252177648050025081044765477
20252177915025246246021571094
20252255096050027085044767481
20252346954018425053016497361
20252708961043884732039579564
20252760475050025081044765477
20252816462022940185020723802
20252816756024341215020723802
20252909428028359139025796326
20252909533030110703029176683
20252909746048624846044766272
20253113627067308427060194180
20253333473046101003042962721
20253337711026552290024104954
20253488035022037159019878514
20253577410043190020038367440
20253577836029759409025795566
20253680734047291056042206262
20253828847041823007037087832
20254080986025244242021569090
20254081222026496046025795531
20254241009023843212021569090
20254383776024343219020725806
20254460703024746238022414378
20254465489053058450047604897
20254465632027953320024104954
20254705544021632137018187938
20255013816024748243022416383
20255016475021136137019035230
20255170180024746238022414378
20255174046021136137019035230
20255291239041823007037087832
20255357175023845216021571094
20255961129020231107018187938
20256442281044557032039647047
20256659221036137443031765923
20256680158026147303022414413
20256680530024748242022416382
20256680735044557032039647047
20256799546031069135028333107
20256933803071376655065313819
20257000819024748243022416383
20257095240021134200019033293
20257096654021136137019035230
20257099777022942189020725806
20257300898027955325024106959
20257301746065037593058068490
20257417760028358344025795531
20258186959025244242021569090
20258285361026147602022414712
20258364016022416382022416382
20258596367039088983034528618
20258609086043190020038367440
20258807082029759374025795531
20258808070026148660022415770
20259122393027953320024104954
20259260044047291056042206262
20259260087018425053016497361
20259261075027050294023259666
20259646058018425054016497362
20259646198045924044040926655
20259646368022037159019878514
20259723907031565426027486107
20259867216026554295024106959
20260138872023438189019878514
20260401352020231107018187938
20260402421031970449029176683
20260599683026147268022414378
20260785673022535163019033226
20260786076026147268022414378
20260786416029759374025795531
20260786637040868555036198455
20260814312022374088020039038
20260814401025244242021569090
20260976355048658068043485869
20260976991027953320024104954
20260990048018276670017342650
20260991958023845216021571094
20261089190024748242022416382
20261253764043190020038367440
20261376394031565426027486107
20261435080026147268022414378
20261547636020944547018855762
20261589681053911002046341868
20261619971017522028015652074
20261895715044557032039647047
20261896916029759417025795574
20262094783033371479029176683
20262105157020729110017342650
20262105645022940185020723802
20262525490022940185020723802
20262527957024748243022416383
20262622739033371479029176683
20262622992029759374025795531
20262765041050025081044765477
20262793177028130581025795531
20262917917024875521024104954
20263290187020729110017342650
20263468628027953320024104954
20263469306026729551025795531
20263819986041823007037087832
20263857241025246246021571094
20263948514031969403031969403
20263948565030166400027488111
20263967152020457607019033226
20263968884040455995035808225
20264109796029759409025795566
20264109842027953320024104954
20264280541028358344025795531
20264386390047291056042206262
20264386420022940185020723802
20264392595029759374025795531
20264489459025244242021569090
20264489572027455318024950243
20264489742033371479029176683
20264497230029974810027308643
20265029117029759374025795531
20265029230043190020038367440
20265029311026147268022414378
20265300147043190020038367440
20265648933039088982034528617
20265976892027953320024104954
20266361034024341215020723802
20266467959022345577018855762
20266472561050025081044765477
20266553952027953320024104954
20266558520048209908046341868
20266912758048624051044765477
20266951192029759374025795531
20267242624032468453028331395
20267293393033371479029176683
20267636347074176711065311815
20267702099021368276019033226
20267702226032468453028331395
20267810207020231107018187938
20267954055024341250020723837
20267991821047257038043485869
20267991937054318030048034449
20268376209019328080017342650
20268522639026469242024104954
20268559044047211230042131540
20268559559028856348024950243
20268905473021134133019033226
20269553651018276670017342650
20269641100044557032039647047
20269931230044557032039647047
20270101055020231107018187938
20270214100069106616063188923
20270375295020729110017342650
20270475699026147268022414378
20270479228043190020038367440
20271691107047291056042206262
20271691832033371479029176683
20272159735050300290042962109
20272216755024746238022414378
20272932388050025081044765477
20273010220024343219020725806
20273359835040462213036375876
20273909703042440421037888988
20273911007016586094015652074
20273924389021632137018187938
20273924680016619001014806785
20273931431017522028015652074
20273967266024748242022416382
20274154145021134133019033226
20274484889029761378025797535
20274956594029759374025795531
20275066754022942189020725806
20275220850023058896020723846
20275422003024341215020723802
20275819302020729110017342650
20276080599019328080017342650
20276086856029759374025795531
20276100468022213564019878514
20276103114029759374025795531
20276155084016619001014806785
20276512375020522988018187938
20276626974043479744037889023
20276737776044557032039647047
20276791134020729110017342650
20277491878021632137018187938
20277530474027050294023259666
20277584132027955325024106959
20278404383021134133019033226
20278529348044557032039647047
20278682014029759417025795574
20278720943022535163019033226
20279039190029759374025795531
20279039263026149272022416382
20279058241026147268022414378
20279069545020729110017342650
20279078811027050294023259666
20279087810024341215020723802
20279174306029761378025797535
20279363850029759374025795531
20279646291027953320024104954
20279804962050025081044765477
20280387186024341215020723802
20280489949018425054016497362
20281251946024341215020723802
20281252101026147268022414378
20281392841020231107018187938
20281436326018235468016319898
20281437551040272627036198412
20281437853017522028015652074
20281763483021134133019033226
20282118050051108942046341868
20282463491040272627036198412
20283548784024341215020723802
20283671861048624051044765477
20283766579024341215020723802
20283914640021632137018187938
20284006543047291056042206262
20284051263027953320024104954
20284587570042729967039579564
20284686420028857896024951791
20284758626025244242021569090
20284803672026552290024104954
20285306451027050294023259666
20285357439050025081044765477
20285357870044765477044765477
20285357986024341215020723802
20285771537027953320024104954
20285874875026147268022414378
20285949662028130581025795531
20285950334043190020038367440
20285951772028856348024950243
20286378383040455995035808225
20286444424023438189019878514
20286748148022037159019878514
20287156031016213978013116209
20287241810034854470031126684
20287247606026149272022416382
20287369981024341215020723802
20287543531020231107018187938
20287544120028856348024950243
20287985461046214474042960716
20288709662018923058015652074
20288780790021134133019033226
20289008900018425054016497362
20289177885021136137019035230
20289189387023438189019878514
20289189506020231107018187938
20289189743020231107018187938
20290061912020944547018855762
20290125759028856348024950243
20290512973027953320024104954
20290525757020231107018187938
20290688184041823007037087832
20291448411039089026034528661
20291499725021134133019033226
20291499849025244242021569090
20291675817018923058015652074
20291779353025244242021569090
20292312971029759374025795531
20292374497029759374025795531
20292389818025244242021569090
20292851813027953320024104954
20292899042024341215020723802
20293422886021632137018187938
20293842877022535163019033226
20293844373023058852020723802
20293968536021632137018187938
20294094831043190020038367440
20294485474025649264023259666
20294516094043190020038367440
20295341190021847573019701050
20296036227029759374025795531
20297168437021134133019033226
20297293398041268635034507836
20297788710020233111018189942
20297821882022037159019878514
20297873203020231107018187938
20298109590021632137018187938
20298142156022535198019033261
20298143004023843212021569090
20298149428027050294023259666
20298447712028856348024950243
20298801710031970449029176683
20299179754029759417025795574
20299308384026552290024104954
20299308570022537167019035230
20300883665023438189019878514
20301070358020729110017342650
20301070641026147268022414378
20301478691026552290024104954
20301772689027953320024104954
20302080780019121958018187938
20303181416021632137018187938
20303182404023843212021569090
20303198106022535163019033226
20303423762026147268022414378
20303553879019328080017342650
20303726269020729110017342650
20303728105024341215020723802
20303973819022535163019033226
20304406616019967246019033226
20305777111020812534019878514
20305777553021632137018187938
20305778312022037159019878514
20305778584027953320024104954
20305901459027953320024104954
20306063678041823007037087832
20306846532019328080017342650
20307702100021134133019033226
20307729076022535163019033226
20308329330027050294023259666
20308726925020493034018433118
20308811507041825012037089837
20311206940019826084016497362
20311578112028856348024950243
20311689054026147268022414378
20312138302032468453028331395
20312486262027953320024104954
20312500273026147268022414378
20312967902036660522032817260
20313367127026552290024104954
20313588980028856348024950243
20314745184041823007037087832
20314907796037721970033249010
20315067171027953320024104954
20315098468018425054016497362
20315798109024341215020723802
20315989559020729110017342650
20316212922019328080017342650
20318376639018425054016497362
20319065181022037159019878514
20319065378019826084016497362
20319726838029519897025571366
20319769146025244242021569090
20319769766021134133019033226
20319909282022535163019033226
20319911341041823007037087832
20320608903018276670017342650
20321320369023438189019878514
20322072156039862616034503166
20322772778028856348024950243
20323648337022535163019033226
20324160214022535163019033226
20325061481021632137018187938
20325066483027953320024104954
20325068087018425053016497361
20325068346027285293024950243
20325089815027953320024104954
20325240319018923058015652074
20325399806027050294023259666
20326057232020729110017342650
20326639215029761378025797535
20326639401027050294023259666
20326639703026147268022414378
20326640396041823007037087832
20326641007028358344025795531
20326827704018425054016497362
20327130774026147268022414378
20327997123027953320024104954
20330621118039088982034528617
20330621363033371479029176683
20330622890034270422031329599
20330633507020729110017342650
20330886995036422577034507836
20330997282034987945030689795
20331370070036660522032817260
20331421791018923058015652074
20331804763027050294023259666
20332077016020729110017342650
20332077261025244242021569090
20332077601040455995035808225
20332077644022535163019033226
20332079930027050294023259666
20332103394026147268022414378
20333518342027953320024104954
20333850487025649264023259666
20333857252017522028015652074
20334516130027050294023259666
20334516688019826084016497362
20334516807016619001014806785
20334535054018533526017342650
20335498209020729110017342650
20336219141026147268022414378
20336221146018425054016497362
20336258333018923058015652074
20336258619022213564019878514
20336350698019826084016497362
20336381941016119084013784034
20336383596023904140021569090
20336394059027953320024104954
20336477019027953320024104954
20336477396027050294023259666
20336622264013909922012270921
20337754350022037159019878514
20338872020044558424039648439
20338873701027050294023259666
20338888016026147268022414378
20338888318039088982034528617
20338888946019121958018187938
20339586048027050294023259666
20339586455026147268022414378
20339586463027050294023259666
20339950661020729110017342650
20340097514021134133019033226
20341033749041673658036198412
20341054304022535163019033226
20341689164020729110017342650
20341721262025649264023259666
20342417443026147268022414378
20343145773019328080017342650
20344098507017522028015652074
20346939282023438189019878514
20347888061021632137018187938
20348788486017522028015652074
20349190282021632137018187938
20349197155019076964019076964
20349252237017522028015652074
20349256127015524769014590749
20349256909016024392012938745
20349266890017830445014629321
20350525565041268635034507836
20350538055021632137018187938
20350539671026147268022414378
20351777851020231107018187938
20352148939019826084016497362
20352518701020729110017342650
20352865169018923058015652074
20353763378018923058015652074
20357382549017522028015652074
20357387311017522028015652074
20357392560020729110017342650
20357395063037487360032817260
20357395640038061552032817260
20357395810026147268022414378
20357397961039088982034528617
20357402418018923058015652074
20357407819026147268022414378
20357453721040455995035808225
20357465053037721970033249010
20357466777043190020038367440
20358427082017987124015652074
20358429263017141835014806785
20358453393026147268022414378
20358456597022535163019033226
20358457550018425054016497362
20358457984026147268022414378
20359137088021134133019033226
20359137142017987124015652074
20359174005018425054016497362
20361366310031565426027486107
20361751486017522028015652074
20362283796022535163019033226
20365168904022535163019033226
20365173142022535163019033226
20365178764018923058015652074
20365190098021632137018187938
20365908142016619001014806785
20366382268018923058015652074
20366398180018923058015652074
20366398687018923058015652074
20366404482016586094015652074
20366404563020729110017342650
20366404709020729110017342650
20366416332017522028015652074
20366418092039088982034528617
20366418289018923058015652074
20366422170023889702020301158
20367135493026147268022414378
20371313088018020031014806785
20374419103026552290024104954
20374441419018832412016497362
20375422213026147268022414378
20376533485027050294023259666
20377022921025244242021569090
20379554785018923058015652074
20380529670022213564019878514
20381128777016213978013116209
20381130984026147268022414378
20381141811034449448029436108
20381142311019826083016497361
20383679878025244242021569090
20385591528017987124015652074
20386419605018923058015652074
20386419893019500236017165186
20394492362016619001014806785
23125020844022942189020725806
23144126459029759374025795531
23146370209023348398022414378
23148287694029759374025795531
23160077689033373483029178687
23164277259029759374025795531
23164477274044003399039579564
23165913264027955325024106959
23167337414043190020038367440
23168580584022940185020723802
23168847769050025081044765477
23170665864027953320024104954
23175638369033371479029176683
23176557974019009876017165186
23176872489065890728058867077
23177279854018425054016497362
23177698679031565426027486107
23178898299050025081044765477
23179108569050025081044765477
23179109344023438189019878514
23179109689033373483029178687
23180384189031970449029176683
23180404074021134168019033261
23181600829042836700039348161
23181905549026552290024104954
23182501204053106585048211913
23182905364024747432022415572
23183721224022942189020725806
23184513994037329200034306457
23184687984055527997047855509
23185150089050025081044765477
23185754774026148462022415572
23187343194053223413047009693
23201525489050025081044765477
23201528879036354993031969438
23201530024028856348024950243
23201555809050025081044765477
23201577934021632137018187938
23202606954026552601024105265
23202674704022940185020723802
23202675794018235468016319898
23203074484024746238022414378
23203270984047498843042962721
23203536364024746766022414906
23203938934021632137018187938
23204035164044557032039647047
23204226474032468453028331395
23204602549050025081044765477
23205008144019826084016497362
23205194134024748243022416383
23205194754060199076054850791
23205357254027953854024105488
23205639764070640348063313013
23205642544056124083049725026
23206501294035240477034306457
23206642394021134133019033226
23206728264050025608044766004
23206728884022535163019033226
23207327654022942189020725806
23207395234033371479029176683
23208058444024343219020725806
23208981374041074642036387317
23209000024034854470031126684
23209003244041352277037209158
23209006324019969250019035230
23209167344020669234018334184
23209167379050025081044765477
23209603624050883185046343873
23211210354043014929039647282
23211804319029759374025795531
23211814179048624051044765477
23213394924022940185020723802
23213395394020127262019193242
23213396714024748243022416383
23213399659024748243022416383
23213406604026554295024106959
23213407864022942189020725806
23213409344040421977037087832
23213411594042887386039395657
23213422324021134133019033226
23213453114026149273022416383
23215972194050025081044765477
23216310454047498843042962721
23216311574024748243022416383
23216311809048624051044765477
23216312244024748243022416383
23216319214021136137019035230
23216426444072775681065311815
23216427033024746238022414378
23217257719026147312022414422
23217488974023350403022416383
23217500044042838704039350165
23217917034048899873042962721
23217919894022535163019033226
23217996724033371479029176683
23218401414022201630018596338
23219101414019828088016499366
23219101449030472814026463355
23219319584050025081044765477
23219684304042838427039349888
23219756364048624051044765477
23220258424022537167019035230
23220320804022940185020723802
23220893154029759409025795566
23221192974050025081044765477
23221770714020729110017342650
23221870484044557032039647047
23221910184047496838042960716
23222421764044557032039647047
23222433304029759374025795531
23222435099050025081044765477
23222997844027955325024106959
23223314864050025081044765477
23223364284047211230042131540
23223576494049304895044653297
23223932614033371479029176683
23224050054023350402022416382
23224055994047498843042962721
23224151314027953364024104998
23224151454026149273022416383
23224287364019967246019033226
23224400934042836700039348161
23224401094023350403022416383
23224450214042838704039350165
23224851804021847573019701050
23225283214035850478029436108
23225561419044557032039647047
23225721394024137568021844626
23226113924024749428022414378
23226171789050025081044765477
23226183264021134133019033226
23226681779050025081044765477
23226698671033371479029176683
23226811044065976641057636175
23226813144017431382016497362
23226917764025246246021571094
23227053119050025081044765477
23227221534047498843042962721
23227224169022535163019033226
23227225874057523109049723022
23227470194047498843042962721
23227671114023058852020723802
23227671424071505439065311815
23228200824025244242021569090
23228323144021134779019033872
23228566284018832412016497362
23228641014037450480034306457
23229099914019826084016497362
23229159674021657822020723802
23229761439050025081044765477
23230034214029759374025795531
23230350264024748243022416383
23230414874043886736039581568
23230429219019687040019033226
23230511799048624051044765477
23231180834026553085024105749
23231580794018425054016497362
23231640304050025081044765477
23232139404029759374025795531
23232742534024746238022414378
23232984864027050294023259666
23233207209042836700039348161
23233739154024748243022416383
23234111469022940185020723802
23234868454026362705023927491
23234984659024746238022414378
23235297949038466575034507836
23235773384047291056042206262
23235773414029759417025795574
23235840774019328080017342650
23236151964041823007037087832
23236305244022940185020723802
23237406389050025081044765477
23238081734047498843042962721
23238082854033620934029410188
23238269504054316025048032445
23238523214018425054016497362
23238866804022750600020546338
23238869064024746238022414378
23239767869048624051044765477
23239818633039467482036198412
23240102129053058450047604897
23240139944021134133019033226
23240639459081400921072074120
23240646994022537167019035230
23240683334047498843042962721
23240879719027953320024104954
23240901684047093819041272144
23241058514020231107018187938
23241331644050025081044765477
23241584194026147268022414378
23241682145021368276019033226
23241898059053058450047604897
23241898229024341215020723802
23241980944047498841042962720
23242776534022942189020725806
23243467349041823007037087832
23243774179027953320024104954
23243987849027953320024104954
23244503659026554295024106959
23244660274063346289056485326
23244660444026149272022416382
23245786964021134133019033226
23246963584024748243022416383
23247333754077788816068692968
23247669094024746238022414378
23247669779029759374025795531
23248390484031970449029176683
23248402644021136137019035230
23248404604045692789041272144
23248599014024748242022416382
23248834854051109737046342663
23249444294014812948013116209
23249557064022037159019878514
23250086814022881388020546338
23250279469053058450047604897
23250750544029759374025795531
23251168814022940185020723802
23251597669019969250019035230
23251683794021632137018187938
23251688664068561343062678421
23251847843019826083016497361
23251848009026554295024106959
23252079459026149273022416383
23252141154023844019021569897
23252176144025246246021571094
23252437754048624051044765477
23252437789050025081044765477
23252708944045083778040702051
23252817344013909922012270921
23252817689020729110017342650
23252817794024748243022416383
23252817824042019361041272144
23253338024021134133019033226
23254704504024343219020725806
23255200704040274631036200416
23255206184025957682022236914
23255842994050703920044651293
23257366804043886736039581568
23257685934063346289056485326
23258109384044557032039647047
23258878639031565426027486107
23259467314016586094015652074
23260038974027953848024105482
23260230484019967246019033226
23260286234022942189020725806
23260340964016024392012938745
23260402994018425054016497362
23260785834043140184041272144
23261255804027052298023261670
23261558254021632137018187938
23261612534018923057015652073
23261635054018183268017342650
23261896354026552290024104954
23262308944031565426027486107
23262413594018276670017342650
23262525244027953320024104954
23263418824020729110017342650
23263545494051180093048032445
23263690109033371479029176683
23263857984026554295024106959
23263968654021134168019033261
23264035384042080683037890992
23264109124021135335019034428
23264109744023843212021569090
23264243084024343219020725806
23264386764025244242021569090
23264489334028856348024950243
23264594189024748243022416383
23264599784035516790031184826
23265540694021134168019033261
23266294204019969250019035230
23266361254021632137018187938
23266609299028358344025795531
23266951744036510526033426474
23266959079029759374025795531
23267071004043190020038367440
23267074534021134133019033226
23267293414025649264023259666
23267296324046101003042962721
23267744904018425054016497362
23267991839025655750023320700
23268135944027050294023259666
23268413634041673657036198412
23268762469023060856020725806
23269533404031565426027486107
23269553804022940185020723802
23269640774036639503034304453
23270377424022940220020723837
23270378234024748242022416382
23270604374022942189020725806
23270642144024746238022414378
23270754554017522028015652074
23271189109020729110017342650
23272342814023438189019878514
23272972079031565461027486142
23273540644021134133019033226
23273912444036375876034507836
23273913114021134133019033226
23273931619019121958018187938
23274150084022940185020723802
23274359609033620934029410188
23274855304022037159019878514
23275028614026147268022414378
23277491559018425054016497362
23277708884024750205022415155
23277938944026147268022414378
23278524094024341215020723802
23278528774022940185020723802
23279057554024746238022414378
23279060334015742810014808790
23279078209028856348024950243
23279091124043886736039581568
23280559814026147268022414378
23281252224019967246019033226
23282456184021632137018187938
23282457334026149272022416382
23282460734023438189019878514
23282464764022940185020723802
23282477874040421977037087832
23282479214021134133019033226
23283064379040564509036198412
23283191664025244242021569090
23284758544027953320024104954
23284972554018020031014806785
23285048834021632137018187938
23285307074027050294023259666
23285307554029759374025795531
23285464684039054965035808225
23285952654027953320024104954
23287547579023904140021569090
23288708134019138494017165186
23289189874027050294023259666
23290376254020200113019033226
23290689503018425054016497362
23291034179019677700017342650
23292363974024341215020723802
23292694814027953320024104954
23293263914029759409025795566
23293844844021134133019033226
23294439544028130581025795531
23294517529024341215020723802
23295072504025244242021569090
23295566264022037159019878514
23296036234044828756042960716
23296131814018425054016497362
23296654744027050294023259666
23298109484044557032039647047
23299182339026552290024104954
23300210694027953320024104954
23300881564019328080017342650
23301750374023843212021569090
23301900899027953320024104954
23302063559021632137018187938
23302083509019328080017342650
23302413444019328080017342650
23303032584043481713037890992
23303180834022535163019033226
23303181113026440004024104954
23303181334023438189019878514
23303424504019677700017342650
23304430184018425054016497362
23305385034023058852020723802
23305778559026147268022414378
23305778834028358344025795531
23305829544017431382016497362
23305900559028856348024950243
23305901504021134133019033226
23305906034029759374025795531
23306411624021632137018187938
23306950304023438189019878514
23307169789018923058015652074
23307730634022535163019033226
23307747774024151630020546338
23310815284020729110017342650
23310883514036660522032817260
23311905104018923058015652074
23312500434027050294023259666
23312787164019677700017342650
23312914514019328080017342650
23313053164021134133019033226
23313878074036375876034507836
23313919579022535163019033226
23314145194027953320024104954
23314176634019328080017342650
23314672844018425054016497362
23314813324018425054016497362
23314889134027050294023259666
23315261384039088982034528617
23316211399019328080017342650
23319023984019677700017342650
23319065474021632137018187938
23319071954026147268022414378
23319768904021632137018187938
23319769404019328080017342650
23319769544023438189019878514
23320540534018832412016497362
23320549884025244242021569090
23320607604017431382016497362
23320824184022940185020723802
23320934184040455995035808225
23322210604021632137018187938
23322831714020231107018187938
23323079234025649264023259666
23324161414021632137018187938
23324162844022535163019033226
23324373284017522028015652074
23325241314027050294023259666
23325241799020345524018010474
23325241934018020031014806785
23326121304022535163019033226
23326610984020729110017342650
23326639974027050294023259666
23326640964026554003024106667
23326887404016586094015652074
23327743414014218340011248169
23329804844018425054016497362
23330617314041823007037087832
23330620854027953320024104954
23330656204022503110021569090
23330994444015090801013784034
23331366064015264461013538853
23331368024023904140021569090
23331372404050025081044765477
23331373753020231107018187938
23331420484025649264023259666
23331420654027953320024104954
23331420794027050294023259666
23331804924033166926028985209
23332351524024341215020723802
23332889869039088982034528617
23333327694036255500031126684
23334136914027050294023259666
23335990854026147268022414378
23336348579018923058015652074
23336477654026552290024104954
23336622204027953320024104954
23336711819033048418029436108
23336712904016539393015652074
23336933234017522028015652074
23338885199021632137018187938
23339273804023843212021569090
23339566054033048418029436108
23339584133040455995035808225
23339586144022535163019033226
23341054044023904140021569090
23341055784018923057015652073
23341691974017431382016497362
23341834864019826084016497362
23341995914024749428022414378
23342416764020729110017342650
23342418104016408630015474610
23346386304023248603019701050
23348639714026147268022414378
23349184974018020031014806785
23349190214023438189019878514
23349814544017522028015652074
23349815494017522028015652074
23350525394016619001014806785
23351994894027953320024104954
23354765284018425054016497362
23357375614039088982034528617
23357445124020729110017342650
23358427774025244242021569090
23358459994024749428022414378
23361336054023843212021569090
23364536534037721970033249010
23365173834026147268022414378
23365223319019826084016497362
23365601119027050294023259666
23366411313019826083016497361
23371035664025244242021569090
23371392114026147268022414378
23371650164018276670017342650
23373131539021894064018433118
23375095564016619001014806785
23376515974018923058015652074
23381132994026147268022414378
23381137414018923058015652074
23386434654018020031014806785
23387366024025244242021569090
23402861924020729110017342650
23426988054016619001014806785
24213429635023348398022414378
24213450766026554003024106667
24219135838026552290024104954
24219687962045692789041272144
24221428842021136137019035230
24221694127050025081044765477
24222742494053058450047604897
24240108867032468522028331464
24241476606043886736039581568
24251597053057523108049723021
24255168890022942189020725806
24255169706022940185020723802
24255174033021134168019033261
24256657534019698384019035230
24259131657040272627036198412
24259930630024748243022416383
24260786403021368276019033226
24260992224021134133019033226
24263259501046229786042960716
24265589584026554295024106959
24267411766019969250019035230
24267748965022940185020723802
24273967067028360348025797535
24277491962023438189019878514
24288128991021134133019033226
24295466347026147303022414413
24298370871027050294023259666
24303181888020729110017342650
24310815094020729110017342650
24315964713019121958018187938
24326640057027953320024104954
24329730375017522028015652074
24357400771033586915030689795
24357453085019826084016497362
24358452104016586094015652074
24362286804034854470031126684
24384852404023904140021569090
27116548475021480358020546338
27118338729024748243022416383
27120176884045692789041272144
27125316145027953320024104954
27127690109024746238022414378
27128998069024748242022416382
27130018381019967281019033261
27135110855024748242022416382
27135113722021134133019033226
27135119011021134168019033261
27135119232041255156037867739
27136032505034734408031763918
27137027963024341215020723802
27137753133047498843042962721
27137847294023845216021571094
27139594237022752605020548343
27142116885021134133019033226
27142721207019328080017342650
27142728376024748243022416383
27142728805019967246019033226
27142729194023438189019878514
27144124540027809374023845531
27145149717024106959024106959
27145463632021134133019033226
27145465279047922367044653297
27145993291029759374025795531
27146481227019328080017342650
27146980630026147268022414378
27147403769050705925044653297
27147489205033371479029176683
27147591115026149272022416382
27147627306032470457028333399
27149866928041268635034507836
27160027679050025081044765477
27160173861033371479029176683
27160174531023845216021571094
27160987133029759374025795531
27161185650026554295024106959
27161943857026554295024106959
27161944632022535163019033226
27163095845023845216021571094
27163104151021632137018187938
27163107428019969250019035230
27163302824027050294023259666
27163941290021136137019035230
27164178701021134133019033226
27164395419024343219020725806
27165385131028130581025795531
27165385794021632137018187938
27165659002044557032039647047
27166410938026147268022414378
27166627430024751433022416383
27166676024024341215020723802
27167355353022796238020464378
27167712482026554295024106959
27167714671024748243022416383
27167716070045692789041272144
27167720868033371479029176683
27167823675043884767039579599
27168021920024746238022414378
27168026841020231107018187938
27168050408026552290024104954
27168052095020231107018187938
27168053393018425054016497362
27168848388050025081044765477
27170284785044559036039649051
27170585262020231107018187938
27171228439047291056042206262
27171242008031565426027486107
27171649809048813960044193623
27171693174047497281042961159
27171694855019328080017342650
27171839322019328080017342650
27172151286021134133019033226
27172366711033371479029176683
27173225488032468453028331395
27173616460026552290024104954
27173676455024341215020723802
27174140176021134133019033226
27174984323021134133019033226
27174991818041823007037087832
27175639077021657822020723802
27175749735045879312041270140
27176121748022940185020723802
27176581773024341215020723802
27176753531028360348025797535
27176753949059734597053104587
27176769594021135068019034161
27177180713028358344025795531
27177184441020231107018187938
27177659164028856348024950243
27177792190029671993025797535
27177792425024341215020723802
27177829906050027085044767481
27178402485036660522032817260
27178909709019969250019035230
27179104763050025081044765477
27179109668023350403022416383
27179109803020729110017342650
27179668306031970449029176683
27179698175038428343035221797
27179698205042838704039350165
27179716688020231107018187938
27179736824021632137018187938
27179736972042838441039349902
27179770267019121958018187938
27180149711023438189019878514
27180372844024747950022416090
27180625777026147303022414413
27180899699063831173058250659
27180905702041398237040426856
27181013678021134133019033226
27181013740022415180022415180
27181024327052511976046343872
27181024351027955325024106959
27181024378045762811042960751
27181024904021136137019035230
27181024971042836700039348161
27181176402047291056042206262
27181176488037721970033249010
27181194796025244242021569090
27181213146024748243022416383
27181318134026552290024104954
27181320759022940185020723802
27181548423022535163019033226
27181548717047498843042962721
27181555764034857529033923509
27181570895037323342036389322
27181574874042836700039348161
27181816029020231107018187938
27181830498024746238022414378
27181849555021136137019035230
27182119666028358344025795531
27182528914028130581025795531
27182597150042837502039348963
27182597185029759374025795531
27182599331022037159019878514
27182599528042241556041270175
27182600011042838412039349873
27183004501021134286019033379
27183016372022503110021569090
27183079196024746238022414378
27183079234021136137019035230
27183186782019328080017342650
27183397554021134133019033226
27183655383024748243022416383
27183725489050025081044765477
27183768188023889702020301158
27183796068033371479029176683
27184003851054723053049725026
27184051589026554295024106959
27184060669020723802020723802
27184073493047498843042962721
27184091556024746238022414378
27184161147050025081044765477
27184297936048624051044765477
27184352295050027085044767481
27184513884024747950022416090
27184517251060201081054852796
27184528474024748243022416383
27184528482023350403022416383
27184716548026554003024106667
27184733353019121958018187938
27184795294070919737063574538
27184809201021134168019033261
27184947752075771715069384142
27184947876051108944046341869
27184951644021659826020725806
27185005483023438189019878514
27185056525026554295024106959
27185062096048624051044765477
27185062118020231107018187938
27185147024033269420029176683
27185147059044557032039647047
27185162740024747950022416090
27185198346023350403022416383
27185334843024746238022414378
27185420758024748243022416383
27185426209021659826020725806
27185443308042731971039581568
27185509279050025081044765477
27185534974050025081044765477
27185607084024748243022416383
27185642246050025081044765477
27185701854024747033022415173
27185753412028858352024952247
27185792736022537167019035230
27185847220022940220020723837
27185910038019969250019035230
27185934948022416383022416383
27186036994043413835041545795
27186069566021134168019033261
27186113778042696513039348161
27186118842042838412039349873
27186125059029176718029176718
27186140023027953364024104998
27186163295020231107018187938
27186178098042838704039350165
27186422886022940185020723802
27186485667060621122056543079
27186504610039673613036387318
27186681504050025081044765477
27186681539031970449029176683
27186686239072503284065056963
27186735000017522028015652074
27186899119045999786042309004
27186901199021136137019035230
27187114875026552290024104954
27187237373026554003024106667
27187883518023843212021569090
27187913336044557032039647047
27189084736026147268022414378
27200568139029760169025796326
27200620890018425054016497362
27201288016050025081044765477
27201423371024747950022416090
27201511068047498550042962428
27201512250023349193022415173
27201513400021134133019033226
27201514504042836700039348161
27201515055045999786042309004
27201516337024747033022415173
27201517600050025081044765477
27201518674024669527022414378
27201518690024748243022416383
27201521543026552290024104954
27201521586047211230042131540
27201522310042561393037779007
27201523031024343219020725806
27201523201041268635034507836
27201523627056718831054850791
27201523678026147796022414906
27201523848059392107054852795
27201524135056416819051415602
27201524577022682640020548087
27201524682046688796039581568
27201526537049723065049723065
27201526960048814068044193732
27201530127024747490022415630
27201530224060199239054850954
27201533290024746238022414378
27201536540050025081044765477
27201536699050025081044765477
27201537946019328080017342650
27201539280053058450047604897
27201539299024341215020723802
27201539477046061663044193623
27201543709047498843042962721
27201543741050025081044765477
27201546244050025081044765477
27201546945045849295042309799
27201548352024146985023259666
27201548891040421977037087832
27201551256021134133019033226
27201551450050553169044653297
27201552481024748243022416383
27201552988026440004024104954
27201555138074176711065311815
27201555170045215389039579564
27201556347026552290024104954
27201559729042696513039348161
27201560425047496882042960760
27201561952033371479029176683
27201564382031375840027308643
27201565206031565426027486107
27201567314047100527044765477
27201572237023843212021569090
27201572474021134133019033226
27201572547050025081044765477
27201573063040421977037087832
27201573691022941848020725465
27201574329065778825065311815
27201575775031970449029176683
27201577115050025081044765477
27201579002019826084016497362
27201583468028132585025797535
27201585177024747432022415572
27201585185033371479029176683
27201587153033371479029176683
27201588370033371479029176683
27201601571024748243022416383
27201627856050025081044765477
27202204126039962980036658183
27202262819040164548036846991
27202464551063346289056485326
27202464578047400816042309004
27202464926025244242021569090
27202465302031970449029176683
27202605082028130581025795531
27202606380027953320024104954
27202606577045692789041272144
27202606755031970449029176683
27202671700042836700039348161
27202673223026554003024106667
27202675188049162874045269848
27202675943027953364024104998
27203008460045690827041270183
27203010007019969250019035230
27203070387024748243022416383
27203070867024746238022414378
27203072665021657822020723802
27203074188040272627036198412
27203074404050025081044765477
27203074609047498843042962721
27203077152044287621039394862
27203077314024343219020725806
27203077322042837495039348956
27203077357040272662036198447
27203078248033371479029176683
27203089576046101003042962721
27203141039042886591039394862
27203270289050025081044765477
27203270300048624051044765477
27203271072046231791042962721
27203271781024748243022416383
27203271870027809374023845531
27203337529033371479029176683
27203337766048897868042960716
27203337847022816007022414378
27203337944071374651065311815
27203344495050025081044765477
27203347257050025081044765477
27203429946026554295024106959
27203536041044557032039647047
27203536521050025081044765477
27203536750024748243022416383
27203564363047496838042960716
27203930831024746238022414378
27204324110026149272022416382
27204324900040162544036844987
27204344162020729110017342650
27204480317043884732039579564
27204480368050025081044765477
27204602978021134133019033226
27204652428013268823011670813
27204792211043140184041272144
27204792238024748243022416383
27204793250019696391019033237
27204793374037448476034304453
27204793714029759409025795566
27204793919023348398022414378
27204858573024748243022416383
27204866010050025081044765477
27204866746036354958031969403
27204951093043074687036198412
27204951190048899873042962721
27204967240026147268022414378
27205008344024747979022416119
27205025249053827095047574776
27205039266050025081044765477
27205060532050025883044766279
27205060710043215582040077300
27205060761038849506034304453
27205119715024747033022415173
27205187060022940185020723802
27205192153075809050068151235
27205192994020231107018187938
27205194636029759374025795531
27205196027024746238022414378
27205196132021134133019033226
27205196337019328080017342650
27205196361060199076054850791
27205196574043156002039647047
27205207924042837890039349351
27205240123049864587044765477
27205240786050025081044765477
27205357497024746238022414378
27205442303037449271034305248
27205442362065907396060194180
27205442907028858010024951905
27205503973026554295024106959
27205510163024341258020723845
27205510325024748243022416383
27205510430026440056024105006
27205511062024748243022416383
27205511348028358344025795531
27205511607050025081044765477
27205640970041010716039142676
27205641284060199076054850791
27205641845035239916034305896
27205641942023350403022416383
27205642868024746238022414378
27205645123047498843042962721
27205646340024748243022416383
27205646464024746238022414378
27205647096037450480034306457
27205647940023845216021571094
27205649331024748243022416383
27205649846039724245036198412
27205649978029760169025796326
27205780047044239734039350165
27205780993045999786042309004
27205781213024341215020723802
27205781892048624051044765477
27205781906027955325024106959
27205782465025795582025795582
27205832225023350403022416383
27205879051050025081044765477
27205898129040272627036198412
27205898161050025081044765477
27205906539026970415023259666
27205906687050563904045269848
27205906814027455318024950243
27205912784052509974046341869
27205946387024748243022416383
27205947030024748243022416383
27205948053047400816042309004
27205948169042838704039350165
27205948703024747950022416090
27206042724045999786042309004
27206044948042836700039348161
27206045278053058450047604897
27206045383050025081044765477
27206054064029760643025796800
27206054498050025081044765477
27206054749050025081044765477
27206054927048899873042962721
27206150802050025081044765477
27206169562047498843042962721
27206169716046101003042962721
27206247490050025081044765477
27206382649068560800062677878
27206382975050025081044765477
27206458300044557032039647047
27206472974050025081044765477
27206501532031970449029176683
27206603831024746238022414378
27206604226024748243022416383
27206604617022796238020464378
27206609104050300901042962720
27206609384029759374025795531
27206728413073170624064370166
27206728529026149273022416383
27206756654026149272022416382
27207105339024193686023259666
27207188412050025081044765477
27207216211072480462063724025
27207323808019328080017342650
27207324448021134133019033226
27207325789035240477034306457
27207326068022750600020546338
27207327366022535163019033226
27207328788013909922012270921
27207329342024748243022416383
27207381212022869812020723802
27207381565044147302039394905
27207382111022940185020723802
27207382529042836700039348161
27207383223037415164034507836
27207395248050025081044765477
27207606257022942189020725806
27207697619033371479029176683
27207711603024746238022414378
27207870213052511979046343874
27207871112023350403022416383
27207871139054316820048033240
27207872429019138494017165186
27207872593024746238022414378
27207872798024748243022416383
27207873131042838704039350165
27208059403024751433022416383
27208059632062500148055693414
27208059799054851837049723021
27208145539023438189019878514
27208190127024104954024104954
27208238553042836700039348161
27208257957042838412039349873
27208388644047498550042962428
27208487219033371479029176683
27208498334043156002039647047
27208574901050025081044765477
27208577021040421977037087832
27208875510042888595039396866
27208939942038466575034507836
27208980071053911046046341912
27208980195023438189019878514
27208980721024746238022414378
27208980918024669641022414492
27208981523029759374025795531
27208981639023843212021569090
27208981981021134133019033226
27209002227024746238022414378
27209002367033371479029176683
27209002871024748243022416383
27209004424019328080017342650
27209006109023350403022416383
27209007202022940185020723802
27209105107047498843042962721
27209119140050025081044765477
27209166564028358655025795842
27209166750026149273022416383
27209166947021134133019033226
27209167137044830761042962721
27209310916052510016046341912
27209311033022942189020725806
27209378057047291056042206262
27209378529047498566042962444
27209573267023904140021569090
27209578935022942189020725806
27209586059050025081044765477
27209586865022941848020725465
27209595783027953320024104954
27209596127024341250020723837
27209596488021657822020723802
27209597409043074687036198412
27209599762022942189020725806
27209619194021134184019033277
27209741542050025081044765477
27209768726060199076054850791
27209872167023350403022416383
27210058554047498843042962721
27210250544047211230042131540
27210251109053058450047604897
27210270421031970449029176683
27210292166052509974046341869
27210316405033371479029176683
27210316472021657865020723845
27210365511018832412016497362
27210394066024602290022154954
27210443237029759374025795531
27210558506051657420047604897
27210673550021134133019033226
27210676045025244242021569090
27210762677040162588036845031
27210800161050025081044765477
27210894077029759374025795531
27210894875047498843042962721
27211000223024748243022416383
27211050875026552290024104954
27211123023060201080054852795
27211125719026553085024105749
27211126235031511733029176683
27211126812026552290024104954
27211127215040162855036845298
27211127401033371479029176683
27211128262053913007046343873
27211128742022942189020725806
27211210376022037159019878514
27211599273050025081044765477
27211720609049304895044653297
27211793150028358344025795531
27211801099051657420047604897
27211803962042836700039348161
27211813933033372274029177478
27213062307019328080017342650
27213209715019328080017342650
27213302081042888318039396589
27213336032073653761066133753
27213336083028359139025796326
27213341087022414413022414413
27213391319022416383022416383
27213393036018425054016497362
27213393125043886736039581568
27213395306059864566056720543
27213396396022940185020723802
27213396434021136137019035230
27213397716022942189020725806
27213399212024748243022416383
27213400067024748243022416383
27213400571026552290024104954
27213400652047091814041270140
27213400962042838704039350165
27213401748042836700039348161
27213401934021136137019035230
27213404720048624051044765477
27213404739027955325024106959
27213405956029759374025795531
27213406022052687233048032445
27213406057044287664039394905
27213406154033373483029178687
27213407363047352423042962721
27213409129020231107018187938
27213410666024746298022414438
27213412898023980056022415572
27213413215021134133019033226
27213415064026554295024106959
27213416583023348398022414378
27213416826031972453029178687
27213417792022942189020725806
27213418381026554295024106959
27213418500026552290024104954
27213418640031970449029176683
27213419019026554295024106959
27213419183052917000048034449
27213421153053058450047604897
27213422184019328080017342650
27213422567050025081044765477
27213422907033371479029176683
27213423717033371479029176683
27213423776024748243022416383
27213424608024748243022416383
27213427224028856348024950243
27213427593026553085024105749
27213428573020231107018187938
27213429901033371479029176683
27213430349047498843042962721
27213431027019328080017342650
27213431116026149272022416382
27213431345024746238022414378
27213431434029759374025795531
27213432678053058450047604897
27213433100050025081044765477
27213433712027050294023259666
27213433771023170934022236914
27213435227024746238022414378
27213435480022883393020548343
27213435545057750027051413597
27213438153047291056042206262
27213438315026553085024105749
27213438722026554003024106667
27213439303030931842030931842
27213439338033371479029176683
27213439478050025081044765477
27213439494024748243022416383
27213439540033371479029176683
27213440816023348398022414378
27213441596033373191029178395
27213442436048624051044765477
27213442746029759374025795531
27213442770033371479029176683
27213444781050025081044765477
27213445370045925706040928317
27213446032026552290024104954
27213446369022881388020546338
27213447195022942189020725806
27213447772038466575034507836
27213447977029761378025797535
27213448027050025081044765477
27213448086050025081044765477
27213448582033371479029176683
27213452695018020031014806785
27213452997018425054016497362
27213998817024748243022416383
27214183248024748243022416383
27214210733048624051044765477
27214403566030472814026463355
27214731288047496838042960716
27214843450026554295024106959
27214898026033371479029176683
27215199350023350403022416383
27215410191047498843042962721
27215478926022942189020725806
27215558962034953971031969446
27215807261021482070020548050
27215807547072775681065311815
27215807598022535163019033226
27215837896047498843042962721
27215908580031970449029176683
27216090670018425054016497362
27216091413037450480034306457
27216091561016619001014806785
27216093467020231107018187938
27216094560058771792054852532
27216094943024746238022414378
27216294764019826084016497362
27216310182019826084016497362
27216314196022942189020725806
27216314676039235343036200416
27216314730060201080054852795
27216315303024748243022416383
27216315605022535163019033226
27216317373042836700039348161
27216317586021136137019035230
27216318833023350403022416383
27216320064021134133019033226
27216321834022942189020725806
27216324582019969250019035230
27216325325027953848024105482
27216326062019969250019035230
27216326518047498843042962721
27216326801026554295024106959
27216327751021134168019033261
27216329274049304895044653297
27216425044021136137019035230
27216426040021134133019033226
27216427683027050294023259666
27216429147024747979022416119
27216430153024571964022236914
27216450359040272627036198412
27216695912025039769024105749
27216708607033371479029176683
27216709751026552290024104954
27216780146050025081044765477
27216786438050025081044765477
27216786799050025081044765477
27216787264033371479029176683
27216787469047498843042962721
27216788007074092802066544722
27216788058047498843042962721
27216788074031067458028331430
27216790508050025081044765477
27216790745039603765036321936
27216807206024746238022414378
27216820970042836700039348161
27216852023047498843042962721
27216852724029761378025797535
27216852899050025081044765477
27216853828047496838042960716
27216854115037450480034306457
27216854425024748243022416383
27216854522060085513056485326
27216854654022414378022414378
27216854972044287621039394862
27216855227041823007037087832
27216855847031511733029176683
27216931144041256819037869402
27217010735033371479029176683
27217010808043140184041272144
27217011111042836700039348161
27217011383056124083049725026
27217011790025957682022236914
27217011952022537167019035230
27217120468018276670017342650
27217120794037448476034304453
27217232797029759374025795531
27217256408050025081044765477
27217256645050025081044765477
27217257781060201080054852795
27217257943027953320024104954
27217258982022940185020723802
27217267388037450480034306457
27217472747069963834062679882
27217474278033371479029176683
27217522396019138494017165186
27217522450038850699034305646
27217522930024669914022414765
27217523287018923058015652074
27217523821023350403022416383
27217524739033371479029176683
27217524976021134133019033226
27217657909032468453028331395
27217677926046688796039581568
27217688898028856348024950243
27217729535052511978046343874
27217733621077788817068692968
27217767437050025081044765477
27217822195026554295024106959
27217822497021632137018187938
27217836811028358344025795531
27217863657026554295024106959
27217894080018425054016497362
27217915223024748243022416383
27217915568021134133019033226
27217916971055792966049725026
27217917188021134133019033226
27217918265028131376025796326
27217940317022037159019878514
27217980599022535163019033226
27217991310069520419063576250
27218053896024748243022416383
27218057581044829916042961876
27218121093050025081044765477
27218167085015264461013538853
27218180448043156002039647047
27218180537031565426027486107
27218248158043192024038369444
27218248417021136137019035230
27218263645031970449029176683
27218299380023058852020723802
27218299399047498843042962721
27218299402056122079049723021
27218422840037448476034304453
27218529858060201081054852796
27218550164043074687036198412
27218550539050025081044765477
27218551063023438189019878514
27218574683050025081044765477
27218705869025244242021569090
27218778335050025081044765477
27218799014026147268022414378
27218799499024746238022414378
27218943409033371479029176683
27218970058051108942046341868
27218971224050025081044765477
27218972271051110947046343873
27218972603028856348024950243
27218977532019328080017342650
27218977567023348398022414378
27219098370042838412039349873
27219100138024748243022416383
27219100251036356962031971407
27219100294023438189019878514
27219100839024746238022414378
27219101126023845216021571094
27219101134029571792025620071
27219101487047211230042131540
27219101754050025081044765477
27219101797023350403022416383
27219101851069516894060949941
27219101991027050294023259666
27219150887077788816068692968
27219164012061517909056085410
27219164195024341215020723802
27219164640048658068043485869
27219256626020231107018187938
27219275124028360348025797535
27219350304027953320024104954
27219350339048815964044195628
27219350355024746766022414906
27219350525018425054016497362
27219350797047498843042962721
27219350835038310126035460536
27219351149024748243022416383
27219351866033371479029176683
27219352919024748243022416383
27219365344023350403022416383
27219369064019969250019035230
27219375404018276670017342650
27219482839047498843042962721
27219484262031565426027486107
27219491447029759374025795531
27219491641047793198043238256
27219491706024748243022416383
27219493121023845216021571094
27219493210021136137019035230
27219494594020231107018187938
27219680703044350683041270140
27219681017019328080017342650
27219683907024748243022416383
27219684199045692789041272144
27219684369023350403022416383
27219684792019121958018187938
27219685098047498843042962721
27219685705024748243022416383
27219687511020231107018187938
27219692140033371479029176683
27219695204049304895044653297
27219740102050025081044765477
27219793826022535163019033226
27219891674028359139025796326
27219894223031375840027308643
27219936082057523109049723022
27220041145041673692036198447
27220074655047496898042960776
27220107928018276670017342650
27220162961026147319022414429
27220230061046098998042960716
27220258403023438189019878514
27220277769050025081044765477
27220279796047498843042962721
27220320710071374651065311815
27220320753029759374025795531
27220320818050025081044765477
27220466456044830761042962721
27220628138024748243022416383
27220738030039350165039350165
27220745118047211230042131540
27220782455024341215020723802
27220892021026552290024104954
27220892110021136137019035230
27220892889027486107027486107
27220899638049595626046341868
27221047074045810200042131540
27221179590050025081044765477
27221197025044363751042962721
27221197211047291056042206262
27221234591050025081044765477
27221270733028358502025795689
27221275859019328115017342685
27221423955026147268022414378
27221429171026553085024105749
27221511609024748243022416383
27221549592047498843042962721
27221565520021659826020725806
27221692476022416106022416106
27221717789024748243022416383
27221780774027455318024950243
27221884030021659826020725806
27221908193020231107018187938
27221911550041255156037867739
27221979112050025081044765477
27221979252048658068043485869
27221979481027457322024952247
27221981052045692789041272144
27222026992043156002039647047
27222041959042838704039350165
27222069691021134133019033226
27222071327057928925051414392
27222086448033371479029176683
27222086529051240043046342180
27222087061045810200042131540
27222087444025244242021569090
27222087517050025081044765477
27222104292056122079049723021
27222105000022537167019035230
27222118862042850638039581568
27222187643052509974046341869
27222230433022668569022416383
27222352415040272662036198447
27222399810033371479029176683
27222399942020522988018187938
27222420925047498843042962721
27222424238042836700039348161
27222425684024746238022414378
27222427091039880552039647047
27222427512037450480034306457
27222428608020231107018187938
27222431633024748243022416383
27222433962024748243022416383
27222435310022750600020546338
27222437259024748243022416383
27222437666019328080017342650
27222438115028856348024950243
27222487574048624051044765477
27222487949031567430027488111
27222487965026149272022416382
27222506188047498843042962721
27222526170021136137019035230
27222615513024746238022414378
27222710095025651268023261670
27222742477029759374025795531
27222755854029759374025795531
27222818066026554295024106959
27222818902028130892025795842
27222890743050134841044868219
27222891723053913007046343873
27223011050047291056042206262
27223011085048897868042960717
27223011964022940185020723802
27223082225039964984036660187
27223082470019328080017342650
27223082845026147268022414378
27223128209050025081044765477
27223168308033371479029176683
27223169428045287766039581568
27223259389026147268022414378
27223259680027953320024104954
27223342510032468453028331395
27223403781029759374025795531
27223452626031565426027486107
27223473119048624051044765477
27223486172029759374025795531
27223486466048624051044765477
27223486598024748243022416383
27223486652042838704039350165
27223486709041160363037779007
27223489449029759409025795566
27223522349050025081044765477
27223522640024748243022416383
27223522675026149273022416383
27223576090047498843042962721
27223732769027457322024952247
27223837048050025081044765477
27223847841041364045036658218
27223972247050025081044765477
27223989972019969250019035230
27224000796036660522032817260
27224055566040421977037087832
27224059065037687953034528618
27224090418021134133019033226
27224151026027953364024104998
27224151085024153635020548343
27224151093050300903042962721
27224151336019967246019033226
27224151506024748243022416383
27224151549022537167019035230
27224151689050026274044766670
27224151743024746238022414378
27224190323024746238022414378
27224209679054262333049723021
27224221601024748243022416383
27224221857064719991059082696
27224258998027953320024104954
27224356973026552290024104954
27224391566026554295024106959
27224392473028358655025795842
27224392597044557032039647047
27224392651017522028015652074
27224394344026149272022416382
27224400603056720835054852795
27224402177020231107018187938
27224402258053058450047604897
27224402347026149273022416383
27224404633051885431044445809
27224405303024341215020723802
27224405400057487013052312262
27224405516038849506034304453
27224405656047498843042962721
27224414787071906672063186919
27224461033028358344025795531
27224470350027955325024106959
27224492559031970449029176683
27224519996021136137019035230
27224559106024746238022414378
27224600750043156325038897730
27224639002050025081044765477
27224639355026554295024106959
27224639452026553085024105749
27224781747040455995035808225
27224896161039964984036660187
27225062671025244242021569090
27225178041056124083049725025
27225301943050299693042961511
27225311922031970449029176683
27225317556027953848024105482
27225320557043190020038367440
27225439341024748243022416383
27225439422053058450047604897
27225468392044237730039348161
27225472225024748243022416383
27225504011046001790042311008
27225526228022940185020723802
27225576535024343219020725806
27225611624024749428022414378
27225689615033371479029176683
27225689852025649264023259666
27225816153031970449029176683
27225840321050300092042961910
27225841638029761378025797535
27225843479050025081044765477
27225886356072775681065311815
27225918568039964488036659691
27225984013050025081044765477
27226000513033371479029176683
27226088836023350403022416383
27226124646045810200042131540
27226129346024341215020723802
27226171431040274631036200416
27226171725023845216021571094
27226172322047496838042960716
27226172713024748243022416383
27226174376023350403022416383
27226174910023350403022416383
27226175135047498843042962721
27226175240024748243022416383
27226176530024748243022416383
27226179122047498843042962721
27226180171022750600020546338
27226180236019328080017342650
27226181585040597694035940992
27226181836039235343036200416
27226184762019328080017342650
27226185432033371479029176683
27226187249022942189020725806
27226527015020231107018187938
27226635284024746782022414922
27226636000028358344025795531
27226636779052509974046341869
27226687098024748242022416382
27226698081026149273022416383
27226698367025246246021571094
27226699797023060856020725806
27226699908026149273022416383
27226744148042836700039348161
27226744334022940229020723846
27226773628026149272022416382
27226774128031565426027486107
27226811279021657822020723802
27226811813021136137019035230
27226812135050025081044765477
27226813077024746238022414378
27226813840019328080017342650
27226813913047498843042962721
27226814731047444293042962720
27226860091024746238022414378
27226869374020944547018855762
27226869617017522028015652074
27226869781026553775024106439
27227029973029759374025795531
27227032869033371479029176683
27227032915048624051044765477
27227052290028130640025795590
27227053211026442009024106959
27227053815050025081044765477
27227134114026149273022416383
27227221408024746273022414413
27227221858020231107018187938
27227221904047496873042960751
27227222110047498843042962721
27227222242024746238022414378
27227222285026148462022415572
27227222943060199239054850954
27227223206020812534019878514
27227223834042838704039350165
27227225918072775681065311815
27227227341047498843042962721
27227290779045810527042131867
27227322220042836700039348161
27227448585022537167019035230
27227460577028358670025795857
27227542840028358344025795531
27227542859020231107018187938
27227633307026553953024106617
27227633587026554295024106959
27227644171048624051044765477
27227644856047211230042131540
27227709389026552290024104954
27227980058024746238022414378
27228004931024748243022416383
27228042418024748242022416382
27228060092044557032039647047
27228200692020231107018187938
27228216262024748243022416383
27228388071022537167019035230
27228388519033373483029178687
27228389213022535206019033269
27228389744022942189020725806
27228389892027955325024106959
27228396058033371479029176683
27228446187050025081044765477
27228446268042886591039394862
27228490003021370280019035230
27228619162023438189019878514
27228641842033371479029176683
27228769245018425054016497362
27228801580024746238022414378
27228815743049494481044830761
27228935595032468453028331395
27228970641022940185020723802
27229098204024748243022416383
27229098654024748243022416383
27229098883031565426027486107
27229244480033048418029436108
27229401713047460031044194151
27229401748021134133019033226
27229401845037448476034304453
27229411174055978131049463597
27229560153056122079049723021
27229560285031565426027486107
27229720614041257160037869743
27229736545019328080017342650
27229736642028856348024950243
27229866872050025081044765477
27229872597024748243022416383
27229951411050025081044765477
27229990824050025081044765477
27229994609023348398022414378
27230034740024556652022236914
27230043855038092070034906896
27230043944029759374025795531
27230178157019328080017342650
27230203801026729862025795842
27230206525042887386039395657
27230313771043156002039647047
27230350324024748243022416383
27230350960024748243022416383
27230410211019328080017342650
27230410742023348398022414378
27230411145050921362046166410
27230411706029759374025795531
27230412273022535163019033226
27230413970022154954022154954
27230414071019121958018187938
27230415361044789763040426856
27230418131020231107018187938
27230418573046099339042961057
27230419359019967246019033226
27230421663023845216021571094
27230424166042836700039348161
27230424409023350403022416383
27230424611024748243022416383
27230424824018276670017342650
27230426738029759374025795531
27230427262046101003042962721
27230428072036375876034507836
27230483154028358344025795531
27230483197047498843042962721
27230483758055786815054852795
27230484576046101003042962721
27230486161042944289038699251
27230486579044287621039394862
27230486862029759901025796058
27230487559021659826020725806
27230488938019328080017342650
27230511697050025081044765477
27230555198033371479029176683
27230569601047100527044765477
27230570928047498843042962721
27230800044016619001014806785
27230815378050025081044765477
27230821351015264461013538853
27230822404037450480034306457
27230822676024343219020725806
27230822692050300903042962721
27230822838023906144021571094
27230853334050134841044868219
27230854187047498843042962721
27230854470024748243022416383
27230854748022535163019033226
27230968964046686792039579564
27231076226024748243022416383
27231172039021134133019033226
27231320186044557032039647047
27231501717040455995035808225
27231503914021134133019033226
27231510120019967246019033226
27231510341022942189020725806
27231510465024748243022416383
27231580315050025081044765477
27231613817045692789041272144
27231614368019121958018187938
27231614562052511115046343011
27231615542020231107018187938
27231616085047498843042962721
27231626986027954514024106148
27231638690043190020038367440
27231640288033371523029176727
27231640407033371479029176683
27231695058026552290024104954
27231770629027955325024106959
27231878012050025081044765477
27231878330026554003024106667
27231878357027953320024104954
27231883628027953320024104954
27231912660027953864024105498
27232015670023843212021569090
27232034217047496838042960716
27232034411070514713061883961
27232286550029759374025795531
27232544614047498843042962721
27232809863072775681065311815
27232821952024748242022416382
27232821987043156046039647091
27232840108051108943046341869
27232840205033371479029176683
27232840574023349592022415572
27232901344050025081044765477
27232901476033371479029176683
27232906176023350403022416383
27232930816024748243022416383
27232942113017332442015474610
27232942296021136070019035163
27232942342053058450047604897
27232980090044557076039647091
27232980589024748243022416383
27233021526026552290024104954
27233058403021368276019033226
27233058764029759374025795531
27233058926022940185020723802
27233058977026147268022414378
27233059108022535163019033226
27233059132022942189020725806
27233059337029759374025795531
27233108060042836700039348161
27233119429024748243022416383
27233207042029759374025795531
27233216122050025081044765477
27233253842050025081044765477
27233333706050300903042962721
27233337019033373483029178687
27233340478047100527044765477
27233351747033371479029176683
27233351925071672535067002435
27233352093021134133019033226
27233352131050025081044765477
27233353308046950042042449010
27233353367047498843042962721
27233387237020231107018187938
27233399529024746238022414378
27233453299030164465027486176
27233454392024748243022416383
27233500106022940185020723802
27233504632025244242021569090
27233577095037449256034305233
27233577745040272780036198565
27233578296029759409025795566
27233578725024748242022416382
27233578865022535163019033226
27233668740024748243022416383
27233677944048673729046341869
27233738684050025081044765477
27233739125027955325024106959
27233739184023350403022416383
27233739788042850347039581277
27233890923032469845028332787
27233917228022942189020725806
27234054541019328080017342650
27234054622051657420047604897
27234100071015526390013784034
27234101612017522028015652074
27234104336021424317020723802
27234104530042078680037888988
27234104964024748243022416383
27234105537019967246019033226
27234106371024746238022414378
27234109478033371479029176683
27234110484021136137019035230
27234111162046101003042962721
27234111278019138494017165186
27234111456041364010036658183
27234112673049303418044651820
27234115338019967399019033379
27234115729021134133019033226
27234116261020231107018187938
27234119783021134168019033261
27234179190025040979024106959
27234179433024748243022416383
27234197482024748243022416383
27234197881042078680037888988
27234282390034736413031765923
27234282870021370280019035230
27234320950019121958018187938
27234321140028856348024950243
27234321744025244242021569090
27234509999041823007037087832
27234652597056890076051191534
27234652929020231107018187938
27234673691029759374025795531
27234721408048897867042960716
27234800057023350403022416383
27234800448021136137019035230
27234800472024746238022414378
27234984301027953372024105006
27234984433017522028015652074
27234985502019328080017342650
27234985995042838704039350165
27234987688024748243022416383
27235099468028856348024950243
27235235345021134133019033226
27235250174023348398022414378
27235440445042836700039348161
27235447210050025081044765477
27235516166042886591039394862
27235556478026147303022414413
27235577661028358655025795842
27235578811043715857037890992
27235703187022940185020723802
27235708197033371479029176683
27235773134045538586042960716
27235773584026554003024106667
27235800859025651268023261670
27235878866024413976024105749
27235879552029759374025795531
27236150297042078680037888988
27236176474020231107018187938
27236257806019328080017342650
27236258098043140184041272144
27236258349022940185020723802
27236259647024746238022414378
27236301007021659826020725806
27236305088022940220020723837
27236305452027953380024105014
27236329963026554295024106959
27236360666031565469027486150
27236470100021134133019033226
27236470291044239734039350165
27236516100029759417025795574
27236557478048624051044765477
27236770554028358344025795531
27236875364026746267025812247
27236875488019328080017342650
27236875763047498843042962721
27236877960021134133019033226
27236878223047498843042962721
27236878673021134133019033226
27236878908021134168019033261
27236878916033371479029176683
27236879025024748243022416383
27236879378021134133019033226
27236930381023350403022416383
27236930667020231107018187938
27236947527044557032039647047
27237118133018276670017342650
27237281042041268635034507836
27237336335033371479029176683
27237336394026552818024105482
27237336408022750600020546338
27237336742049075163044651328
27237402133022940185020723802
27237402583033371479029176683
27237403105048211913046343873
27237403989044557032039647047
27237405426021134133019033226
27237405779029759409025795566
27237405973020231107018187938
27237514152026554295024106959
27237530050045285762039579564
27237742392043074687036198412
27237751197019328080017342650
27237788856022940185020723802
27237789348023348398022414378
27237793329023348398022414378
27237856789024748243022416383
27237860735026554295024106959
27238007580024341215020723802
27238007793050025081044765477
27238007939024746238022414378
27238008781031421479027226683
27238009060026552818024105482
27238026488023058852020723802
27238080032024748243022416383
27238081918047498843042962721
27238082086047400860042309048
27238084372024341215020723802
27238085972024748243022416383
27238087495053913007046343873
27238092138026147268022414378
27238110438033373483029178687
27238110675023845216021571094
27238251937040282181039348161
27238379178022942189020725806
27238379356021134133019033226
27238379437039054965035808225
27238379526027050329023259701
27238383752028358344025795531
27238410040061528575058231944
27238410989024748243022416383
27238518399033371479029176683
27238518607019328080017342650
27238519697025884263024950243
27238591282026554003024106667
27238602071025594716023259666
27238619241020729110017342650
27238663135037450480034306457
27238689681024748243022416383
27238851748026729551025795531
27238858521024748243022416383
27238860011024748243022416383
27238862634047211230042131540
27238864882019328080017342650
27238868381037721970033249010
27238869213048444766043848036
27238898582047212893042133203
27238959301024748243022416383
27238990004056313668049902489
27239168952044557067039647082
27239200562045692789041272144
27239232448027763735023927491
27239232510024746238022414378
27239248107050025081044765477
27239272385022940185020723802
27239347687046595816042117432
27239398869032468453028331395
27239579707002977315002043295
27239627744027050294023259666
27239655632022940185020723802
27239738775048624051044765477
27239762285021657822020723802
27239764032020231107018187938
27239765764022942189020725806
27239768097020231107018187938
27239817527022037159019878514
27239818647023653626021391626
27239820609024747441022415581
27239864371031970449029176683
27239945517023655631021393631
27240033203033373483029178687
27240035192028360085025797272
27240050159060101988058233948
27240051716040272627036198412
27240052402044237730039348161
27240052682023350403022416383
27240052747024751433022416383
27240054316021134168019033261
27240055347042838704039350165
27240092560039088982034528617
27240100822024341215020723802
27240100938022037159019878514
27240138811038466575034507836
27240139168023843212021569090
27240142460041673657036198412
27240348573024746238022414378
27240357106022750600020546338
27240357262025244242021569090
27240445072048658068043485869
27240448535048624051044765477
27240522174021134168019033261
27240527486024748243022416383
27240608079037488446035620406
27240608362017522028015652074
27240608591050025081044765477
27240609288050025081044765477
27240609970027050294023259666
27240630589041982097039647047
27240632336026147268022414378
27240634371018425054016497362
27240681426044880739037888988
27240682880039867605034507836
27240684506024751433022416383
27240728376050705583044652955
27240738649026554295024106959
27240745343020231107018187938
27240745696047211274042131584
27240748725029759374025795531
27240749438027954580024106214
27240750517019677700017342650
27240751637028360348025797535
27240855564019328080017342650
27240973060021134133019033226
27241016248018425054016497362
27241017112017522028015652074
27241019344028130581025795531
27241023821053058450047604897
27241058633044830761042962721
27241058919050025081044765477
27241160233026554003024106667
27241160462028358344025795531
27241190515050025081044765477
27241190760024748242022416382
27241230207044830761042962721
27241330015050025081044765477
27241330066029759374025795531
27241331909022037159019878514
27241350911048899871042962720
27241413956024341215020723802
27241456795019367138018433118
27241468718049132011042960717
27241470887024748243022416383
27241476176022940185020723802
27241476451026147268022414378
27241476850020231107018187938
27241528117021134133019033226
27241646489022037159019878514
27241682396045475348039757028
27241813423050025081044765477
27241813563026149272022416382
27241898283045890026042206262
27241899506030166400027488111
27241916389019826084016497362
27241930098042717880039579599
27241930241021134133019033226
27241930438031565498027486179
27241930896022535163019033226
27241945915020231107018187938
27241977507046950041042449009
27241977515025102469022747960
27242003514019328080017342650
27242018872029759374025795531
27242035645027050294023259666
27242213012033371479029176683
27242213063021657822020723802
27242213705031565426027486107
27242385018035518794031186830
27242386375022750600020546338
27242404691028856348024950243
27242404861041823007037087832
27242446157026149273022416383
27242513784019328080017342650
27242553042018425054016497362
27242607177027050294023259666
27242609080032468453028331395
27242620580019969250019035230
27242686980044557032039647047
27242687723048624051044765477
27242777862021134133019033226
27242778346019969250019035230
27242778923019328080017342650
27242779105021134168019033261
27242779830047498843042962721
27242798053038440401033921505
27242798355021134133019033226
27242798827023348442022414422
27242798975023350403022416383
27242855049028360348025797535
27243178040048624051044765477
27243199226042888303039396574
27243461710021134168019033261
27243464299021136137019035230
27243465635021134133019033226
27243467042020231107018187938
27243468103040272678036198463
27243468944017263259016497362
27243499114019826084016497362
27243518275026552834024105498
27243520881051657420047604897
27243605666022037159019878514
27243610902029759374025795531
27243630776019328080017342650
27243760211019611578017342650
27243761722024748243022416383
27243762990020231107018187938
27243765140023350403022416383
27243766155037448476034304453
27243767054019328080017342650
27243774476043940026040256262
27243845756024748243022416383
27243845977033373191029178395
27243987437017522028015652074
27243988492021632137018187938
27243988956024748243022416383
27244019930020731114017344654
27244054191022537167019035230
27244077655024748243022416383
27244147025050025081044765477
27244147041029759433025795590
27244147440047291056042206262
27244148579024748243022416383
27244238039026554295024106959
27244241005027953320024104954
27244292246048096641044830761
27244292904022940185020723802
27244293137032468453028331395
27244293862027953320024104954
27244296047047498843042962721
27244296284026552290024104954
27244297132025040979024106959
27244298449028856348024950243
27244299038052916999048034449
27244299690025244242021569090
27244299992024341215020723802
27244321068024746238022414378
27244321939050025081044765477
27244335328033371479029176683
27244385767025651268023261670
27244385783024343219020725806
27244512300047496838042960716
27244575647072775681065311815
27244596423022940185020723802
27244743779026554295024106959
27244745852019969250019035230
27244940264023350403022416383
27244941589022942189020725806
27245138070048034653044653297
27245138488018425054016497362
27245139034043884732039579564
27245139247050025081044765477
27245139522021134133019033226
27245139980020231107018187938
27245166651021134133019033226
27245193454018276670017342650
27245194019021134133019033226
27245194892044480286041272144
27245195961025246246021571094
27245196879021134133019033226
27245197573023060856020725806
27245232948020231107018187938
27245459144024748243022416383
27245476081033371479029176683
27245584062019826084016497362
27245599388026554003024106667
27245703037048492845041270140
27245703320014812948013116209
27245703770024746238022414378
27245704572018425054016497362
27245704602028856348024950243
27245705978023845216021571094
27245785939019328080017342650
27245786625023350403022416383
27245788229047498843042962721
27245788571018276670017342650
27245788636021134133019033226
27245789624021134133019033226
27245807770047498843042962721
27245819221026552290024104954
27245857271022942189020725806
27246026233025244242021569090
27246026829043886168039581000
27246057570021134133019033226
27246074114019967246019033226
27246077504024746238022414378
27246226372024341215020723802
27246264738023438189019878514
27246273702019121958018187938
27246319826021632137018187938
27246403754019121958018187938
27246616707027050294023259666
27246663144031970449029176683
27246720113048624051044765477
27246855418022535163019033226
27246855582022037159019878514
27246891686033371479029176683
27246963733020944582018855797
27246963776024341215020723802
27247008654021368276019033226
27247008905047211230042131540
27247009480023058852020723802
27247126312027456980024951905
27247126371040622247036198412
27247126614057523636049723549
27247244110042836700039348161
27247244293023845216021571094
27247260507033371479029176683
27247285070021659826020725806
27247285844021134133019033226
27247286018021136137019035230
27247289394028857555024951450
27247289696045462167039579564
27247296609024558186022238448
27247319021033371479029176683
27247328225022942189020725806
27247328268024343219020725806
27247328306024343219020725806
27247328527021370280019035230
27247328969027052298023261670
27247329116025246246021571094
27247329213027953320024104954
27247329302024343219020725806
27247329523021368311019033261
27247329868020231107018187938
27247329906022537167019035230
27247329922021632137018187938
27247329930045780981041010717
27247330009022535163019033226
27247375274017522028015652074
27247384192028358496025795683
27247468159020231107018187938
27247468507043156002039647047
27247469600047091816041270141
27247480868039964984036660187
27247480906018235468016319898
27247481007031567430027488111
27247636752024746238022414378
27247666090019138494017165186
27247666244029759374025795531
27247667593027953320024104954
27247668719021134133019033226
27247669618023845216021571094
27247752248023845216021571094
27247767091024748243022416383
27247873754026554295024106959
27247897157044559036039649051
27247897254021134133019033226
27247897742022940185020723802
27247940206047498843042962721
27247940303024748243022416383
27248074723018276670017342650
27248329322033371479029176683
27248390714053058450047604897
27248400965041673658036198412
27248407854018425054016497362
27248454607022941848020725465
27248580742044559036039649051
27248834841044004148040440964
27248927823021632137018187938
27248943578024341215020723802
27249129637024748243022416383
27249186967020231107018187938
27249432135022942189020725806
27249444397029071784026463355
27249444478024751432022416382
27249500777021134133019033226
27249505760021134133019033226
27249506775022942189020725806
27249507542045287700039581502
27249508638020231107018187938
27249508700023350403022416383
27249509022021136137019035230
27249509308041352276037209158
27249528485020522988018187938
27249540000053058450047604897
27249569289028856348024950243
27249569556021134133019033226
27249569823031565426027486107
27249670079018276670017342650
27249670605022940185020723802
27249671091020231107018187938
27249674201022942189020725806
27250022765037450480034306457
27250022862044559036039649051
27250278336021134133019033226
27250279359023350402022416382
27250424855044557032039647047
27250503461043158006039649051
27250603083031565495027486176
27250637115027955325024106959
27250959945047496838042960716
27251101898047093751041272077
27251101901031970769029177003
27251133978024343219020725806
27251140478022940185020723802
27251141830021134168019033261
27251143930019121958018187938
27251159667031565426027486107
27251248937026147268022414378
27251460553049163669045270643
27251597532022940185020723802
27251599489043156002039647047
27251683447047093819041272144
27251686063031565426027486107
27251688139021134133019033226
27251688635022942189020725806
27251688805024748243022416383
27251689232042386932038066452
27251698363053058450047604897
27251754018044557032039647047
27251754948030164396027486107
27251834410029759374025795531
27251847709033371479029176683
27251866886019000536018187938
27252009014050025081044765477
27252009332021134133019033226
27252009537049304895044653297
27252009634067307632060193385
27252079063044557032039647047
27252080207026554295024106959
27252176107027455352024950277
27252176123026149273022416383
27252177316019328080017342650
27252177324029761378025797535
27252177863023058852020723802
27252328772029759409025795566
27252437741048624051044765477
27252457157025244242021569090
27252457173025594716023259666
27252615658049192608044653297
27252706653017332442015474610
27252707013042731971039581568
27252708508024751432022416382
27252760046048899871042962720
27252760178026147268022414378
27252760240019328080017342650
27252760593024748243022416383
27252816483021657822020723802
27252816858018891286017342650
27252816874023845216021571094
27252816963022414378022414378
27252817013048899872042962720
27252817498050025081044765477
27252909341021632137018187938
27253011624022942189020725806
27253012442021134133019033226
27253012604024748243022416383
27253014062027050294023259666
27253014194019121958018187938
27253014518019969250019035230
27253018963043190020038367440
27253018971045287646039581448
27253111556016619001014806785
27253332137026149273022416383
27253334555020635070019701050
27253336671021136137019035230
27253337066023348398022414378
27253338364022037159019878514
27253338984033371479029176683
27253341284024556652022236914
27253372090024746238022414378
27253480683020231107018187938
27253577237028856348024950243
27253577385028856348024950243
27253577547023438189019878514
27253577601027953320024104954
27253735258022942189020725806
27253746861022942189020725806
27253754449029759374025795531
27253801269056529105051415602
27253828124021134133019033226
27253828612023845216021571094
27253885241061151087054430482
27253967043024748243022416383
27254080115024863515023929495
27254080395046688796039581568
27254080778024748242022416382
27254082266021134133019033226
27254327404024746273022414413
27254329687025244242021569090
27254378068019328080017342650
27254378696019138494017165186
27254382596018276670017342650
27254449720024746238022414378
27254465378037158525031971971
27254466021045692789041272144
27254466080041823007037087832
27254511485029760017025796174
27254518080018020031014806785
27254597053031067423028331395
27254634218026147268022414378
27254634390031567430027488111
27254700954018425054016497362
27254701691023845216021571094
27254702930021134133019033226
27254706049019328080017342650
27254706510026147268022414378
27254707118020729110017342650
27254941226019140498017167190
27254979630024748242022416382
27254997612021134133019033226
27254999844031069427028333399
27254999968021632137018187938
27255012369018276670017342650
27255013756019969250019035230
27255016321021849577019703054
27255016585021134133019033226
27255017662019677700017342650
27255088381020231107018187938
27255097879018425054016497362
27255171386018425054016497362
27255172226018425054016497362
27255172781040272662036198447
27255173117040771746035354239
27255174121023843212021569090
27255174482022942189020725806
27255174857036354958031969403
27255357293029759417025795574
27255418268023843212021569090
27255426503019121958018187938
27255777101027052298023261670
27255823022050025081044765477
27255842027019328080017342650
27255842353040272627036198412
27255842493024746238022414378
27255843007056122079049723021
27255960496022942189020725806
27255960933024748243022416383
27255961948043886736039581568
27255962464024748243022416383
27255965331021134133019033226
27255967407018020031014806785
27256179178019677700017342650
27256289968040506770036198412
27256420657042078680037888988
27256442103019826084016497362
27256457615022940185020723802
27256524274026440004024104954
27256538828044352687041272144
27256644350022942189020725806
27256656510025244242021569090
27256658629019328080017342650
27256680888025246246021571094
27256681159026149273022416383
27256681299048899873042962721
27256681620021369668019034618
27256681892056124083049725025
27256933085040274631036200416
27256933611019328080017342650
27256935622029759409025795566
27257000791028856348024950243
27257090081037450480034306457
27257091150019967246019033226
27257091576042078680037888988
27257119608019967246019033226
27257120592031567336027488017
27257300647021632137018187938
27257301597018425054016497362
27257301945024746238022414378
27257365846019967246019033226
27257366281024748243022416383
27257366370021134133019033226
27257367725019698384019035230
27257488069029761378025797535
27257488174022535163019033226
27257488557047293060042208266
27257771186050025081044765477
27257771801034953928031969403
27257801530021134133019033226
27257801840028856348024950243
27257818131042887972039396243
27258185035047497283042961161
27258187631021134133019033226
27258188492022940220020723837
27258189804021136137019035230
27258206105022213564019878514
27258376647015715974013961497
27258377112024746238022414378
27258450626026554295024106959
27258497843026147268022414378
27258559075025884263024950243
27258559318045810267042131607
27258597961056890076051191534
27258609110024341215020723802
27258609447031565426027486107
27258609579040274631036200416
27258654310022942189020725806
27258739154016619001014806785
27258799017051657420047604897
27258799114023843212021569090
27258799238023843212021569090
27258799343048624051044765477
27258803804026147268022414378
27258804126024341215020723802
27258807958044557032039647047
27258807966043076691036200416
27258878170019328080017342650
27258878774044557032039647047
27258926728041823007037087832
27259025872043884776039579608
27259025937027488111027488111
27259026275019791445018857425
27259026798026149272022416382
27259154036019033261019033261
27259162012019967246019033226
27259260065024342891020725478
27259260529036091442033034186
27259260626046688796039581568
27259369962022942189020725806
27259462555048624086044765512
27259463306021134133019033226
27259463861018425054016497362
27259466496021134133019033226
27259468685047496838042960716
27259531352053326067049547561
27259552244028856348024950243
27259634305024746698022414838
27259646567027953320024104954
27259646672044557032039647047
27259646710021659826020725806
27259866117024746238022414378
27259867245022940220020723837
27259870475021136137019035230
27259924397022535198019033261
27259924869044715421041449541
27260036071040272627036198412
27260037892053058450047604897
27260117144022940185020723802
27260119120033371479029176683
27260124779024341215020723802
27260167842033371479029176683
27260204012026552290024104954
27260262268032300910027008768
27260262276052511977046343873
27260262462026149272022416382
27260262586027050294023259666
27260270201022940185020723802
27260316759021136137019035230
27260392234019138494017165186
27260401217028858023024951918
27260402760050025081044765477
27260402833014623362012938745
27260403007032022344029225388
27260403074020231107018187938
27260403953022752605020548343
27260404011022942189020725806
27260404658022535198019033261
27260530130024341215020723802
27260530866026440004024104954
27260723591020944547018855762
27260724148045810995042132335
27260724369017332442015474610
27260724636024341215020723802
27260785341018020031014806785
27260785406045406433039581568
27260785627021632137018187938
27260785716047291056042206262
27260786496026147907022415017
27260786712022537167019035230
27260786828018276670017342650
27260786887022535163019033226
27260894760028856348024950243
27260948852026552290024104954
27260950601019826084016497362
27260950652019826084016497362
27260950865043190020038367440
27260976058020231107018187938
27260976554039088983034528618
27260976589027953320024104954
27260990417021659826020725806
27260991391024748243022416383
27260992126069778332061194791
27260993009022535163019033226
27260993114023350402022416382
27260993653047293060042208266
27260993963048897868042960717
27260994129021134928019034021
27261089500031970449029176683
27261090282026147268022414378
27261137084018533526017342650
27261255540050705925044653297
27261255648019826083016497361
27261377913024748242022416382
27261419268017332442015474610
27261551514033371479029176683
27261557075023350403022416383
27261557806023845216021571094
27261558144020729110017342650
27261558616021136137019035230
27261559167026149075022416185
27261589759019328080017342650
27261591087019328080017342650
27261612262023845216021571094
27261617051018425054016497362
27261714820038143275035808225
27261715290044557032039647047
27261715371031567430027488111
27261767347019967246019033226
27261767525048899873042962721
27261768564027953320024104954
27261895132024746238022414378
27261895264019826084016497362
27261895949020729110017342650
27261896139027953320024104954
27261896171023509678021132202
27261896244050300901042962720
27261896724020231142018187973
27261896813026147268022414378
27261897003045286296039580098
27261920242022535198019033261
27262140305021134133019033226
27262150696033620934029410188
27262206373024748243022416383
27262206497022940185020723802
27262207191019328080017342650
27262207396040841061037480121
27262316365020231107018187938
27262316462022942189020725806
27262317515021134133019033226
27262526122020231107018187938
27262527056023438189019878514
27262527498040274631036200416
27262527633043886736039581568
27262622741022942189020725806
27262622970018923058015652074
27262648414028359752025796939
27262765143042886591039394862
27262917563043074722036198447
27263044415021136137019035230
27263046175021134168019033261
27263046752020231107018187938
27263089354014812948013116209
27263290092031567430027488111
27263290106024746238022414378
27263306525031565461027486142
27263363855021657822020723802
27263423394028856348024950243
27263469122026552290024104954
27263517593054318030048034450
27263518018024746273022414413
27263518069026552290024104954
27263518158028856348024950243
27263545678049492476044828756
27263545759044557032039647047
27263579335020231107018187938
27263579696017522028015652074
27263579793019328080017342650
27263681571019121958018187938
27263681806018425054016497362
27263683116067523260059083905
27263684333022942189020725806
27263684414023843212021569090
27263685895022940185020723802
27263686859021136137019035230
27263687898016619001014806785
27263689149021134168019033261
27263689505018276670017342650
27263698466019328080017342650
27263708658040274631036200416
27263754714024751432022416382
27263754935025651268023261670
27263785210020729110017342650
27263820571028130624025795574
27263840394024746238022414378
27263857424022537167019035230
27263893358050703920044651292
27263948365050300902042962721
27263948683027953320024104954
27263950246022535163019033226
27263967033041673658036198412
27263967041023845216021571094
27263967394019328080017342650
27263967424021134133019033226
27263967718019328080017342650
27263967971021368276019033226
27263968129019328080017342650
27263968293019328080017342650
27263968625026147268022414378
27263968943019328080017342650
27263998672029759374025795531
27264109227022535206019033269
27264109553052511977046343873
27264110349025884262024950242
27264141465028359139025796326
27264142348043886736039581568
27264142879023843212021569090
27264239422022940185020723802
27264283855022535163019033226
27264386441019121958018187938
27264388711016619001014806785
27264388746020231107018187938
27264390457019677700017342650
27264391895022940185020723802
27264392700019328080017342650
27264392727025649264023259666
27264431161040272627036198412
27264487183022535163019033226
27264487477023845216021571094
27264489151022535163019033226
27264590200022037159019878514
27264590294021134133019033226
27264590847018425054016497362
27264591592018425054016497362
27264591622019328080017342650
27264592858019138494017165186
27264593145024746238022414378
27264594370030164396027486107
27264594737042886591039394862
27264595857029759374025795531
27264595903021632137018187938
27264597221023350403022416383
27265178125021136137019035230
27265299348047091815041270140
27265300265021134133019033226
27265300354021134133019033226
27265357127021134133019033226
27265357429044559036039649051
27265357631020522988018187938
27265373734021134133019033226
27265462621039107744036200416
27265517949024748242022416382
27265528339050025081044765477
27265589710026552290024104954
27265618370017522028015652074
27265700743037408797034559207
27265702851021893212019619090
27265705214019328080017342650
27265705753016586094015652074
27265858258027050294023259666
27265858878036375876034507836
27265859114016619001014806785
27265860953023845216021571094
27265864053021632137018187938
27265864592046045829041602535
27265865106064780513059889030
27265865505021134133019033226
27265963426020231107018187938
27265963647021632137018187938
27265980126026751855024291759
27266294080029759374025795531
27266294137024748242022416382
27266294374027953320024104954
27266294617027052298023261670
27266294684022535163019033226
27266294854020729110017342650
27266294986025246246021571094
27266353834045692789041272144
27266355896020527658019033226
27266361098022941848020725465
27266361659028856348024950243
27266399036022037159019878514
27266407047019328080017342650
27266407314016619001014806785
27266407500020944547018855762
27266408175021134133019033226
27266467996038460884033940712
27266472213019826084016497362
27266472221021368276019033226
27266570061020231107018187938
27266570207018425054016497362
27266951081019388154019033226
27266951324026147268022414378
27266952606021136137019035230
27267070879036355001031969446
27267074246020231107018187938
27267124936022940185020723802
27267183681029759374025795531
27267204522020231107018187938
27267293282025594716023259666
27267293487043886736039581568
27267296850047496837042960716
27267296966028358344025795531
27267412079019328080017342650
27267430778028132585025797535
27267437195019328080017342650
27267594738027050294023259666
27267630769018425054016497362
27267635701029759374025795531
27267678095027050294023259666
27267678176022537167019035230
27267678613019525501019035230
27267678672018923058015652074
27267744322022940185020723802
27267745280017522028015652074
27267748662048658068043485869
27267810260045287766039581568
27267814177039422882037087832
27267898311047091816041270141
27267898419023350402022416382
27267898974043074687036198412
27267899083019826083016497361
27267976304026147268022414378
27267991885044557032039647047
27268071895022537167019035230
27268072115045690785041270140
27268084652022037159019878514
27268132703024067721021779245
27268274591019967281019033261
27268349419019328080017342650
27268373905027455318024950243
27268402921027953320024104954
27268458676022037159019878514
27268522501048624051044765477
27268522609042776014042309004
27268559057018425054016497362
27268559103022535163019033226
27268559960017522028015652074
27268597617029822365027487315
27268680360021136137019035230
27268707706042078680037888988
27268762219022942189020725806
27268762766021134176019033269
27268769221044880740037888988
27268831822028856348024950243
27268832012026147268022414378
27268903920023438189019878514
27268905001021134133019033226
27268905788021134133019033226
27269090745043479710037888988
27269104568017522028015652074
27269104967028858352024952247
27269249906020944547018855762
27269315569022942189020725806
27269391486076172349067179855
27269449514022535198019033261
27269549527018425054016497362
27269551181026147268022414378
27269553702022535214019033277
27269554296019121958018187938
27269554695020729110017342650
27269555934020231107018187938
27269571786022037159019878514
27269756018047093819041272144
27269756891035139996030704039
27269806856022942189020725806
27269810918022416383022416383
27269931022041823007037087832
27270015196029761378025797535
27270051125043190020038367440
27270070928027050294023259666
27270102706024746238022414378
27270103613021136137019035230
27270103834024341215020723802
27270213990018923058015652074
27270223880020729110017342650
27270302837020231107018187938
27270303701022940252020723869
27270304309022940185020723802
27270305097022537167019035230
27270306034020944547018855762
27270306182017272599016497362
27270306247023845216021571094
27270306972027455318024950243
27270309009019328080017342650
27270309971043295381040700388
27270376032027954983024106617
27270376156019328080017342650
27270376806018276670017342650
27270377101021134133019033226
27270379562043887922039579564
27270405644021134168019033261
27270475383020729110017342650
27270479826019328080017342650
27270479982039088982034528617
27270573814006108802005563957
27270604698024748243022416383
27270640988052917000048034449
27270821001023438189019878514
27271100316026552290024104954
27271189856016619001014806785
27271228029023350403022416383
27271228312026554017024106681
27271228703032469568028332510
27271229386024341250020723837
27271229726044287621039394862
27271411206017332442015474610
27271691268045285762039579564
27271691519047291056042206262
27271769453052511977046343873
27271907120022940220020723837
27271907201021632137018187938
27271907864024747901022416041
27271909883016619001014806785
27271949834024341215020723802
27271984192018276670017342650
27271984834020231107018187938
27272216563026554295024106959
27272216571024343219020725806
27272217063025244242021569090
27272228154038466575034507836
27272228782018425054016497362
27272229991017431382016497362
27272252721050025081044765477
27272254279031565426027486107
27272289579037721970033249010
27272319281024341215020723802
27272420489020231107018187938
27272566564022940185020723802
27272672232029761378025797535
27272672569020231107018187938
27272713664039422882037087832
27272839900020729110017342650
27272931548021368276019033226
27272932048025039769024105749
27272932366044557032039647047
27272932374029759374025795531
27272932668024343219020725806
27273239346019328080017342650
27273358523027050294023259666
27273358973039902205035289844
27273358981032468453028331395
27273359139020734229018399179
27273482127021134168019033261
27273540844019328080017342650
27273694914024748242022416382
27273790026031565426027486107
27273901138040274631036200416
27273901227016927418013784033
27273901286045287766039581568
27273901294020231107018187938
27273901707021134168019033261
27273903181019328080017342650
27273904455021134133019033226
27273906067016619001014806785
27273907209016586094015652074
27273907950020231107018187938
27273910501034854470031126684
27273911656015740805014806785
27273914914019121958018187938
27273915163022940185020723802
27273915805019328080017342650
27273920035024341215020723802
27273920183021659826020725806
27273921813043140184041272144
27273922534016364557014568610
27273924391021632137018187938
27273924693022942189020725806
27273927072019826083016497361
27273927471047291056042206262
27273928524019123962018189942
27273929717045084119040702392
27273929792021134133019033226
27273933196020231107018187938
27273933471018276670017342650
27273967570047293060042208266
27273967902039088983034528618
27274150241029759374025795531
27274152538038068456036200416
27274152880051303519048034449
27274228682022537167019035230
27274286577043479744037889023
27274287123019328080017342650
27274287654025244242021569090
27274288324021134133019033226
27274333974027953320024104954
27274480519019630999019033226
27274483836047100527044765477
27274484859020231107018187938
27274552102025246246021571094
27274573118020231107018187938
27274756131020231107018187938
27274759939040272627036198412
27274855512032468453028331395
27274855652021134133019033226
27274855741022037159019878514
27274856721037357426034507836
27274858007026364709023929495
27274906354043886736039581568
27274909809022942189020725806
27274909949019826084016497362
27274909965041194381036499400
27274956742025054656021391626
27275027028024748242022416382
27275027249043156002039647047
27275071477027953320024104954
27275229445022535163019033226
27275229682039462618032817295
27275320361039088982034528617
27275419279033048418029436108
27275419384022940185020723802
27275474083016619001014806785
27275575521024341215020723802
27275575564026147268022414378
27275575599023438189019878514
27275597304043479710037888988
27275597649017522028015652074
27275620470022940185020723802
27275625847028358344025795531
27275665644018276670017342650
27275703651024341215020723802
27275704054050025081044765477
27275796021019121958018187938
27275816898022940185020723802
27275817800022942189020725806
27275828829027455318024950243
27275852398024748243022416383
27275984650029759374025795531
27276067465039088983034528618
27276067619019826084016497362
27276080232039675617036389322
27276084157011914283010402881
27276085129045810200042131540
27276085137021368276019033226
27276085358024746238022414378
27276085927019967246019033226
27276087385023348398022414378
27276087466020231107018187938
27276088705050025081044765477
27276099499029761378025797535
27276101639018276670017342650
27276102775019328080017342650
27276114781040455995035808225
27276141355022037159019878514
27276146543044557032039647047
27276158010019121958018187938
27276192847019328080017342650
27276457956039462582032817260
27276737681020729110017342650
27276769451022942189020725806
27276791031028130581025795531
27276837406047291056042206262
27276864551022940220020723837
27276864977026552290024104954
27277211241017332442015474610
27277229043022942189020725806
27277415637047269075042960717
27277456163026552290024104954
27277491597018425054016497362
27277491724029759374025795531
27277627960022037159019878514
27277667903020729110017342650
27277715487020231107018187938
27277725539047497298042961176
27277725881039088983034528618
27277726519026147268022414378
27277726756018020031014806785
27278404256020729110017342650
27278404817019328080017342650
27278404957021632137018187938
27278525258018923058015652074
27278528222036660522032817260
27278529547029759374025795531
27278658711027953320024104954
27278659408022037159019878514
27278683147051110947046343873
27278683457018276670017342650
27278683635015873903013538853
27278683899026552290024104954
27278692375018425054016497362
27278736372031565426027486107
27278899263021134133019033226
27279039357024748242022416382
27279057290026147268022414378
27279057339022535163019033226
27279057665024746238022414378
27279057673022942189020725806
27279057924041823007037087832
27279061468019826084016497362
27279064394029759374025795531
27279066028020231107018187938
27279066222020729110017342650
27279067156049304282044652684
27279067512018425054016497362
27279068225047291851042207057
27279068470023438189019878514
27279069582041823007037087832
27279069655027953320024104954
27279069663019328080017342650
27279069671021657822020723802
27279075272047496837042960716
27279076473024746238022414378
27279076783019967246019033226
27279078255018923058015652074
27279079022031565426027486107
27279086053023438189019878514
27279087556040274631036200416
27279090433043157394039648439
27279135100031565426027486107
27279175757020041521018010474
27279176419024341215020723802
27279180017024341215020723802
27279180262027953320024104954
27279258784020729110017342650
27279259551020522988018187938
27279364630018425054016497362
27279368253018277691017343671
27279372056021134133019033226
27279447439018425053016497361
27279627941027953320024104954
27279702501021632137018187938
27279746347025649264023259666
27280154127025244242021569090
27280180489027763735023927491
27280485921021657822020723802
27280487088027050294023259666
27280487177021134168019033261
27280487401021134133019033226
27280488688022942189020725806
27280489382021134133019033226
27280489889018281107016237938
27280490518018832412016497362
27280491999021134133019033226
27280683618026147268022414378
27280861710020231107018187938
27281076219014812948013116209
27281251398026149272022416382
27281252114021632137018187938
27281252270021136137019035230
27281252408038758456034507836
27281252513027953320024104954
27281253188019138494017165186
27281254311019328080017342650
27281254664021134168019033261
27281390770024747950022416090
27281397201022942189020725806
27281397996040272627036198412
27281436932013909922012270921
27281437823015773497015652074
27281634149033620934029410188
27281944105019121958018187938
27282117032050025876044766272
27282118489048624051044765477
27282118586053911004046341869
27282126244041447639039579599
27282206442020729110017342650
27282455701020231107018187938
27282456406018832412016497362
27282456422020522988018187938
27282456627020729110017342650
27282457550022535163019033226
27282458352040455995035808225
27282459782028856348024950243
27282459863024341215020723802
27282461507042604373039581568
27282462937026147268022414378
27282463011017522028015652074
27282463550020285987018239309
27282475540018923058015652074
27282476512018832412016497362
27282478760020231107018187938
27282666710021134133019033226
27282666982040455995035808225
27282913807022940185020723802
27282922741024341250020723837
27283235500021134133019033226
27283400978027953320024104954
27283427701024341215020723802
27283501219020231107018187938
27283738936043074687036198412
27283788526025244242021569090
27283788690024341215020723802
27284290262020231107018187938
27284330876019328080017342650
27284421510026149272022416382
27284447404020231107018187938
27284583065021134133019033226
27284583561018425054016497362
27284583960021134168019033261
27284584010018425054016497362
27284585874021136137019035230
27284758035037776906034507836
27284758272019826083016497361
27284758450019328080017342650
27284758752022940185020723802
27284758809023438189019878514
27284764450024341215020723802
27284864595020231107018187938
27284969060044382736038734276
27284972355017636867015652074
27284972754043190020038367440
27284973505044557032039647047
27285030736019328080017342650
27285248642020231107018187938
27285306294028856348024950243
27285307541026552290024104954
27285311743029759409025795566
27285464825027050294023259666
27285610880017522028015652074
27285698745018923058015652074
27285941194021632137018187938
27285941607019121958018187938
27285941755021632137018187938
27285943081023843212021569090
27285943626019328080017342650
27285943952024341215020723802
27285945203027953320024104954
27285947435018923058015652074
27285949969027050294023259666
27286073757022037194019878549
27286378582017522028015652074
27286378736037721970033249010
27286772655019121958018187938
27286774909018425054016497362
27286802791044557076039647091
27286966735036660522032817260
27287082628019328080017342650
27287242226022535163019033226
27287247090047093819041272144
27287247597028360348025797535
27287332233026147268022414378
27287335003020231107018187938
27287384667019328080017342650
27287440354020231107018187938
27287441202018425054016497362
27287442756021632137018187938
27287444384040272627036198412
27287444538022037159019878514
27287476642021659826020725806
27287541118026552290024104954
27287542157019687040019033226
27287546969024341215020723802
27287547191018276670017342650
27287547612017522028015652074
27287618153028856348024950243
27287792269044288148039395389
27287792595022535163019033226
27287845311019328080017342650
27287992586018020031014806785
27288126513040455995035808225
27288126726024751432022416382
27288127501035796784031126684
27288298462021632137018187938
27288399439019328080017342650
27288705416041449608039581568
27288705777027050294023259666
27288706374018425054016497362
27288708458038411172032817260
27288754719040274631036200416
27288854314020729110017342650
27288854411024748242022416382
27288985435017522028015652074
27288988450017431382016497362
27288989783021136137019035230
27288992369022535163019033226
27289000130021134133019033226
27289000653017522028015652074
27289001021021136137019035230
27289002249027955325024106959
27289002885020231107018187938
27289003180017522028015652074
27289024234020231107018187938
27289024684022942189020725806
27289024900043190020038367440
27289176654040274631036200416
27289179688027050294023259666
27289189446020729110017342650
27289189470044557032039647047
27289189683026147268022414378
27289189802020729110017342650
27289210313031970449029176683
27289211719051108942046341868
27289441560022940185020723802
27289586712020729110017342650
27289693810022537167019035230
27289798442022213564019878514
27290061895021134133019033226
27290218743017332442015474610
27290245899025649264023259666
27290323547038466575034507836
27290375741021134133019033226
27290379720037485025034507836
27290685481043538087040588306
27290685813039048002036198412
27290688502021136137019035230
27290854240019967246019033226
27290963511021657822020723802
27291034034024341215020723802
27291034972020231107018187938
27291035030027809374023845531
27291035375021632137018187938
27291036002021632137018187938
27291235455042079881037890190
27291238721019826084016497362
27291425432018425054016497362
27291425815021136137019035230
27291427273018425054016497362
27291448467048899873042962721
27291794128027953320024104954
27291794918022037159019878514
27292140180022942189020725806
27292312925019967246019033226
27292348644018276670017342650
27292365441020231107018187938
27292366995018394060017342650
27292374254044237730039348161
27292374793050027085044767481
27292389995026552290024104954
27292422992019328080017342650
27292763781027050294023259666
27292763854036354958031969403
27293263553021136137019035230
27293263766024343219020725806
27293401808022537167019035230
27293659473027285293024950243
27293764811017522028015652074
27293765990047212901042133211
27293767063019328080017342650
27293768469017522028015652074
27293770234018425054016497362
27293843096020231107018187938
27293846745019138494017165186
27293846850024746238022414378
27293846931018425054016497362
27293927494020231107018187938
27294051924027953320024104954
27294290058026554031024106695
27294290236047211274042131584
27294444942019328080017342650
27294516048020729110017342650
27294516293018923058015652074
27294517117036217093034507836
27294517451026147268022414378
27294517583024343219020725806
27294517907019328080017342650
27294529484022213564019878514
27294532353017253918016319898
27294532876021134133019033226
27294534739026149272022416382
27294535972037010142032817260
27294584558021134133019033226
27294584736017830446014629322
27294633257017286609015652074
27294865255018276670017342650
27294869285021134133019033226
27294869374021134133019033226
27295070493023438189019878514
27295073824022940185020723802
27295074294026751854024291758
27295091261018425054016497362
27295140610019121958018187938
27295341802047091814041270140
27295466168021134133019033226
27295488250021368276019033226
27295740464017431382016497362
27295740499040455995035808225
27295767907019328080017342650
27295768210019330084017344654
27295786855027953320024104954
27295787703020838220020301158
27295810918023438189019878514
27295827756019328080017342650
27295890768023889702020301158
27296045069021134133019033226
27296047231020231107018187938
27296047770039962980036658183
27296049773018425054016497362
27296131836027953320024104954
27296131879018733472015474610
27296132506020729110017342650
27296251386022535163019033226
27296251408019826083016497361
27296787502015740805014806785
27297165122021632137018187938
27297166323021134133019033226
27297167346019328080017342650
27297279780026554031024106695
27297790868019826084016497362
27297833354019121958018187938
27297835381019967246019033226
27297855102023843212021569090
27297856435019328080017342650
27297888078047498843042962721
27298109056038466575034507836
27298109358027953320024104954
27298109668025244242021569090
27298109781026440004024104954
27298115366029759374025795531
27298116540026149272022416382
27298140530029759374025795531
27298140778020231107018187938
27298142118022535163019033226
27298142576027285293024950243
27298146482024341215020723802
27298148655022037159019878514
27298152059019869174018187938
27298152261019826084016497362
27298152997022796238020464378
27298240144018020031014806785
27298317910027050294023259666
27298318933040272627036198412
27298370943021134168019033261
27298371435041673657036198412
27298447571024343219020725806
27298456473019826084016497362
27298607331023058852020723802
27298749934049089458043140184
27298801529019826084016497362
27298810900023058852020723802
27298821597019328080017342650
27298870091018425054016497362
27298871950017522028015652074
27298941207019969250019035230
27298979166021136137019035230
27299134127019328080017342650
27299139404020231107018187938
27299140038044557032039647047
27299291303048899871042962720
27299308540044557076039647091
27299308753023438189019878514
27299375396044557032039647047
27299767375039867605034507836
27299767553022942189020725806
27299768614016619001014806785
27299769009034854470031126684
27300050927022535163019033226
27300065851026147268022414378
27300255553018425054016497362
27300310287023438189019878514
27300587343019328080017342650
27300593610025244242021569090
27300593734017522028015652074
27300767406043884733039579564
27300883678043190020038367440
27301079244020539524017165186
27301079627018425054016497362
27301106985019967246019033226
27301181421014624379012939762
27301181545017431382016497362
27301184730020231107018187938
27301185796023843212021569090
27301329100021632137018187938
27301750019026147268022414378
27301750469024746238022414378
27301750515043074687036198412
27301750663029759374025795531
27301770311024749428022414378
27301771059016586094015652074
27301771180015264461013538853
27302009029020522988018187938
27302009134038758456034507836
27302080874018425054016497362
27302081315017522028015652074
27302082656042717845039579564
27302084268023438189019878514
27302412893019328080017342650
27302414241029759374025795531
27302414810019328080017342650
27302522060022537167019035230
27302522176024927542023259666
27302522575027455318024950243
27302522710021632137018187938
27302668405021632137018187938
27302716523020231107018187938
27302799445027050294023259666
27303002966020231107018187938
27303161142019328080017342650
27303163390018425054016497362
27303164036019328080017342650
27303168848025957682022236914
27303180015019328080017342650
27303180031022535163019033226
27303180902018425054016497362
27303182476019826084016497362
27303182700019826084016497362
27303198372019826084016497362
27303423287021134133019033226
27303423589019121958018187938
27303423872023438189019878514
27303536294016586094015652074
27303537339018412103016497362
27303538025025244242021569090
27303538823026147268022414378
27303550718018425054016497362
27303554179016366905015432885
27303554411027455318024950243
27303556503020231107018187938
27303729424017141835014806785
27303729904015074875013361389
27303730074019328080017342650
27303731852040274631036200416
27303884055036790456031126684
27304339085022037159019878514
27304348165027954526024106160
27304354866043190020038367440
27304415628019328080017342650
27304415687017431382016497362
27304430147020231107018187938
27304430155019328080017342650
27304430597022750600020546338
27305067402023438189019878514
27305070705021134133019033226
27305070772019121958018187938
27305071485025244242021569090
27305071639014232364013784034
27305080298019121958018187938
27305223781020729110017342650
27305386524039422882037087832
27305507046019328080017342650
27305687737019967246019033226
27305777523023843212021569090
27305777590026147268022414378
27305778465039088983034528618
27305778511025244242021569090
27305778651053911003046341869
27305778953021632137018187938
27305839219025244242021569090
27305839359022940185020723802
27305839987041823007037087832
27305890028023438189019878514
27305906099025039778024105758
27306167087022535163019033226
27306167133021134133019033226
27306221375019328080017342650
27306222126019967246019033226
27306270155022535214019033277
27306272530023438189019878514
27306274460019677700017342650
27306274746019826084016497362
27306328773036660522032817260
27306410070016619001014806785
27306410100019328080017342650
27306457425021134133019033226
27306531838021134133019033226
27306706107026552290024104954
27306811687044557067039647082
27306811806026147268022414378
27306841594018425054016497362
27306843244027953320024104954
27306843341022535163019033226
27306848238019328080017342650
27306848246020231107018187938
27306849153016619001014806785
27306850089018394060017342650
27306850151023438189019878514
27306901783022940185020723802
27306901961026147268022414378
27307073175036642072031971972
27307073426017830445014629321
27307073612041823007037087832
27307121102018425054016497362
27307123709017522028015652074
27307728228016619001014806785
27307729011024341215020723802
27307729895017132496015474610
27307983848019328080017342650
27307984437011914283010402881
27307988483018425054016497362
27307988998016619001014806785
27308072334021632137018187938
27308173912025244242021569090
27308217960026440048024104998
27308279869037721970033249010
27308725885019967246019033226
27308726997026147268022414378
27308727764022535163019033226
27308734191025274484024106959
27309176842019328080017342650
27309178527019328080017342650
27309534196038770578034507836
27309719846019121958018187938
27309737070029759374025795531
27309737895045285762039579564
27309939951025244242021569090
27309955256021632137018187938
27310448635019328080017342650
27310815158016665491013538853
27310815220017522028015652074
27310815255021632137018187938
27310815948020729110017342650
27310815956020729110017342650
27310816162018923058015652074
27310816855023438189019878514
27310817061019967246019033226
27310839790024746238022414378
27311202184017431382016497362
27311202702018276670017342650
27311209669043884732039579564
27311318778026440004024104954
27311411654036660522032817260
27311621039019328080017342650
27311621152018923058015652074
27311699607024746238022414378
27311787611023438189019878514
27311805075019826084016497362
27311806470019121958018187938
27311807221018425054016497362
27311892164027953320024104954
27311892326044880740037888988
27311892741027953320024104954
27312332227024341215020723802
27312486127018923058015652074
27312486178043190020038367440
27312500316021632137018187938
27312683321021134168019033261
27312734988030852892028130581
27312963146021134133019033226
27313050632018425054016497362
27313052279018425054016497362
27313054859016619001014806785
27313115874021134133019033226
27313116889019328080017342650
27313358696017522028015652074
27313359021027953320024104954
27313370017027953320024104954
27313456612017522028015652074
27313740116025244242021569090
27313919736019328080017342650
27313919779019826084016497362
27313919841019328080017342650
27314145351021632137018187938
27314145742041268635034507836
27314145939023438189019878514
27314175269027050294023259666
27314177210020231107018187938
27314177598027050294023259666
27314618616020729110017342650
27314664197019328080017342650
27314664553017522028015652074
27314666823027953320024104954
27314746673019328080017342650
27314751642021632137018187938
27314815195026147268022414378
27314907758020231107018187938
27315067125019826083016497361
27315067915027050294023259666
27315068571036660522032817260
27315068628025244242021569090
27315097113020729110017342650
27315100017022535163019033226
27315100114027455318024950243
27315202510018425054016497362
27315798243016408630015474610
27315798375024341215020723802
27315798537027953320024104954
27315854038020729110017342650
27315960555029485879026850973
27315962825018412102016497361
27316134217022535163019033226
27316210207020231107018187938
27316210304027953320024104954
27316211785019328080017342650
27316211947024151630020546338
27316212781021134133019033226
27316564319041673657036198412
27316985667017522028015652074
27317133699022037159019878514
27317165280019826084016497362
27317294641020231107018187938
27317328740024341215020723802
27317374076020729110017342650
27317391671021134133019033226
27317394840019328080017342650
27317406458015526390013784034
27317411753018425054016497362
27317413713016619001014806785
27317536319027953320024104954
27317545601020729110017342650
27317545806018923058015652074
27318197321019328080017342650
27318197917027050294023259666
27318245016019677700017342650
27318251814018276670017342650
27318252691018425054016497362
27318334817024749428022414378
27318377311018425054016497362
27318378067018425054016497362
27318378644018923058015652074
27318409078032253922028130581
27318409124041823007037087832
27318410793022535163019033226
27318593731027953320024104954
27318593863027953320024104954
27318641310021632137018187938
27318641744023438189019878514
27318641809020231107018187938
27318886518034953928031969403
27318937139022037159019878514
27319065062022940185020723802
27319065348018832411016497361
27319066727026147268022414378
27319118298022940185020723802
27319118441025244242021569090
27319246938016586094015652074
27319625327022940185020723802
27319768322023438189019878514
27319768365039462582032817260
27319768578045749426040763201
27319769051018276670017342650
27319769728021632137018187938
27319769981020729110017342650
27319889871026552290024104954
27319909759019328080017342650
27319911052040171608034507836
27319911834015526390013784034
27319912040019826084016497362
27320535714012817310011248169
27320539442018281959015051966
27320540777040274631036200416
27320544012016586094015652074
27320544233020493034018433118
27320544462043190020038367440
27320544632039088983034528618
27320550586028130581025795531
27320553992020231107018187938
27320556568019328080017342650
27320561057022940185020723802
27320561391018020031014806785
27320607618033048418029436108
27320608118023438189019878514
27320608312018425054016497362
27320611879017987124015652074
27320774050018425054016497362
27320774301022535163019033226
27320774395016619001014806785
27320774840022535163019033226
27320824503020729110017342650
27320824554045285762039579564
27320824937023058852020723802
27321088398047091815041270140
27321154463027953320024104954
27321321602018425054016497362
27321322692018425054016497362
27321347555023438189019878514
27321383977021632137018187938
27321384582017522028015652074
27321397358021632137018187938
27321546310019328080017342650
27321548046019328080017342650
27321633191018425054016497362
27321679396018425053016497361
27322054500026147268022414378
27322070107018923058015652074
27322070255019328080017342650
27322070328020729110017342650
27322072363018923058015652074
27322072568038061552032817260
27322210561018923058015652074
27322210723027953320024104954
27322301214023438189019878514
27322497003020729110017342650
27322770761037487360032817260
27322771350020522988018187938
27322771687019328080017342650
27322771768021632137018187938
27322772349018923058015652074
27322772535021134133019033226
27322772926027050294023259666
27322835138021134133019033226
27323019547036660522032817260
27323096711020729110017342650
27323146662016619001014806785
27323147014018425054016497362
27323331354020231107018187938
27323518586022535163019033226
27323555503028856348024950243
27323649672032112484029436108
27323704266019328080017342650
27323825306017522028015652074
27324013321021632137018187938
27324140196021134133019033226
27324140501026147268022414378
27324144043027050294023259666
27324144477027050294023259666
27324160146039088982034528617
27324160758024341215020723802
27324160839019328080017342650
27324160960019826084016497362
27324161177020729110017342650
27324161916017305289016371269
27324162777021632137018187938
27324386896019677700017342650
27324423368018425054016497362
27324593379020231107018187938
27324760569017522028015652074
27324760682021134133019033226
27324763290020231107018187938
27325061257026552290024104954
27325061818033024845030689795
27325062881027953320024104954
27325065813019826084016497362
27325066879018923058015652074
27325216331017141835014806785
27325240453038061552032817260
27325241727025244242021569090
27325241948018425054016497362
27325241999020231107018187938
27325299644026552290024104954
27325299660018923058015652074
27325388507020231107018187938
27325399142043190020038367440
27325399940019328080017342650
27325420591020009277018187938
27325422942020231107018187938
27325433316027953320024104954
27325477496022940185020723802
27325504612020729110017342650
27325506968024341215020723802
27325695809042801933039579564
27325706894022535163019033226
27325917526018276670017342650
27325917542016586094015652074
27325992978021368276019033226
27326120044021632137018187938
27326620918019328080017342650
27326624611019328080017342650
27326639228021134133019033226
27326639325029759409025795566
27326639597029759409025795566
27326639643028358344025795531
27326639961024748242022416382
27326640005027050294023259666
27326846444033048418029436108
27326851022026440004024104954
27326854749018276670017342650
27326856539020729110017342650
27326858183016586094015652074
27326858973022940185020723802
27326859090019967246019033226
27326885636019328080017342650
27327057648023438189019878514
27327131481041823007037087832
27327195595019328080017342650
27327196982020729110017342650
27327413940025649264023259666
27327495246019826084016497362
27327495386021632137018187938
27327495866024341215020723802
27327496250019328080017342650
27327496412018020031014806785
27327496498020729110017342650
27327739021018425054016497362
27327740852044557032039647047
27327742243027953320024104954
27327742472018425054016497362
27327745587016619001014806785
27327761345019328080017342650
27327761582017431382016497362
27327885605018425053016497361
27327997071018923058015652074
27328092870022037159019878514
27328361278022037159019878514
27328423575023843212021569090
27328553770018425054016497362
27328559205022535163019033226
27328559396021632137018187938
27328559639020231107018187938
27328591761027953320024104954
27328592385018425054016497362
27328593349017305289016371269
27328593462034854470031126684
27328597506019328080017342650
27328598332019328080017342650
27328598995019328080017342650
27328599274019328080017342650
27328629742017522028015652074
27328733906036255500031126684
27328885196019328080017342650
27328885684019328080017342650
27328885986022535163019033226
27328931848020729110017342650
27328961976018425053016497361
27328980148020729110017342650
27329001720011914283010402881
27329281480015740805014806785
27329283181017522028015652074
27329287144019328080017342650
27329288167019967246019033226
27329379995015273795012938745
27329380225018020031014806785
27329663332018020031014806785
27329804076017522028015652074
27329804696017522028015652074
27329804858016619001014806785
27330175708019121958018187938
27330546250012182189011248169
27330548172025244242021569090
27330548490018425054016497362
27330620213022535163019033226
27330620515021134133019033226
27330620655021134133019033226
27330620930047091849041270175
27330621805024746273022414413
27330622976026552290024104954
27330626742019677700017342650
27330627390033882419031126684
27330629164020729110017342650
27330631630018276670017342650
27330635083027953320024104954
27330650058017522028015652074
27330652395018425054016497362
27331309554017987124015652074
27331366620039422882037087832
27331366752023438189019878514
27331366949027050294023259666
27331369190017332442015474610
27331369328020812534019878514
27331372108024746307022414447
27331373503027050294023259666
27331374097020231107018187938
27331408625017522028015652074
27331409796016619001014806785
27331410700027953320024104954
27331410727038466575034507836
27331420471027050294023259666
27331420544020729110017342650
27331420595023259666023259666
27331421818019328080017342650
27331423160023438189019878514
27331534744027050294023259666
27331649657026147268022414378
27331804830022535163019033226
27331878346018923058015652074
27331981120019328080017342650
27332064520023438189019878514
27332077096016213978013116209
27332077312020729110017342650
27332077525027953320024104954
27332077533022535163019033226
27332077746019328080017342650
27332078610018425054016497362
27332080275018923058015652074
27332080976033620934029410188
27332081581023438189019878514
27332081999019328080017342650
27332102554026147268022414378
27332346097020729110017342650
27332889252018020031014806785
27332895139020231107018187938
27332895449021442551018010474
27332895694027050294023259666
27332934533028856348024950243
27333518363023058852020723802
27333518924024746238022414378
27333719342017431382016497362
27333719970017342650017342650
27333720332017070514015229429
27333721134021632137018187938
27333850392025038974024104954
27333851151018276670017342650
27333851283019677700017342650
27334364629018425054016497362
27334464356020522988018187938
27334534117027050294023259666
27334535377026505386025571366
27334535393027050294023259666
27334535571026147268022414378
27334544015025244242021569090
27335201170017522028015652074
27335209376023438189019878514
27335210986016193806015474610
27336171135029759374025795531
27336219162019967246019033226
27336220217021632137018187938
27336220667019328080017342650
27336221582018183268017342650
27336221787018020031014806785
27336271121019677700017342650
27336271717017332442015474610
27336272276017522028015652074
27336290681019826084016497362
27336291017018425054016497362
27336291564019328080017342650
27336291947017431382016497362
27336346636020742483019878514
27336348027016619001014806785
27336348523024746238022414378
27336350862014950181013159976
27336377809023438189019878514
27336381237018235468016319898
27336381962016927420013784034
27336390686026147268022414378
27336393111020729110017342650
27336477196019826084016497362
27336477242022535163019033226
27336478044023438189019878514
27336478249019826084016497362
27336713108025244242021569090
27336723006019826084016497362
27336931539020729110017342650
27336935429017431382016497362
27337266792018425054016497362
27337489546039902205035289844
27337492075038656160034685300
27337492636044234352039579564
27338197603018923058015652074
27338822532019328080017342650
27338829561018425054016497362
27338872386019033226019033226
27338872637039467482036198412
27338872688028130581025795531
27338873552027953320024104954
27338873587016619001014806785
27338873854024746238022414378
27338874796021134133019033226
27338878694016586094015652074
27338879909019328080017342650
27338885062021632137018187938
27338915212016429416014629322
27338915662023438189019878514
27339259378040506770036198412
27339263553017522028015652074
27339566327031565426027486107
27339584023018832412016497362
27339584066021632137018187938
27339585046019328080017342650
27339586166020522988018187938
27339586212020729110017342650
27340102458019826084016497362
27340607134019328080017342650
27340820865025244242021569090
27340820911017830446014629322
27340821578024749428022414378
27341050664027953320024104954
27341054430020729110017342650
27341054767027050294023259666
27341055216018923058015652074
27341055542021632137018187938
27341055550017522028015652074
27341055852018832411016497361
27341055879026147268022414378
27341069888021134133019033226
27341081349017522028015652074
27341671464016619001014806785
27341672819017522028015652074
27341688618025244242021569090
27341689126020729110017342650
27341689363026147268022414378
27341689827025854166022585096
27341692186018425054016497362
27341694790020729110017342650
27341721127018923058015652074
27341834398016586094015652074
27342241420018923058015652074
27342242257037721970033249010
27342311658017522028015652074
27342312859018923058015652074
27342354411013909922012270921
27342417014019826084016497362
27342417316040455995035808225
27342417456017141835014806785
27342417804020729110017342650
27342418738018923058015652074
27342436086018425054016497362
27342436396026552290024104954
27342439824016619001014806785
27342636603020729110017342650
27343104176022535163019033226
27343145093017522028015652074
27343299082018425054016497362
27343531171024746238022414378
27343531295027953320024104954
27343531457019826084016497362
27343981770023889702020301158
27344230175020729110017342650
27344428102017522028015652074
27345820243018020031014806785
27346033229025244242021569090
27346371116018425054016497362
27346371426021632137018187938
27346379036027050294023259666
27346380646018089866017342650
27346380751018425053016497361
27346380840017987124015652074
27346383475024749428022414378
27346938841020231107018187938
27346940218019255056016920006
27346940234016619001014806785
27346953085026147268022414378
27346958540039054965035808225
27347842015018923058015652074
27347842058019677700017342650
27347842260022535163019033226
27347842651023438189019878514
27348638365026147268022414378
27348638624027050294023259666
27348638942017987124015652074
27348639027019826084016497362
27348639205023438189019878514
27348639663027050294023259666
27348789045015526390013784034
27348801746016619001014806785
27348887136039867604034507835
27349183469018533526017342650
27349184163026147268022414378
27349190422019677700017342650
27349190856023438189019878514
27349192956019826084016497362
27349196765027050294023259666
27349197257025109026024104954
27349255699023889702020301158
27349255710027050294023259666
27349255915025244242021569090
27349258302019328080017342650
27349260471024749428022414378
27349260595027050294023259666
27349260714021632137018187938
27349260919018923058015652074
27349261400020729110017342650
27349261575018832412016497362
27349262172020231107018187938
27349265201020231107018187938
27349265775027050294023259666
27349266860018923058015652074
27349309357017522028015652074
27349810242026147268022414378
27349814264017522028015652074
27349816429016619001014806785
27349818642039088982034528617
27349943226018923058015652074
27349944222018425054016497362
27349945644018425054016497362
27349956190023889702020301158
27350525691027953320024104954
27350871352036354958031969403
27351053750026147268022414378
27351063551016586094015652074
27351064191018425054016497362
27351065260017431382016497362
27351065694023438189019878514
27351066291017522028015652074
27351648363018020031014806785
27351649149020729110017342650
27351649203027953320024104954
27351649327019328080017342650
27351649394023904140021569090
27351649564018425054016497362
27351649815025649264023259666
27351777023021134133019033226
27351777333041823007037087832
27351777988019826084016497362
27351993893018425054016497362
27352128789022535163019033226
27352469977017522028015652074
27352866240017987124015652074
27352866887019826084016497362
27352867980018425054016497362
27352868030018923058015652074
27352869347019826084016497362
27352869711020522988018187938
27352876572017431382016497362
27353437947018425054016497362
27353453780017522028015652074
27353454507018832411016497361
27353454574019328080017342650
27354529462018923058015652074
27354760717018425054016497362
27355039299024556652022236914
27355042710016619001014806785
27355824476018832412016497362
27356847917021632137018187938
27357377582022535163019033226
27357377728024746238022414378
27357377965018923058015652074
27357382977019826084016497362
27357384112017522028015652074
27357384554018425054016497362
27357392190027050294023259666
27357392360018020031014806785
27357392638017141835014806785
27357395122017830446014629322
27357397540026147268022414378
27357400290025594716023259666
27357400452025649264023259666
27357400509020231107018187938
27357400959021134133019033226
27357401009035462637034528617
27357401963037721970033249010
27357402986020729110017342650
27357407155013872765012938745
27357407244017522028015652074
27357412205020729110017342650
27357422553021632137018187938
27357422588018923058015652074
27357424416018923058015652074
27357427466025244242021569090
27357428721020729110017342650
27357435345016586094015652074
27357435515022535163019033226
27357436554016024392012938745
27357436716021632137018187938
27357438468021632137018187938
27357439480018923058015652074
27357445162026147268022414378
27357445278027050294023259666
27357445529017522028015652074
27357448056022213564019878514
27357452282022535163019033226
27357452401023438189019878514
27357453122016619001014806785
27357454919039088982034528617
27357465295026147268022414378
27357465503021632137018187938
27357468928018923058015652074
27357469673017522028015652074
27358427419022535163019033226
27358429535037687952034528617
27358429829019145309018187938
27358430010018923058015652074
27358437503018923058015652074
27358440644018923058015652074
27358445204044880740037888988
27358446626018425054016497362
27358449080018425054016497362
27358451425026147268022414378
27358454629021632137018187938
27358455544020729110017342650
27358455633017987124015652074
27358458071017522028015652074
27358458179025244242021569090
27358459450013315313010402881
27358459809019826083016497361
27358470306017141835014806785
27358472651018471544015229429
27358473178027050294023259666
27358997649015526390013784034
27359137600023438189019878514
27359177513016619001014806785
27359184668012716005011999923
27359414108027050294023259666
27360447222018080806016175125
27361216607033620934029410188
27361221791017141835014806785
27361366293029759374025795531
27361366323022940185020723802
27362283413026147268022414378
27362980823016619001014806785
27363922568018425053016497361
27363922762021632137018187938
27365174089027050294023259666
27365176367026147268022414378
27365176693017987124015652074
27365176898020522988018187938
27365180364022535163019033226
27365184440026147268022414378
27365188020021632137018187938
27365191544020231107018187938
27365191862025244242021569090
27365745256020729110017342650
27365906950020729110017342650
27366388171026147268022414378
27366389909027050294023259666
27366390281016619001014806785
27366390303017522028015652074
27366391857016429415014629321
27366400112017522028015652074
27366401143026147268022414378
27366404126017141835014806785
27366407613020231107018187938
27366410657027953320024104954
27366417198018235468016319898
27366418127018425054016497362
27366418380016586094015652074
27366425328018923058015652074
27367133894022535163019033226
27367135633018923058015652074
27367137113034854470031126684
27367390943026147268022414378
27368788940017522028015652074
27369286930024749428022414378
27369287112016586094015652074
27369945659033620934029410188
27369947309021632137018187938
27369947880031052780027568068
27371029287017141835014806785
27371032075017522028015652074
27371193249016619001014806785
27371289289021134133019033226
27371291798021368276019033226
27371294622021632137018187938
27371294754018020031014806785
27371295718016665491013538853
27371296129019138494017165186
27371302862022535163019033226
27371310393021632137018187938
27371316227026147268022414378
27371316243022535163019033226
27371316286026147268022414378
27371316944019826083016497361
27373132727018020031014806785
27374104549016024392012938745
27374105189023438189019878514
27374108935018923058015652074
27374119228017522028015652074
27374119295017141835014806785
27374414807026147268022414378
27374419426020231107018187938
27374419493025244242021569090
27374423121023889702020301158
27374443122017522028015652074
27374443904019826083016497361
27375096647018425054016497362
27375099344022535163019033226
27375099654018923058015652074
27375100598016619001014806785
27375294104015063641012938745
27375300961018923058015652074
27375301348013268823011670813
27375329749017141835014806785
27376521864019826083016497361
27376526874018471544015229429
27376536195018923058015652074
27377110566018020031014806785
27377343919016619001014806785
27377353574013909922012270921
27377361976013268823011670813
27377508276022488672020301158
27379543001014623362012938745
27379843129022573162021569090
27380527133039088982034528617
27380985077018923058015652074
27381122757025244242021569090
27381133465018425053016497361
27381134127018425053016497361
27381137282018923058015652074
27381138777020231107018187938
27381141646018020031014806785
27381144106022488672020301158
27381759151016927420013784034
27381859318026147268022414378
27383252453017141835014806785
27383543660021847573019701050
27383674854018020031014806785
27383686658018020031014806785
27383706764019826083016497361
27384840200034044423027745530
27384851652022037159019878514
27384852179018020031014806785
27385561607025244242021569090
27385574016018020031014806785
27385592723023843212021569090
27386389840020231107018187938
27386412834018923058015652074
27386413385025244242021569090
27387175003044557032039647047
27387185831036301155034507836
27387213282018020031014806785
27387214556020522988018187938
27387829186036320940033249010
27388338976020729110017342650
27389223838033620934029410188
27394493495017830445014629321
27394523866016619001014806785
27395811385025244242021569090
27397938692018020031014806785
27397946903018425053016497361
27397948477015873903013538853
27411246871018020031014806785
27430733376026147268022414378
27432241349006816120005726430